NIVEL,DESCAGENTE,CUIT_CUIL,NRO_DOCUMENTO,HAB_C_AP,HAB_S_AP,ASIG_FAM,TOT_HAB,RETENCIONES,DESCUENTOS,LIQUIDO,CARGA_PATRONAL,BRUTO_LEY7991,PENSION_229_92,LIQUIDO_LEY7991,COSTO_LABORAL_01,COSTO_LABORAL_02,SUELDO_MANO,SUELDO,MONTO_ANTIGUEDAD,FUNCION_JERARQUICA,PORC_FUNC,LIB_003_30,LIB_003_31,LIB_003_32,LIB_003_33,LIB_003_34,LIB_003_35,LIB_003_36,LIB_003_37,LIB_003_38,LIB_003_39,LIB_003_40,GC_003_41,LIB_003_42,LIB_003_43,LIB_003_44,LIB_003_45,LIB_003_46,LIB_003_47,LIB_003_48,GC_003_49,LIB_003_50,LIB_003_51,LIB_003_52,LIB_003_55,LIB_003_56,GC_003_57,LIB_003_58,LIB_003_59,LIB_003_60,GC_003_65,GC_003_66,GC_003_67,GC_003_68,LIB_003_70,LIB_003_71,GC_003_72,GC_003_73,LIB_003_74,LIB_003_75,GC_003_76,GC_003_77,GC_003_78,GC_003_79,LIB_003_80,GC_003_81,LIB_003_82,LIB_003_83,LIB_003_84,GC_003_85,GC_003_86,Esc_Horizontal,Grado_Esc_Horizontal,AP_SOCIAL_S_APORTE,AP_SOCIAL_C_APORTE,AY_SOCIAL_090_10,AY_SOCIAL_090_13,DGI_171_02,DGI_171_50,DESC_GANANCIA,INASISTENCIA_GANANCIA,DIAS_INASIST,D_TRAB,ANTIGUEDAD,_007_20_ZONA_DESFABORABLE,_021_00_ACTIVIDAD_CRITICA,Dif_Zona,_007_23_ZonaDesfavorable,_007_24_ZonaDesfavorable,MALA_PRAXI,BLOQUEO_TITULO,TITULO_POSPRIMARIO,TITULO_SECUNDARIO,TITULO_TERCIARIO,TITULO_UNI_4_ANO,TITULO_UNI_5_ANO,TITULO_UNI_3_ANO,COMP_MINIMA_099_65,IncrementoMinimo_099_75,DifCompensatoria_099_26,VI_000_03,Presentismo,TKT150,DCTO1782_099_20,DCTO1782_099_21,ATE_114,UPCN,MUTPROV,ATSA,SUMAR,AME,AMEN,ATE_448,SITAS,ESP_MEDICA,RETRO_ESP_MEDICA,ACTA_SALARIAL_MARZO_2013,SEGUROS_MALAS_PRAXISS,SEGURO_MALA_PRAXIS_MEDICO,RESPONSABILIDAD_SANITARIA,FAMILIAR_DISCAPACITADO_AL_50,FAMILIAR_DISCAPACITADO_AL_100,FAMILIAR_DISCAPACITADO_AL_50RETRO,FAMILIAR_DISCAPACITADO_AL_100RETRO,ENTIERRO_Y_LUTO,RETENCION_SUELDO,RETENCION_1700,DIF_SAC_000_29,O_147_00,O_147_01,O_147_02,O_148_00,O_148_01,O_148_02,ApJubPer,ObSocPer,O_170_01,O_170_02,O_170_04,O_170_10,O_170_12,O_170_13,O_170_14,O_170_15,O_170_16,O_170_17,O_170_18,O_170_20,O_170_21,O_170_22,O_170_24,O_170_25,O_170_26,O_170_27,O_170_28,O_170_29,O_170_50,ApJubPatronal,ApJubPatronal_17,ObSocPatronal,Art_Patronal,DescCajaPopular,SegColectivo,AdicSegColectivo_00,AdicSegColectivo_01,AdicSegColectivo_06,RespSantMedica,RecGastoCap,SITRAS,DctNac561,Dto6_1CG,Dto6_1CG_CAP,Dto620_03_1800,Dto620_03_1800_CAP,AportePersonalCargoProv,_092_03_Dto_26_3_2021ME,_092_04_Dto_26_3_2021ME,_092_05_ActRiesgo,_092_12_DifPerEnf,_092_13_DtoSanidadSAp,SubNivel_092_13,_092_14_DtoSanidadCAp,SubNivel_092_14,_090_40_ApPersACargoProv,_092_17GuardiaActivaSAp,_092_15_Art1,_092_16_Art1,_092_25,_900_15,PLANTASS,PLANTA,ORGANISMO,FUNCION,AGRUPAMIENTO,PERIODO_IMPUTADO,PERIODO_LIQUIDADO,NUMERO_CARGO,FECHA_NACIMIENTO,FECHA_ALTA_CARGO,INST_LEGAL_ALTA,OB_ALTA,FECHA_BAJA_CARGO,INST_LEGAL_BAJA,OB_BAJA,NUMERO_LEGAJO,NRO_REC,AREA,SEXO,FECHA_CARGO_PRINCIPAL,FECHA_ALTA_TITULO,TIT_EDUCATIVO,AREA_TEMATICA,DURACION,NUMERO_LIQ,ESTADO_LIQUIDACION,Area2,tt_100_51_FD,Obs_tt_100_51_FD,tt_100_52_FD,Obs_tt_100_52_FD,tt_100_53_FD,Obs_tt_100_53_FD,tt_100_54_FD,Obs_tt_100_54_FD,tt_100_55_FD,Obs_tt_100_55_FD,tt_100_56_FD,Obs_tt_100_56_FD,tt_100_57_FD,Obs_tt_100_57_FD,tt_100_58_FD,Obs_tt_100_58_FD,GC_003_89,GC_003_90,GC_003_87,GC_003_88,LIB_003_91,LIB_003_92,LIB_003_93,LIB_003_94,LIB_003_95,LIB_031_65,LIB_031_66,GC_031_72,GC_031_73,GC_031_76,GC_031_77,GC_031_80,GC_031_81,GC_031_85,GC_031_86,GC_031_87,GC_031_88,GC_031_89,GC_031_90,LIB_003_96,LIB_031_96,LIB_032_91,LIB_032_92,LIB_032_93,DifEscalafon_092_26,DifEnferia_092_18,DifBasicoNivelA_000_31,ProgFortRetTalentoSAp_092_21,ProgFortRetTalentoCAp_092_22,Dto2150IncArt1SAp_092_30,Dto2150IncArt1SAp_092_31,_091_27ResNacionales,_tt_099_30,_tt_099_81,_tt_092_27,Nivel_Ley,_tt_Svuelo_090_51,ESTADO_RECIBO,LIB_003_61,LIB_003_62,LIB_003_63,LIB_003_64,Dto_2987_3_ME_Art8CAp,AjusteBecaNac,DiferenciaFuncionJerarquica,Dedicacion_Exclusiva,Compen_DIPOS,Retencion_Sueldo_16,LIB_031_34,LIB_031_84,LIB_031_50,LIB_031_60,LIB_031_59,LIB_031_37,LIB_031_36,LIB_031_33,LIB_031_38,LIB_031_39,LIB_031_42,LIB_031_43,LIB_031_44,LIB_031_45,LIB_031_46,LIB_031_47,LIB_031_61,LIB_031_62,LIB_031_63,LIB_031_64,LIB_031_70,Pension_229T73,Pension_229T74,LIB_031_40,LIB_031_41,GC_032_80,GC_032_81,LIB_B32_80,LIB_B32_81,GC_031_48,LIB_031_49,LIB_032_48,LIB_032_49,Esp_10Porc,Esp_20Porc,Esp_40Porc,LIB_031_57,LIB_031_58,LIB_031_54,LIB_032_55,ttp_092_33,ttp_092_34,LIB_031_53,LIB_032_94,LIB_SC1_25,LIB_SC2_25,LIB_032_95,LIB_032_34,LIB_033_34,LIB_D31_48,LIB_N31_48,LIB_D31_49,LIB_N31_49,LIB_D32_94,LIB_N32_94,LIB_COB_85,LIB_COB_86,ZONA_007_27,ZONA_007R02,ZONA_007R03,ZONA_007R04,ZONA_007_28,AP100_090_54,ActRiesgo_092_06,LIB_003_97,LIB_003_99,LIB_031_97,LIB_031_99,LIB_003F66,LIB_003F73,LIB_003F86,LIB_COBF86,LIB_032F55
NIVEL a1.                                          ,BUSTOS JOSE LUIS        ,20202851410,20285141,"4,367,871.25","421,737.82","47,200.00","4,836,809.07","-714,855.74","-65,546.39","4,056,406.94","755,889.34",0.00,0.00,0.00,"5,592,698.41","5,592,698.41","4,056,406.94","299,539.77","42,602.35","136,936.07",45.00,0.00,0.00,0.00,0.00,"652,903.40",0.00,0.00,0.00,0.00,0.00,0.00,0.00,0.00,0.00,0.00,0.00,0.00,0.00,0.00,0.00,0.00,0.00,0.00,0.00,0.00,0.00,0.00,0.00,0.00,0.00,0.00,0.00,0.00,0.00,0.00,0.00,0.00,0.00,0.00,0.00,0.00,0.00,0.00,0.00,0.00,0.00,0.00,0.00,0.00,0.00,"45,645.36",GRADO  II            ,0.00,"191,539.07",0.00,0.00,0.00,"46,850.39","83,696.00",0.00,0.00,30.00,7.00,0.00,0.00,0.00,0.00,0.00,0.00,0.00,0.00,0.00,0.00,0.00,"152,151.19",0.00,0.00,0.00,0.00,0.00,"16,023.88",0.00,0.00,"10,472.12",0.00,0.00,0.00,0.00,0.00,0.00,0.00,0.00,0.00,0.00,0.00,0.00,0.00,0.00,"60,860.48",0.00,0.00,0.00,0.00,0.00,0.00,0.00,0.00,"6,000.00",0.00,0.00,900.00,0.00,0.00,"408,525.51","241,330.23",0.00,0.00,0.00,0.00,0.00,0.00,0.00,0.00,"65,000.00",0.00,0.00,0.00,0.00,0.00,0.00,0.00,0.00,0.00,0.00,0.00,0.00,"444,212.51",0.00,"167,173.55","144,503.28",0.00,"9,564.00","2,232.00",0.00,0.00,0.00,"10,169.29",0.00,0.00,0.00,0.00,0.00,0.00,0.00,0.00,0.00,0.00,0.00,0.00,0.00,"100,950.46","NIVEL a1,            ","408,525.51",0.00,0.00,0.00,0.00,0.00,2,Permanente Interino,DIRECCION DE AERONAUTICA                                                                                                                              ,JEFE DE DIVISION GESTION Y LOGISTICA - NIVEL A1,No Asistenciales,01/03/2026,01/03/2026,2,19/04/1969,01/10/2025,1498/SEAC/2025,NULL,NULL,NULL,NULL,20255141,28,PERSONAL DE PLANTA AERONAUTICA,M     ,01/10/2025,22/11/2023,PROFESOR DE EDUCACION FISICA                                                                        ,UNIVERSITARIO                 ,Universitario 5 años          ,1286536,DE    ,A27,0.00,0.00,0.00,0.00,0.00,0.00,0.00,0.00,0.00,0.00,0.00,0.00,0.00,0.00,0.00,0.00,0.00,0.00,0.00,0.00,0.00,0.00,0.00,0.00,0.00,0.00,0.00,0.00,0.00,0.00,0.00,0.00,0.00,0.00,0.00,0.00,0.00,0.00,0.00,0.00,0.00,0.00,0.00,0.00,"3,043.02",0.00,"4,762.61",0.00,"304,302.38",0.00,"43,388.98",0.00,0.00,0.00,0.00,SinDatos,0.00,RECIBO OK,0.00,0.00,0.00,0.00,0.00,0.00,0.00,0.00,0.00,0.00,0.00,0.00,0.00,0.00,0.00,0.00,0.00,0.00,0.00,0.00,0.00,0.00,0.00,0.00,0.00,0.00,0.00,0.00,0.00,0.00,0.00,0.00,0.00,0.00,0.00,0.00,0.00,0.00,0.00,0.00,0.00,0.00,0.00,0.00,0.00,0.00,0.00,0.00,0.00,0.00,0.00,"169,488.23",0.00,0.00,0.00,0.00,0.00,"168,113.75",0.00,0.00,0.00,0.00,0.00,0.00,0.00,0.00,0.00,0.00,0.00,0.00,0.00,0.00,0.00,"152,151.19",0.00,0.00,0.00,0.00,0.00,0.00,0.00,0.00,0.00
NIVEL b2.                                          ,CORNEJO RAFAEL NERI  ,20254569276,25456927,"596,596.88","2,821,109.36","47,200.00","3,464,906.24","-254,972.52","-20,064.00","3,189,869.72","194,414.50","118,251.39",0.00,"118,251.39","3,777,572.13","3,777,572.13","3,308,121.11","248,690.65","144,240.63",0.00,0.00,0.00,0.00,0.00,0.00,0.00,0.00,0.00,0.00,0.00,0.00,0.00,0.00,0.00,0.00,0.00,0.00,0.00,0.00,0.00,0.00,0.00,0.00,0.00,0.00,0.00,0.00,0.00,0.00,0.00,0.00,0.00,0.00,0.00,0.00,0.00,0.00,0.00,0.00,0.00,0.00,0.00,0.00,0.00,0.00,0.00,0.00,0.00,0.00,0.00,0.00,"177,417.28",GRADO  VII          ,"259,882.01",0.00,0.00,0.00,0.00,0.00,"182,564.00",0.00,0.00,30.00,29.00,0.00,0.00,0.00,0.00,0.00,0.00,0.00,0.00,0.00,0.00,"99,476.26",0.00,0.00,0.00,0.00,0.00,0.00,"16,023.88",0.00,"6,601.88",0.00,0.00,0.00,0.00,0.00,0.00,0.00,0.00,0.00,0.00,0.00,0.00,0.00,0.00,0.00,"50,690.65",0.00,0.00,0.00,0.00,0.00,0.00,0.00,0.00,"6,000.00","3,600.00",0.00,900.00,0.00,0.00,"65,625.66","26,846.86","65,000.00",0.00,0.00,0.00,0.00,0.00,0.00,0.00,"65,000.00","32,500.00",0.00,0.00,0.00,0.00,0.00,0.00,0.00,0.00,0.00,0.00,0.00,"60,673.90",0.00,"26,846.86","106,893.74",0.00,"9,564.00",0.00,0.00,0.00,0.00,0.00,0.00,0.00,0.00,0.00,0.00,0.00,0.00,0.00,0.00,"124,345.32",0.00,"96,677.42","NIVEL b2,            ",0.00,0.00,0.00,0.00,0.00,0.00,0.00,0.00,2,Permanente Interino,DIRECCION DE AERONAUTICA                                                                                                                              ,PILOTO-Niv B2                                  ,No Asistenciales,01/03/2026,01/03/2026,2,17/09/1976,01/01/2026,1503/SPS/2025,PASE A PLANTA INTERINA.-                                                                                                                                                                                ,NULL,NULL,NULL,25456927,22,PERSONAL DE PLANTA AERONAUTICA,M     ,01/01/2026,16/11/2023,LICENCIADO EN ADMINISTRACION,CONTABLE                      ,Universitario 4 años          ,1286536,DE    ,A27,0.00,0.00,0.00,0.00,0.00,0.00,0.00,0.00,0.00,0.00,0.00,0.00,0.00,0.00,0.00,0.00,0.00,0.00,0.00,0.00,0.00,0.00,0.00,0.00,0.00,0.00,0.00,0.00,0.00,0.00,0.00,0.00,0.00,0.00,0.00,0.00,0.00,0.00,0.00,0.00,0.00,0.00,0.00,0.00,"15,207.20",0.00,0.00,"248,690.65",0.00,"30,677.36",0.00,0.00,0.00,0.00,"53,499.33",SinDatos,0.00,RECIBO OK,0.00,0.00,0.00,0.00,0.00,0.00,0.00,0.00,0.00,0.00,0.00,0.00,0.00,0.00,0.00,0.00,0.00,0.00,0.00,0.00,0.00,0.00,0.00,0.00,0.00,0.00,0.00,0.00,0.00,0.00,0.00,0.00,0.00,0.00,0.00,0.00,0.00,0.00,0.00,0.00,0.00,0.00,0.00,0.00,0.00,0.00,0.00,0.00,0.00,0.00,"169,488.23",0.00,0.00,0.00,0.00,0.00,0.00,0.00,0.00,0.00,0.00,0.00,0.00,0.00,0.00,0.00,0.00,0.00,0.00,0.00,0.00,0.00,0.00,0.00,0.00,0.00,0.00,0.00,0.00,0.00,0.00,0.00,0.00
NIVEL d                                                     ,CUELLO GUSTAVO ALEJANDRO,20258439717,25843971,"229,792.07","2,467,786.06",0.00,"2,697,578.13","-100,617.77","-16,464.00","2,580,496.36","116,819.26","45,547.05",0.00,"45,547.05","2,859,944.44","2,859,944.44","2,626,043.41","177,811.68","17,781.17",0.00,0.00,0.00,0.00,0.00,0.00,0.00,0.00,0.00,0.00,0.00,0.00,0.00,0.00,0.00,0.00,0.00,0.00,0.00,0.00,0.00,0.00,0.00,0.00,0.00,0.00,0.00,0.00,0.00,0.00,0.00,0.00,0.00,0.00,0.00,0.00,0.00,0.00,0.00,0.00,0.00,0.00,0.00,0.00,0.00,0.00,0.00,0.00,0.00,0.00,0.00,0.00,0.00,0.00,"129,532.41",0.00,0.00,0.00,0.00,0.00,"81,464.00",0.00,0.00,30.00,5.00,0.00,0.00,0.00,0.00,0.00,0.00,0.00,0.00,"35,562.33",0.00,0.00,0.00,0.00,0.00,0.00,0.00,0.00,"16,023.88",0.00,"5,332.88",0.00,0.00,0.00,0.00,0.00,0.00,0.00,0.00,0.00,0.00,0.00,0.00,0.00,0.00,0.00,"36,514.85",0.00,0.00,0.00,0.00,0.00,0.00,0.00,0.00,"6,000.00",0.00,0.00,900.00,0.00,0.00,"25,277.13","10,340.64",0.00,0.00,0.00,0.00,0.00,0.00,0.00,0.00,"65,000.00",0.00,0.00,0.00,0.00,0.00,0.00,0.00,0.00,0.00,0.00,0.00,0.00,"23,369.85",0.00,"10,340.64","83,108.77",0.00,"9,564.00",0.00,0.00,0.00,0.00,0.00,0.00,0.00,0.00,0.00,0.00,0.00,0.00,0.00,0.00,"88,905.84",0.00,"96,677.42",NIVEL d                ,0.00,0.00,0.00,0.00,0.00,0.00,0.00,0.00,1,Permanente Titular,DIRECCION DE AERONAUTICA                                                                                                                              ,PILOTO - NIVEL d                            ,No Asistenciales,01/03/2026,01/03/2026,2,30/05/1977,16/09/2024,1709/SEAC 09/24,POR RES. N°1709/SEAC DEL 06/09/24  PASA A CUMPLIR FUNCIONES DE PILOTO A PARTIR DEL DIA SIG AL DE NOTIF. (NOTIF 15/09/24).-                                                                              ,NULL,NULL,NULL,25843971,2,PERSONAL DE PLANTA AERONAUTICA,M     ,01/09/2024,23/11/2023,BACHILLER,SECUNDARIO                    ,Secundario                    ,1286536,DE    ,A27,0.00,0.00,0.00,0.00,0.00,0.00,0.00,0.00,0.00,0.00,0.00,0.00,0.00,0.00,0.00,0.00,0.00,0.00,0.00,0.00,0.00,0.00,0.00,0.00,0.00,0.00,0.00,0.00,0.00,0.00,0.00,0.00,0.00,0.00,0.00,0.00,0.00,0.00,0.00,0.00,0.00,0.00,0.00,0.00,"1,825.74",0.00,0.00,"177,811.68",0.00,"22,202.96",0.00,0.00,0.00,0.00,"111,272.70",SinDatos,0.00,RECIBO OK,0.00,0.00,0.00,0.00,0.00,0.00,0.00,0.00,0.00,0.00,0.00,0.00,0.00,0.00,0.00,0.00,0.00,0.00,0.00,0.00,0.00,0.00,0.00,0.00,0.00,0.00,0.00,0.00,0.00,0.00,0.00,0.00,0.00,0.00,0.00,0.00,0.00,0.00,0.00,0.00,0.00,0.00,0.00,0.00,0.00,0.00,0.00,0.00,0.00,0.00,"169,488.23",0.00,0.00,0.00,0.00,0.00,0.00,0.00,0.00,0.00,0.00,0.00,0.00,0.00,0.00,0.00,0.00,0.00,0.00,0.00,0.00,0.00,0.00,0.00,0.00,0.00,0.00,0.00,0.00,0.00,0.00,0.00,0.00
NIVEL d                                                     ,CUEVAS CARLOS MAURICIO,20267832421,26783242,"300,082.57","1,078,157.52",0.00,"1,378,240.09","-95,262.80","-16,464.00","1,266,513.29","87,968.71","59,479.32",0.00,"59,479.32","1,525,688.12","1,525,688.12","1,325,992.61","177,811.68","49,787.28",0.00,0.00,0.00,0.00,0.00,0.00,0.00,0.00,0.00,0.00,0.00,0.00,0.00,0.00,0.00,0.00,0.00,0.00,0.00,0.00,0.00,0.00,0.00,0.00,0.00,0.00,0.00,0.00,0.00,0.00,0.00,0.00,0.00,0.00,0.00,0.00,0.00,0.00,0.00,0.00,0.00,0.00,0.00,0.00,0.00,0.00,0.00,0.00,0.00,0.00,0.00,0.00,"54,772.28",GRADO  III          ,"119,133.96",0.00,0.00,0.00,0.00,0.00,"65,214.00",0.00,0.00,30.00,14.00,0.00,0.00,0.00,0.00,0.00,0.00,0.00,0.00,"35,562.33",0.00,0.00,0.00,0.00,0.00,0.00,0.00,0.00,"16,023.88",0.00,"5,332.88",0.00,0.00,0.00,0.00,0.00,0.00,0.00,0.00,0.00,0.00,0.00,0.00,0.00,0.00,0.00,"36,514.85",0.00,0.00,0.00,0.00,0.00,0.00,0.00,0.00,"6,000.00",0.00,0.00,900.00,0.00,0.00,"33,009.08","13,503.72",0.00,0.00,0.00,0.00,0.00,0.00,0.00,0.00,"48,750.00",0.00,0.00,0.00,0.00,0.00,0.00,0.00,0.00,0.00,0.00,0.00,0.00,"30,518.40",0.00,"13,503.72","43,946.59",0.00,"9,564.00",0.00,0.00,0.00,0.00,0.00,0.00,0.00,0.00,0.00,0.00,0.00,0.00,0.00,0.00,"88,905.84",0.00,"96,677.42",NIVEL d                ,0.00,0.00,0.00,0.00,0.00,0.00,0.00,0.00,1,Permanente Titular,DIRECCION DE AERONAUTICA                                                                                                                              ,DESPACHANTE DE AERONAVES - NIVEL d,No Asistenciales,01/03/2026,01/03/2026,2,11/10/1978,01/12/2024,2053/SEAC-2024,2053/SEAC-07/11/2024 - CAMBIO DE FUNCION A DESPACHANTE DE AERONAVES                                                                                                                                     ,NULL,NULL,NULL,26783242,9,PERSONAL DE PLANTA AERONAUTICA,M     ,01/12/2024,24/11/2023,BACHILLER,SECUNDARIO                    ,Secundario                    ,1286536,DE    ,A27,0.00,0.00,0.00,0.00,0.00,0.00,0.00,0.00,0.00,0.00,0.00,0.00,0.00,0.00,0.00,0.00,0.00,0.00,0.00,0.00,0.00,0.00,0.00,0.00,0.00,0.00,0.00,0.00,0.00,0.00,0.00,0.00,0.00,0.00,0.00,0.00,0.00,0.00,0.00,0.00,0.00,0.00,0.00,0.00,"3,651.49",0.00,0.00,"177,811.68",0.00,"22,202.96",0.00,0.00,0.00,0.00,"111,272.70",SinDatos,0.00,RECIBO OK,0.00,0.00,0.00,0.00,0.00,0.00,0.00,0.00,0.00,0.00,0.00,0.00,0.00,0.00,0.00,0.00,0.00,0.00,0.00,0.00,0.00,0.00,0.00,0.00,0.00,0.00,0.00,0.00,0.00,0.00,0.00,0.00,0.00,0.00,0.00,0.00,0.00,0.00,0.00,0.00,0.00,0.00,0.00,0.00,0.00,0.00,0.00,0.00,0.00,0.00,"169,488.23",0.00,0.00,0.00,0.00,0.00,0.00,0.00,0.00,0.00,0.00,0.00,0.00,0.00,0.00,0.00,0.00,0.00,0.00,0.00,0.00,0.00,0.00,0.00,0.00,0.00,0.00,0.00,0.00,0.00,0.00,0.00,0.00
NIVEL d                                                     ,DIAZ POSLEMAN WALTER SANTOS,20362246548,36224654,"291,440.92","1,386,491.58","241,280.00","1,919,212.50","-93,923.34","-23,750.02","1,801,539.14","95,640.36","57,766.46",0.00,"57,766.46","2,072,619.32","2,072,619.32","1,859,305.60","177,811.68","39,118.58",0.00,0.00,0.00,0.00,0.00,0.00,0.00,0.00,0.00,0.00,0.00,0.00,0.00,0.00,0.00,0.00,0.00,0.00,0.00,0.00,0.00,0.00,0.00,0.00,0.00,0.00,0.00,0.00,0.00,0.00,0.00,0.00,0.00,0.00,0.00,0.00,0.00,0.00,0.00,0.00,0.00,0.00,0.00,0.00,0.00,0.00,0.00,0.00,0.00,0.00,0.00,0.00,"54,772.28",GRADO  III          ,"119,133.96",0.00,0.00,0.00,0.00,0.00,"65,214.00",0.00,0.00,30.00,11.00,0.00,0.00,0.00,0.00,0.00,0.00,0.00,0.00,"35,562.33",0.00,0.00,0.00,0.00,0.00,0.00,0.00,0.00,"16,023.88",0.00,"5,332.88",0.00,0.00,0.00,0.00,"7,286.02",0.00,0.00,0.00,0.00,0.00,0.00,0.00,0.00,0.00,0.00,"36,514.85",0.00,0.00,0.00,0.00,0.00,0.00,0.00,0.00,"6,000.00",0.00,0.00,900.00,0.00,0.00,"32,058.50","13,114.84",0.00,0.00,0.00,0.00,0.00,0.00,0.00,0.00,"48,750.00",0.00,0.00,0.00,0.00,0.00,0.00,0.00,0.00,0.00,0.00,0.00,0.00,"29,639.54",0.00,"13,114.84","52,885.98",0.00,"9,564.00",0.00,0.00,0.00,0.00,0.00,0.00,0.00,0.00,0.00,0.00,0.00,0.00,0.00,0.00,"88,905.84",0.00,"96,677.42",NIVEL d                ,0.00,0.00,0.00,0.00,0.00,0.00,0.00,0.00,2,Permanente Interino,DIRECCION DE AERONAUTICA                                                                                                                              ,ADMINISTRATIVO - NIVEL d,No Asistenciales,01/03/2026,01/03/2026,3,03/09/1991,01/05/2024,639/SEAC/2024,NULL,NULL,NULL,NULL,36224654,6,PERSONAL DE PLANTA AERONAUTICA,M     ,01/05/2024,01/06/2014,BACHILLER,SECUNDARIO                    ,Secundario                    ,1286536,DE    ,A27,0.00,0.00,0.00,0.00,0.00,0.00,0.00,0.00,0.00,0.00,0.00,0.00,0.00,0.00,0.00,0.00,0.00,0.00,0.00,0.00,0.00,0.00,0.00,0.00,0.00,0.00,0.00,0.00,0.00,0.00,0.00,0.00,0.00,0.00,0.00,0.00,0.00,0.00,0.00,0.00,0.00,0.00,0.00,0.00,"3,651.49",0.00,0.00,"177,811.68",0.00,"23,883.31",0.00,0.00,0.00,"98,670.72","111,272.70",SinDatos,0.00,RECIBO OK,0.00,0.00,0.00,0.00,0.00,0.00,0.00,0.00,0.00,0.00,0.00,0.00,0.00,0.00,"491,663.35",0.00,0.00,0.00,0.00,0.00,0.00,0.00,0.00,0.00,0.00,0.00,0.00,0.00,0.00,0.00,0.00,0.00,0.00,0.00,0.00,0.00,0.00,0.00,0.00,0.00,0.00,0.00,0.00,0.00,0.00,0.00,0.00,0.00,0.00,0.00,"169,488.23",0.00,0.00,0.00,0.00,0.00,0.00,0.00,0.00,0.00,0.00,0.00,0.00,0.00,0.00,0.00,0.00,0.00,0.00,0.00,0.00,0.00,0.00,0.00,0.00,0.00,0.00,0.00,0.00,0.00,0.00,0.00,0.00
NIVEL a2.                                          ,ESBER RODOLFO ELIAS  ,20184785006,18478500,"3,038,583.75","296,619.26","41,600.00","3,376,803.01","-486,719.45","-16,464.00","2,873,619.56","507,457.14",0.00,0.00,0.00,"3,884,260.15","3,884,260.15","2,873,619.56","305,094.71","80,562.95","185,914.39",60.00,0.00,0.00,0.00,0.00,"870,537.86",0.00,0.00,0.00,0.00,0.00,0.00,0.00,0.00,0.00,0.00,0.00,0.00,0.00,0.00,0.00,0.00,0.00,0.00,0.00,0.00,0.00,0.00,0.00,0.00,0.00,0.00,0.00,0.00,0.00,0.00,0.00,0.00,0.00,0.00,0.00,0.00,0.00,0.00,0.00,0.00,0.00,0.00,0.00,0.00,0.00,"92,957.20",GRADO  III          ,0.00,"241,099.45",0.00,0.00,0.00,0.00,"81,464.00",0.00,0.00,30.00,13.00,0.00,0.00,0.00,0.00,0.00,0.00,0.00,0.00,0.00,0.00,0.00,"154,928.66",0.00,0.00,0.00,0.00,0.00,"16,023.88",0.00,0.00,"10,472.12",0.00,0.00,0.00,0.00,0.00,0.00,0.00,0.00,0.00,0.00,0.00,0.00,0.00,0.00,"61,971.46",0.00,0.00,0.00,0.00,0.00,0.00,0.00,0.00,"6,000.00",0.00,0.00,900.00,0.00,0.00,"334,244.21","87,475.24",0.00,0.00,0.00,0.00,0.00,0.00,0.00,0.00,"65,000.00",0.00,0.00,0.00,0.00,0.00,0.00,0.00,0.00,0.00,0.00,0.00,0.00,"309,023.97",0.00,"97,562.07","100,871.10",0.00,"9,564.00",0.00,0.00,0.00,0.00,"10,169.29",0.00,0.00,0.00,0.00,0.00,0.00,0.00,0.00,0.00,0.00,0.00,0.00,0.00,"102,552.84",A2                          ,"280,252.82",0.00,0.00,0.00,0.00,0.00,2,Permanente Interino,DIRECCION DE AERONAUTICA                                                                                                                              ,JEFE DPTO SERV. ADMIN. FINANCIERO-Niv A2,No Asistenciales,01/03/2026,01/03/2026,19,08/12/1967,01/02/2025,61/SEAC-25,POR RES. N°61/SEAC-25 ASIGNAR LAS FUNCIONES DE JEFE DPTO SERV. ADMIN. FINANCIERO A PARTIR DEL DIA SIG. AL DE NOTIF.(NOTIF 22/01/25).                                                                    ,NULL,NULL,NULL,18478500,13,PERSONAL DE PLANTA AERONAUTICA,M     ,01/02/2025,08/11/2012,CONTADOR PUBLICO NACIONAL,CONTABLE                      ,Universitario 5 años          ,1286536,DE    ,A27,0.00,0.00,0.00,0.00,0.00,0.00,0.00,0.00,0.00,0.00,0.00,0.00,0.00,0.00,0.00,0.00,0.00,0.00,0.00,0.00,0.00,0.00,0.00,0.00,0.00,0.00,0.00,0.00,0.00,0.00,0.00,0.00,0.00,0.00,0.00,0.00,0.00,0.00,0.00,0.00,0.00,0.00,0.00,0.00,"6,197.15",0.00,"4,762.61",0.00,"309,857.32",0.00,"53,279.75",0.00,0.00,0.00,0.00,SinDatos,0.00,RECIBO OK,0.00,0.00,0.00,0.00,0.00,0.00,0.00,0.00,0.00,0.00,0.00,0.00,0.00,0.00,0.00,0.00,0.00,0.00,0.00,0.00,0.00,0.00,0.00,0.00,0.00,0.00,0.00,0.00,0.00,0.00,0.00,0.00,0.00,0.00,0.00,0.00,0.00,0.00,0.00,0.00,0.00,0.00,0.00,0.00,0.00,0.00,0.00,0.00,0.00,0.00,0.00,"169,488.23",0.00,0.00,0.00,0.00,0.00,"224,151.66",0.00,0.00,0.00,0.00,0.00,0.00,0.00,0.00,0.00,0.00,0.00,0.00,0.00,0.00,0.00,"154,928.66",0.00,0.00,0.00,0.00,0.00,0.00,0.00,0.00,0.00
NIVEL c                                                     ,GALVAN VICTOR ALEJANDRO,20364357436,36435743,"330,392.18","1,247,069.33","83,200.00","1,660,661.51","-99,960.79","-170,827.47","1,389,873.25","98,572.00","65,486.99","6,548.70","58,938.29","1,824,720.50","1,824,720.50","1,448,811.54","213,224.46","38,380.44",0.00,0.00,0.00,0.00,0.00,0.00,0.00,0.00,0.00,0.00,0.00,0.00,0.00,0.00,0.00,0.00,0.00,0.00,0.00,0.00,0.00,0.00,0.00,0.00,0.00,0.00,0.00,0.00,0.00,0.00,0.00,0.00,0.00,0.00,0.00,0.00,0.00,0.00,0.00,0.00,0.00,0.00,0.00,0.00,0.00,0.00,0.00,0.00,0.00,0.00,0.00,0.00,"32,698.06",GRADO  II            ,"162,050.77",0.00,0.00,0.00,0.00,0.00,"65,214.00",0.00,0.00,30.00,9.00,0.00,0.00,0.00,0.00,0.00,0.00,0.00,0.00,0.00,"63,967.33",0.00,0.00,0.00,0.00,0.00,0.00,0.00,"16,023.88",0.00,"6,601.88",0.00,0.00,0.00,0.00,"8,259.80",0.00,0.00,0.00,0.00,0.00,0.00,0.00,0.00,0.00,0.00,"43,597.41",0.00,0.00,0.00,0.00,0.00,0.00,0.00,0.00,"6,000.00",0.00,0.00,900.00,0.00,0.00,"36,343.14","14,867.65",0.00,0.00,0.00,0.00,0.00,0.00,0.00,0.00,"48,750.00",0.00,0.00,0.00,0.00,0.00,0.00,0.00,0.00,0.00,0.00,0.00,0.00,"33,600.88",0.00,"14,867.65","50,103.47",0.00,"9,564.00",0.00,0.00,0.00,0.00,0.00,0.00,0.00,0.00,0.00,0.00,0.00,0.00,0.00,0.00,"106,612.23",0.00,"96,677.42",NIVEL c                ,0.00,0.00,0.00,0.00,0.00,0.00,0.00,0.00,2,Permanente Interino,DIRECCION DE AERONAUTICA                                                                                                                              ,ADMINISTRATIVO - NIVEL c,No Asistenciales,01/03/2026,01/03/2026,2,30/11/1991,01/01/2026,1503/SPS/2025,PASE A PLANTA INTERINA.-                                                                                                                                                                                ,NULL,NULL,NULL,36435743,12,PERSONAL DE PLANTA AERONAUTICA,M     ,01/01/2026,01/11/2023,NIVEL TERCIARIO                                             ,TERCIARIO                     ,Terciario                     ,1286536,DE    ,A27,0.00,0.00,0.00,0.00,0.00,0.00,0.00,0.00,0.00,0.00,0.00,0.00,0.00,0.00,0.00,0.00,0.00,0.00,0.00,0.00,0.00,0.00,0.00,0.00,0.00,0.00,0.00,0.00,0.00,0.00,0.00,0.00,0.00,0.00,0.00,0.00,0.00,0.00,0.00,0.00,0.00,0.00,0.00,0.00,"2,179.87",0.00,0.00,"213,224.46",0.00,"28,304.53",0.00,0.00,0.00,0.00,"76,196.01",SinDatos,0.00,RECIBO OK,0.00,0.00,0.00,0.00,0.00,0.00,0.00,0.00,0.00,0.00,0.00,0.00,0.00,0.00,0.00,0.00,0.00,0.00,0.00,0.00,0.00,0.00,0.00,0.00,0.00,0.00,0.00,0.00,0.00,0.00,0.00,0.00,0.00,0.00,0.00,0.00,0.00,0.00,0.00,0.00,0.00,0.00,0.00,0.00,0.00,0.00,0.00,0.00,0.00,0.00,"169,488.23",0.00,0.00,0.00,0.00,0.00,0.00,0.00,0.00,0.00,0.00,0.00,0.00,0.00,0.00,0.00,0.00,0.00,0.00,0.00,0.00,0.00,0.00,0.00,0.00,0.00,0.00,0.00,0.00,0.00,0.00,0.00,0.00
NIVEL d                                                     ,HEREDIA VICTOR ANDRES,20203667370,20366737,"2,765,315.60","301,665.57",0.00,"3,066,981.17","-565,731.39","-16,464.00","2,484,785.78","498,496.25",0.00,0.00,0.00,"3,565,477.42","3,565,477.42","2,484,785.78","177,811.68","49,787.22",0.00,0.00,0.00,0.00,0.00,0.00,0.00,0.00,0.00,0.00,0.00,0.00,0.00,0.00,0.00,0.00,0.00,0.00,0.00,0.00,0.00,0.00,0.00,0.00,0.00,0.00,0.00,0.00,0.00,0.00,0.00,0.00,0.00,0.00,0.00,0.00,0.00,0.00,0.00,0.00,0.00,0.00,0.00,0.00,0.00,0.00,0.00,0.00,0.00,0.00,0.00,0.00,"54,772.29",GRADO  III          ,0.00,"119,133.96",0.00,0.00,0.00,0.00,"81,464.00",0.00,0.00,30.00,14.00,0.00,0.00,0.00,0.00,0.00,0.00,0.00,0.00,"35,562.34",0.00,0.00,0.00,0.00,0.00,0.00,0.00,0.00,"16,023.88",0.00,0.00,"6,962.34",0.00,0.00,0.00,0.00,0.00,0.00,0.00,0.00,0.00,0.00,0.00,0.00,0.00,0.00,"36,514.86",0.00,0.00,0.00,0.00,0.00,0.00,0.00,0.00,"6,000.00",0.00,0.00,900.00,0.00,0.00,"304,184.72","196,546.67",0.00,0.00,0.00,0.00,0.00,0.00,0.00,0.00,"65,000.00",0.00,0.00,0.00,0.00,0.00,0.00,0.00,0.00,0.00,0.00,0.00,0.00,"281,232.60",0.00,"124,439.20","92,824.45",0.00,"9,564.00",0.00,0.00,0.00,0.00,0.00,0.00,0.00,0.00,0.00,0.00,0.00,0.00,0.00,0.00,0.00,0.00,0.00,0.00,"96,677.42",NIVEL d                ,"298,014.08",0.00,0.00,0.00,0.00,0.00,2,Permanente Interino,DIRECCION DE AERONAUTICA                                                                                                                              ,PILOTO - NIVEL d                            ,No Asistenciales,01/03/2026,01/03/2026,1,17/06/1968,01/11/2023,.,NULL,NULL,NULL,NULL,20366737,24,PERSONAL DE PLANTA AERONAUTICA,M     ,01/11/2023,23/11/2023,PERITO MERCANTIL,SECUNDARIO                    ,Secundario                    ,1286536,DE    ,A27,0.00,0.00,0.00,0.00,0.00,0.00,0.00,0.00,0.00,0.00,0.00,0.00,0.00,0.00,0.00,0.00,0.00,0.00,0.00,0.00,0.00,0.00,0.00,0.00,0.00,0.00,0.00,0.00,0.00,0.00,0.00,0.00,0.00,0.00,0.00,0.00,0.00,0.00,0.00,0.00,0.00,0.00,0.00,0.00,"3,651.49",0.00,0.00,0.00,"177,811.68",0.00,"22,202.96",0.00,0.00,0.00,0.00,SinDatos,0.00,RECIBO OK,0.00,0.00,0.00,0.00,"111,272.70",0.00,0.00,0.00,0.00,0.00,0.00,0.00,0.00,0.00,0.00,0.00,0.00,0.00,0.00,0.00,0.00,0.00,0.00,0.00,0.00,0.00,0.00,0.00,0.00,0.00,0.00,0.00,0.00,0.00,0.00,0.00,0.00,0.00,0.00,0.00,0.00,0.00,0.00,0.00,0.00,0.00,0.00,0.00,0.00,0.00,0.00,"169,488.23",0.00,0.00,0.00,0.00,0.00,0.00,0.00,0.00,0.00,0.00,0.00,0.00,0.00,0.00,0.00,0.00,0.00,0.00,0.00,0.00,0.00,"88,905.84",0.00,0.00,0.00,0.00,0.00,0.00,0.00,0.00,0.00
NIVEL d                                                     ,HERRERA GUILLERMO ALEJANDRO,23377259939,37725993,"294,321.47","2,396,865.36",0.00,"2,691,186.83","-110,619.83","-16,464.00","2,564,103.00","126,477.70","58,337.41",0.00,"58,337.41","2,876,001.94","2,876,001.94","2,622,440.41","177,811.68","42,674.81",0.00,0.00,0.00,0.00,0.00,0.00,0.00,0.00,0.00,0.00,0.00,0.00,0.00,0.00,0.00,0.00,0.00,0.00,0.00,0.00,0.00,0.00,0.00,0.00,0.00,0.00,0.00,0.00,0.00,0.00,0.00,0.00,0.00,0.00,0.00,0.00,0.00,0.00,0.00,0.00,0.00,0.00,0.00,0.00,0.00,0.00,0.00,0.00,0.00,0.00,0.00,0.00,"54,772.28",GRADO  III          ,"119,133.96",0.00,0.00,0.00,0.00,0.00,"81,464.00",0.00,0.00,30.00,12.00,0.00,0.00,0.00,0.00,0.00,0.00,0.00,0.00,"35,562.33",0.00,0.00,0.00,0.00,0.00,0.00,0.00,0.00,"16,023.88",0.00,"5,332.88",0.00,0.00,0.00,0.00,0.00,0.00,0.00,0.00,0.00,0.00,0.00,0.00,0.00,0.00,0.00,"36,514.85",0.00,0.00,0.00,0.00,0.00,0.00,0.00,0.00,"6,000.00",0.00,0.00,900.00,0.00,0.00,"32,375.36","13,244.47",0.00,0.00,0.00,0.00,0.00,0.00,0.00,0.00,"65,000.00",0.00,0.00,0.00,0.00,0.00,0.00,0.00,0.00,0.00,0.00,0.00,0.00,"29,932.49",0.00,"13,244.47","83,300.74",0.00,"9,564.00",0.00,0.00,0.00,0.00,0.00,0.00,0.00,0.00,0.00,0.00,0.00,0.00,0.00,0.00,"88,905.84",0.00,"96,677.42",NIVEL d                ,0.00,0.00,0.00,0.00,0.00,0.00,0.00,0.00,2,Permanente Interino,DIRECCION DE AERONAUTICA                                                                                                                              ,PILOTO - NIVEL d                            ,No Asistenciales,01/03/2026,01/03/2026,2,04/12/1993,01/08/2024,1382/SEAC 07/24,POR RES. N°1382/SEAC DEL 22/07/2024 PASA A CUMPLIR FUNCIONES DE PILOTO# A PARTIR DEL DIA SIG AL DE NOTIF.(NOTIF 23/07/24).-                                                                             ,NULL,NULL,NULL,37725993,18,PERSONAL DE PLANTA AERONAUTICA,M     ,01/08/2024,24/11/2023,SECUNDARIO                                                  ,SECUNDARIO                    ,Secundario                    ,1286536,DE    ,A27,0.00,0.00,0.00,0.00,0.00,0.00,0.00,0.00,0.00,0.00,0.00,0.00,0.00,0.00,0.00,0.00,0.00,0.00,0.00,0.00,0.00,0.00,0.00,0.00,0.00,0.00,0.00,0.00,0.00,0.00,0.00,0.00,0.00,0.00,0.00,0.00,0.00,0.00,0.00,0.00,0.00,0.00,0.00,0.00,"3,651.49",0.00,0.00,"177,811.68",0.00,"22,202.96",0.00,0.00,0.00,0.00,"111,272.70",SinDatos,0.00,RECIBO OK,0.00,0.00,0.00,0.00,0.00,0.00,0.00,0.00,0.00,0.00,0.00,0.00,0.00,0.00,0.00,0.00,0.00,0.00,0.00,0.00,0.00,0.00,0.00,0.00,0.00,0.00,0.00,0.00,0.00,0.00,0.00,0.00,0.00,0.00,0.00,0.00,0.00,0.00,0.00,0.00,0.00,0.00,0.00,0.00,0.00,0.00,0.00,0.00,0.00,0.00,"169,488.23",0.00,0.00,0.00,0.00,0.00,0.00,0.00,0.00,0.00,0.00,0.00,0.00,0.00,0.00,0.00,0.00,0.00,0.00,0.00,0.00,0.00,0.00,0.00,0.00,0.00,0.00,0.00,0.00,0.00,0.00,0.00,0.00
NIVEL d                                                     ,JUAREZ MARIA ELIZABETH,27280387407,28038740,"443,827.08","1,666,313.55","83,200.00","2,193,340.63","-117,543.20","-16,464.00","2,059,333.43","131,867.79","87,970.91",0.00,"87,970.91","2,413,179.33","2,413,179.33","2,147,304.34","177,811.68","92,462.10","80,015.26",45.00,0.00,0.00,0.00,0.00,0.00,0.00,0.00,0.00,0.00,0.00,0.00,0.00,0.00,0.00,0.00,0.00,0.00,0.00,0.00,0.00,0.00,0.00,0.00,0.00,0.00,0.00,0.00,0.00,0.00,0.00,0.00,0.00,0.00,0.00,0.00,0.00,0.00,0.00,0.00,0.00,0.00,0.00,0.00,0.00,0.00,0.00,0.00,0.00,0.00,0.00,"109,544.57",GRADO  VI            ,"164,475.98",0.00,0.00,0.00,0.00,0.00,"65,214.00",0.00,0.00,30.00,26.00,0.00,0.00,0.00,0.00,0.00,0.00,0.00,0.00,"35,562.33",0.00,0.00,0.00,0.00,0.00,0.00,0.00,0.00,"16,023.88",0.00,"5,332.88",0.00,0.00,0.00,0.00,0.00,0.00,0.00,0.00,0.00,0.00,0.00,0.00,0.00,0.00,0.00,"36,514.85",0.00,0.00,0.00,0.00,0.00,0.00,0.00,0.00,"6,000.00",0.00,0.00,900.00,0.00,0.00,"48,820.98","19,972.22",0.00,0.00,0.00,0.00,0.00,0.00,0.00,0.00,"48,750.00",0.00,0.00,0.00,0.00,0.00,0.00,0.00,0.00,0.00,0.00,0.00,0.00,"45,137.21",0.00,"19,972.22","66,758.36",0.00,"9,564.00",0.00,0.00,0.00,0.00,0.00,0.00,0.00,0.00,0.00,0.00,0.00,0.00,0.00,0.00,"88,905.84",0.00,"96,677.42",NIVEL d                ,0.00,0.00,0.00,0.00,0.00,0.00,0.00,0.00,1,Permanente Titular,DIRECCION DE AERONAUTICA                                                                                                                              ,SUPERVISOR - NIVEL d,No Asistenciales,01/03/2026,01/03/2026,2,11/07/1980,01/03/2024,296/SEAC -24,POR RES. N°296/SEAC DEL 21/02/24 ASIGNAR LAS FUNCIONES DE SUPERVISORA CON EL 45%. FJ.-                                                                                                                  ,NULL,NULL,NULL,28038740,35,PERSONAL DE PLANTA AERONAUTICA,F     ,01/03/2024,24/11/2023,BACHILLER,SECUNDARIO                    ,Secundario                    ,1286536,DE    ,A27,0.00,0.00,0.00,0.00,0.00,0.00,0.00,0.00,0.00,0.00,0.00,0.00,0.00,0.00,0.00,0.00,0.00,0.00,0.00,0.00,0.00,0.00,0.00,0.00,0.00,0.00,0.00,0.00,0.00,0.00,0.00,0.00,0.00,0.00,0.00,0.00,0.00,0.00,0.00,0.00,0.00,0.00,0.00,0.00,"9,128.71",0.00,0.00,"177,811.68",0.00,"22,202.96",0.00,0.00,0.00,0.00,"111,272.70",SinDatos,0.00,RECIBO OK,0.00,0.00,0.00,0.00,0.00,0.00,0.00,0.00,0.00,0.00,"652,903.40",0.00,0.00,0.00,0.00,0.00,0.00,0.00,0.00,0.00,0.00,0.00,0.00,0.00,0.00,0.00,0.00,0.00,0.00,0.00,0.00,0.00,0.00,0.00,0.00,0.00,0.00,0.00,0.00,0.00,0.00,0.00,0.00,0.00,0.00,0.00,0.00,0.00,0.00,0.00,"169,488.23",0.00,0.00,0.00,0.00,0.00,0.00,0.00,"168,113.75",0.00,0.00,0.00,0.00,0.00,0.00,0.00,0.00,0.00,0.00,0.00,0.00,0.00,0.00,0.00,0.00,0.00,0.00,0.00,0.00,0.00,0.00,0.00,0.00
NIVEL c                                                     ,LABRADOR LAGARES HORACIO,20125466614,12546661,"5,460,762.29","412,763.70","5,600.00","5,879,125.99","-717,736.89","-222,628.16","4,938,760.94","919,353.31",0.00,0.00,0.00,"6,798,479.30","6,798,479.30","4,938,760.94","267,064.70","133,532.25","240,358.23",90.00,0.00,0.00,0.00,0.00,"1,305,806.79",0.00,0.00,0.00,0.00,0.00,0.00,0.00,0.00,0.00,0.00,0.00,0.00,0.00,0.00,0.00,0.00,0.00,0.00,0.00,0.00,0.00,0.00,0.00,0.00,0.00,0.00,0.00,0.00,0.00,0.00,0.00,0.00,0.00,0.00,0.00,0.00,0.00,0.00,0.00,0.00,0.00,0.00,0.00,0.00,0.00,"163,096.39",GRADO  VI            ,0.00,0.00,0.00,0.00,0.00,"202,564.16","85,064.00",0.00,0.00,30.00,25.00,0.00,0.00,0.00,0.00,0.00,0.00,0.00,0.00,"53,412.94",0.00,0.00,0.00,0.00,0.00,0.00,0.00,0.00,0.00,0.00,0.00,"8,464.12",0.00,0.00,0.00,0.00,0.00,0.00,0.00,0.00,0.00,0.00,0.00,0.00,0.00,0.00,"54,365.46",0.00,0.00,0.00,0.00,0.00,0.00,0.00,0.00,"6,000.00","3,600.00",0.00,900.00,0.00,0.00,"399,172.33","253,564.56",0.00,0.00,0.00,0.00,0.00,0.00,0.00,0.00,"65,000.00",0.00,0.00,0.00,0.00,0.00,0.00,0.00,0.00,0.00,0.00,0.00,0.00,"555,359.52",0.00,"186,973.00","177,020.79",0.00,"9,564.00",0.00,0.00,0.00,0.00,0.00,0.00,0.00,0.00,0.00,0.00,0.00,0.00,0.00,0.00,0.00,0.00,0.00,0.00,"96,677.42",NIVEL c                ,"399,172.33",0.00,0.00,0.00,0.00,0.00,2,Permanente Interino,DIRECCION DE AERONAUTICA                                                                                                                              ,SUBDIRECTOR DE OPERACIONES AERONAUTICAS - NIVEL c,No Asistenciales,01/03/2026,01/03/2026,2,09/10/1958,01/12/2023,9688,NULL,NULL,NULL,NULL,12546661,29,PERSONAL DE PLANTA AERONAUTICA,M     ,01/12/2023,16/11/2023,SECUNDARIO                                                  ,SECUNDARIO                    ,Secundario                    ,1286536,DE    ,A27,0.00,0.00,0.00,0.00,0.00,0.00,0.00,0.00,0.00,0.00,0.00,0.00,0.00,0.00,0.00,0.00,0.00,0.00,0.00,0.00,0.00,0.00,0.00,0.00,0.00,0.00,0.00,0.00,0.00,0.00,0.00,0.00,0.00,0.00,0.00,0.00,0.00,0.00,0.00,0.00,0.00,0.00,0.00,0.00,"13,591.37",0.00,0.00,0.00,"267,064.70",0.00,"28,304.53",0.00,0.00,0.00,0.00,SinDatos,0.00,RECIBO OK,0.00,0.00,0.00,0.00,"76,196.01",0.00,0.00,0.00,0.00,0.00,0.00,0.00,0.00,0.00,0.00,0.00,0.00,0.00,0.00,0.00,0.00,0.00,0.00,0.00,0.00,0.00,0.00,0.00,0.00,0.00,0.00,0.00,0.00,0.00,0.00,0.00,0.00,0.00,0.00,0.00,0.00,0.00,0.00,0.00,0.00,0.00,0.00,0.00,0.00,0.00,0.00,"169,488.23",0.00,0.00,0.00,0.00,0.00,"336,227.49",0.00,0.00,0.00,0.00,0.00,0.00,0.00,0.00,0.00,0.00,0.00,0.00,0.00,0.00,"311,130.72","133,532.35",0.00,0.00,0.00,0.00,0.00,0.00,0.00,0.00,0.00
NIVEL a2.                                          ,LECCESE ALDO EFRAIN  ,20216224176,21622417,"6,491,314.69","424,315.59",0.00,"6,915,630.28","-747,515.39","-686,970.41","5,481,144.48","1,095,269.44",0.00,0.00,0.00,"8,010,899.72","8,010,899.72","5,481,144.48","384,573.17","210,241.44","389,335.78",100.00,0.00,0.00,0.00,0.00,"1,450,896.44",0.00,0.00,0.00,0.00,0.00,0.00,0.00,0.00,0.00,0.00,0.00,0.00,0.00,0.00,0.00,0.00,0.00,0.00,0.00,0.00,0.00,0.00,0.00,0.00,0.00,0.00,0.00,0.00,0.00,0.00,0.00,0.00,0.00,0.00,0.00,0.00,0.00,0.00,0.00,0.00,0.00,0.00,0.00,0.00,0.00,"272,535.04",GRADO  VII          ,0.00,0.00,0.00,0.00,0.00,"670,506.41","81,464.00",0.00,0.00,30.00,27.00,0.00,0.00,0.00,0.00,0.00,0.00,0.00,0.00,0.00,0.00,0.00,"194,667.89",0.00,0.00,0.00,0.00,0.00,0.00,0.00,0.00,"10,472.12",0.00,0.00,0.00,0.00,0.00,0.00,0.00,0.00,0.00,0.00,0.00,0.00,0.00,0.00,"77,867.16",0.00,0.00,0.00,0.00,0.00,0.00,0.00,0.00,"6,000.00",0.00,0.00,900.00,0.00,0.00,"390,786.15","291,729.24",0.00,0.00,0.00,0.00,0.00,0.00,0.00,0.00,"65,000.00",0.00,0.00,0.00,0.00,0.00,0.00,0.00,0.00,0.00,0.00,0.00,0.00,"660,166.70",0.00,"226,818.82","208,283.92",0.00,"9,564.00",0.00,0.00,0.00,0.00,"10,169.29",0.00,0.00,0.00,0.00,0.00,0.00,0.00,0.00,0.00,0.00,0.00,0.00,0.00,"102,552.84","NIVEL a2,            ","390,786.15",0.00,0.00,0.00,0.00,0.00,2,Permanente Interino,DIRECCION DE AERONAUTICA                                                                                                                              ,DIRECTOR GENERAL-Niv A2,No Asistenciales,01/03/2026,01/03/2026,2,05/01/1971,01/12/2023,9688,NULL,NULL,NULL,NULL,21622417,27,PERSONAL DE PLANTA AERONAUTICA,M     ,01/12/2023,22/11/2023,ABOGADO,ABOGADO                       ,Universitario 5 años          ,1286536,DE    ,A27,0.00,0.00,0.00,0.00,0.00,0.00,0.00,0.00,0.00,0.00,0.00,0.00,0.00,0.00,0.00,0.00,0.00,0.00,0.00,0.00,0.00,0.00,0.00,0.00,0.00,0.00,0.00,0.00,0.00,0.00,0.00,0.00,0.00,0.00,0.00,0.00,0.00,0.00,0.00,0.00,0.00,0.00,0.00,0.00,"23,360.15",0.00,"4,762.61",0.00,"389,335.78",0.00,"45,083.87",0.00,0.00,0.00,0.00,SinDatos,0.00,RECIBO OK,0.00,0.00,0.00,0.00,0.00,0.00,0.00,0.00,0.00,0.00,0.00,0.00,0.00,0.00,0.00,0.00,0.00,0.00,0.00,0.00,0.00,0.00,0.00,0.00,0.00,0.00,0.00,0.00,0.00,0.00,0.00,0.00,0.00,0.00,0.00,0.00,0.00,0.00,0.00,0.00,0.00,0.00,0.00,0.00,0.00,0.00,0.00,0.00,0.00,0.00,0.00,"169,488.23",0.00,0.00,0.00,0.00,0.00,"373,586.10",0.00,0.00,0.00,0.00,0.00,0.00,0.00,0.00,0.00,0.00,0.00,0.00,0.00,0.00,"405,208.37","194,667.89",0.00,0.00,0.00,0.00,0.00,0.00,0.00,0.00,0.00
NIVEL d                                                     ,MACHADO SANTIAGO EXEQUIEL,20396985528,39698552,"210,402.42","900,429.08","80,000.00","1,190,831.50","-81,362.38","-16,464.00","1,093,005.12","66,257.11","41,703.83",0.00,"41,703.83","1,298,792.44","1,298,792.44","1,134,708.95","173,694.80",0.00,0.00,0.00,0.00,0.00,0.00,0.00,0.00,0.00,0.00,0.00,0.00,0.00,0.00,0.00,0.00,0.00,0.00,0.00,0.00,0.00,0.00,0.00,0.00,0.00,0.00,0.00,0.00,0.00,0.00,0.00,0.00,0.00,0.00,0.00,0.00,0.00,0.00,0.00,0.00,0.00,0.00,0.00,0.00,0.00,0.00,0.00,0.00,0.00,0.00,0.00,0.00,0.00,0.00,0.00,"126,533.33",0.00,0.00,0.00,0.00,0.00,"65,214.00",0.00,0.00,30.00,0.00,0.00,0.00,0.00,0.00,0.00,0.00,0.00,0.00,"34,738.96",0.00,0.00,0.00,0.00,0.00,0.00,0.00,0.00,"15,652.88",0.00,"5,209.41",0.00,0.00,0.00,0.00,0.00,0.00,0.00,0.00,0.00,0.00,0.00,0.00,0.00,0.00,0.00,"35,669.43",0.00,0.00,0.00,0.00,0.00,0.00,0.00,0.00,"6,000.00",0.00,0.00,900.00,0.00,0.00,"23,144.27","9,468.11",0.00,0.00,0.00,0.00,0.00,0.00,0.00,0.00,"48,750.00",0.00,0.00,0.00,0.00,0.00,0.00,0.00,0.00,0.00,0.00,0.00,0.00,"21,397.93",0.00,"9,468.11","35,391.07",0.00,"9,564.00",0.00,0.00,0.00,0.00,0.00,0.00,0.00,0.00,0.00,0.00,0.00,0.00,0.00,0.00,"86,847.40",0.00,"94,439.05",NIVEL d                ,0.00,0.00,0.00,0.00,0.00,0.00,0.00,0.00,6,Reemplazante no permanente,DIRECCION DE AERONAUTICA                                                                                                                              ,ADMINISTRATIVO - NIVEL d,No Asistenciales,01/02/2026,01/03/2026,3,02/07/1996,01/02/2026,RM.-,COB.-                                                                                                                                                                                                   ,28/02/2026,CP.-,NULL,39698552,32,PERSONAL DE PLANTA AERONAUTICA,M     ,01/02/2026,24/04/2007,EGB II - 6to GRADO,PRIMARIO                      ,Primario                      ,1286536,DE    ,A27,0.00,0.00,0.00,0.00,0.00,0.00,0.00,0.00,0.00,0.00,0.00,0.00,0.00,0.00,0.00,0.00,0.00,0.00,0.00,0.00,0.00,0.00,0.00,0.00,0.00,0.00,0.00,0.00,0.00,0.00,0.00,0.00,0.00,0.00,0.00,0.00,0.00,0.00,0.00,0.00,0.00,0.00,0.00,0.00,0.00,0.00,0.00,"173,694.80",0.00,"24,291.56",0.00,0.00,0.00,"115,153.10","108,696.39",SinDatos,0.00,RECIBO OK,0.00,0.00,0.00,0.00,0.00,0.00,0.00,0.00,0.00,0.00,0.00,0.00,0.00,0.00,0.00,0.00,0.00,0.00,0.00,0.00,0.00,0.00,0.00,0.00,0.00,0.00,0.00,0.00,0.00,0.00,0.00,0.00,0.00,0.00,0.00,0.00,0.00,0.00,0.00,0.00,0.00,0.00,0.00,0.00,0.00,0.00,0.00,0.00,0.00,0.00,"165,564.04",0.00,0.00,0.00,0.00,0.00,0.00,0.00,0.00,0.00,0.00,0.00,0.00,0.00,0.00,0.00,0.00,0.00,0.00,0.00,0.00,0.00,0.00,0.00,0.00,0.00,0.00,0.00,0.00,0.00,0.00,0.00,0.00
NIVEL d                                                     ,MEDINA ERNESTO FABIAN,20213387953,21338795,"1,283,710.32","145,197.24","162,720.00","1,591,627.56","-257,339.43","-48,806.76","1,285,481.37","232,002.54",0.00,0.00,0.00,"1,823,630.10","1,823,630.10","1,285,481.37","177,811.68","32,006.07",0.00,0.00,0.00,0.00,0.00,0.00,0.00,0.00,0.00,0.00,0.00,0.00,0.00,0.00,0.00,0.00,0.00,0.00,0.00,0.00,0.00,0.00,0.00,0.00,0.00,0.00,0.00,0.00,0.00,0.00,0.00,0.00,0.00,0.00,0.00,0.00,0.00,0.00,0.00,0.00,0.00,0.00,0.00,0.00,0.00,0.00,0.00,0.00,0.00,0.00,0.00,0.00,"27,386.14",GRADO  II            ,0.00,"106,994.76",0.00,0.00,0.00,0.00,"65,214.00",0.00,0.00,30.00,9.00,0.00,0.00,0.00,0.00,0.00,0.00,0.00,0.00,0.00,0.00,0.00,0.00,0.00,0.00,0.00,0.00,0.00,"16,023.88",0.00,0.00,"6,962.34",0.00,0.00,0.00,"32,092.76",0.00,0.00,0.00,0.00,0.00,0.00,0.00,0.00,0.00,0.00,"36,514.86",0.00,0.00,0.00,0.00,0.00,0.00,0.00,0.00,"6,000.00",0.00,0.00,900.00,0.00,0.00,"141,208.14","67,381.29",0.00,0.00,0.00,0.00,0.00,0.00,0.00,0.00,"48,750.00",0.00,0.00,0.00,0.00,0.00,0.00,0.00,0.00,0.00,0.00,0.00,0.00,"130,553.34",0.00,"57,766.96","43,682.24",0.00,"9,564.00",0.00,0.00,0.00,0.00,0.00,0.00,0.00,0.00,0.00,0.00,0.00,0.00,0.00,0.00,0.00,0.00,0.00,0.00,"96,677.42",NIVEL d                ,"143,371.50",0.00,0.00,0.00,0.00,0.00,2,Permanente Interino,DIRECCION DE AERONAUTICA                                                                                                                              ,ADMINISTRATIVO - NIVEL d,No Asistenciales,01/03/2026,01/03/2026,2,12/06/1970,01/01/2026,1503/SPS/2025,PASE A PLANTA INTERINA.-                                                                                                                                                                                ,NULL,NULL,NULL,21338795,21,PERSONAL DE PLANTA AERONAUTICA,M     ,01/01/2026,NULL,NULL,NULL,NULL,1286536,DE    ,A27,0.00,0.00,0.00,0.00,0.00,0.00,0.00,0.00,0.00,0.00,0.00,0.00,0.00,0.00,0.00,0.00,0.00,0.00,0.00,0.00,0.00,0.00,0.00,0.00,0.00,0.00,0.00,0.00,0.00,0.00,0.00,0.00,0.00,0.00,0.00,0.00,0.00,0.00,0.00,0.00,0.00,0.00,0.00,0.00,"1,825.74",0.00,0.00,0.00,"177,811.68",0.00,"22,202.96",0.00,0.00,0.00,0.00,SinDatos,0.00,RECIBO OK,0.00,0.00,0.00,0.00,"111,272.70",0.00,0.00,0.00,0.00,0.00,0.00,0.00,0.00,0.00,0.00,0.00,0.00,0.00,0.00,0.00,0.00,0.00,0.00,0.00,0.00,0.00,0.00,0.00,0.00,0.00,0.00,0.00,0.00,0.00,0.00,0.00,0.00,0.00,0.00,0.00,0.00,0.00,0.00,0.00,0.00,0.00,0.00,0.00,0.00,0.00,0.00,"169,488.23",0.00,0.00,0.00,0.00,0.00,0.00,0.00,0.00,0.00,0.00,0.00,0.00,0.00,0.00,0.00,0.00,0.00,0.00,0.00,0.00,0.00,"88,905.84",0.00,0.00,0.00,0.00,0.00,0.00,0.00,0.00,0.00
NIVEL d                                                     ,MEDINA ESTEBAN ALEJANDRO,20182159671,18215967,"2,784,514.16","324,931.93",0.00,"3,109,446.09","-477,352.72","-86,076.85","2,546,016.52","461,707.40",0.00,0.00,0.00,"3,571,153.49","3,571,153.49","2,546,016.52","177,811.68","35,562.30",0.00,0.00,0.00,0.00,0.00,"908,427.10",0.00,0.00,0.00,0.00,0.00,0.00,0.00,0.00,0.00,0.00,0.00,0.00,0.00,0.00,0.00,0.00,0.00,0.00,0.00,0.00,0.00,0.00,0.00,0.00,0.00,0.00,0.00,0.00,0.00,0.00,0.00,0.00,0.00,0.00,0.00,0.00,0.00,0.00,0.00,0.00,0.00,0.00,0.00,0.00,0.00,0.00,0.00,0.00,0.00,"119,133.96",0.00,0.00,0.00,0.00,"81,464.00",0.00,0.00,30.00,10.00,0.00,0.00,0.00,0.00,0.00,0.00,0.00,0.00,"35,562.34",0.00,0.00,0.00,0.00,0.00,0.00,0.00,0.00,"16,023.88",0.00,0.00,"6,962.34",0.00,0.00,0.00,"69,612.85",0.00,0.00,0.00,0.00,0.00,0.00,0.00,0.00,0.00,0.00,"36,514.86",0.00,0.00,0.00,0.00,0.00,0.00,0.00,0.00,"6,000.00",0.00,0.00,900.00,0.00,0.00,"306,296.56","106,056.16",0.00,0.00,0.00,0.00,0.00,0.00,0.00,0.00,"65,000.00",0.00,0.00,0.00,0.00,0.00,0.00,0.00,0.00,0.00,0.00,0.00,0.00,"283,185.09",0.00,"84,423.92","94,098.39",0.00,"9,564.00",0.00,0.00,0.00,0.00,0.00,0.00,0.00,0.00,0.00,0.00,0.00,0.00,0.00,0.00,0.00,0.00,0.00,0.00,"96,677.42",NIVEL d                ,"321,280.44",0.00,0.00,0.00,0.00,0.00,2,Permanente Interino,DIRECCION DE AERONAUTICA                                                                                                                              ,ADMINISTRATIVO - NIVEL d,No Asistenciales,01/03/2026,01/03/2026,3,12/11/1965,01/01/2026,1503/SPS/2025,PASE A PLANTA INTERINA.-                                                                                                                                                                                ,NULL,NULL,NULL,18215967,31,PERSONAL DE PLANTA AERONAUTICA,M     ,01/01/2026,24/11/2023,BACHILLER,SECUNDARIO                    ,Secundario                    ,1286536,DE    ,A27,0.00,0.00,0.00,0.00,0.00,0.00,0.00,0.00,0.00,0.00,0.00,0.00,0.00,0.00,0.00,0.00,0.00,0.00,0.00,0.00,0.00,0.00,0.00,0.00,0.00,0.00,0.00,0.00,0.00,0.00,0.00,0.00,0.00,0.00,0.00,0.00,0.00,0.00,0.00,0.00,0.00,0.00,0.00,0.00,"3,651.49",0.00,0.00,0.00,"177,811.68",0.00,"22,202.96",0.00,0.00,0.00,0.00,SinDatos,0.00,RECIBO OK,0.00,0.00,0.00,0.00,"111,272.70",0.00,0.00,0.00,0.00,0.00,0.00,0.00,0.00,0.00,0.00,0.00,0.00,0.00,0.00,0.00,0.00,0.00,0.00,0.00,0.00,0.00,0.00,0.00,0.00,0.00,0.00,0.00,0.00,0.00,0.00,0.00,0.00,0.00,0.00,0.00,0.00,0.00,0.00,0.00,0.00,0.00,0.00,0.00,0.00,0.00,0.00,"169,488.23",0.00,0.00,0.00,0.00,0.00,0.00,0.00,0.00,0.00,0.00,0.00,0.00,0.00,0.00,0.00,0.00,0.00,0.00,0.00,0.00,0.00,"88,905.84",0.00,0.00,0.00,0.00,0.00,0.00,0.00,0.00,0.00
NIVEL d                                                     ,MERCADO MIGUEL FERNANDO,20253444127,25344412,"210,402.42","900,429.08",0.00,"1,110,831.50","-81,362.38","-16,464.00","1,013,005.12","66,257.11","41,703.83",0.00,"41,703.83","1,218,792.44","1,218,792.44","1,054,708.95","173,694.80",0.00,0.00,0.00,0.00,0.00,0.00,0.00,0.00,0.00,0.00,0.00,0.00,0.00,0.00,0.00,0.00,0.00,0.00,0.00,0.00,0.00,0.00,0.00,0.00,0.00,0.00,0.00,0.00,0.00,0.00,0.00,0.00,0.00,0.00,0.00,0.00,0.00,0.00,0.00,0.00,0.00,0.00,0.00,0.00,0.00,0.00,0.00,0.00,0.00,0.00,0.00,0.00,0.00,0.00,0.00,"126,533.33",0.00,0.00,0.00,0.00,0.00,"65,214.00",0.00,0.00,30.00,0.00,0.00,0.00,0.00,0.00,0.00,0.00,0.00,0.00,"34,738.96",0.00,0.00,0.00,0.00,0.00,0.00,0.00,0.00,"15,652.88",0.00,"5,209.41",0.00,0.00,0.00,0.00,0.00,0.00,0.00,0.00,0.00,0.00,0.00,0.00,0.00,0.00,0.00,"35,669.43",0.00,0.00,0.00,0.00,0.00,0.00,0.00,0.00,"6,000.00",0.00,0.00,900.00,0.00,0.00,"23,144.27","9,468.11",0.00,0.00,0.00,0.00,0.00,0.00,0.00,0.00,"48,750.00",0.00,0.00,0.00,0.00,0.00,0.00,0.00,0.00,0.00,0.00,0.00,0.00,"21,397.93",0.00,"9,468.11","35,391.07",0.00,"9,564.00",0.00,0.00,0.00,0.00,0.00,0.00,0.00,0.00,0.00,0.00,0.00,0.00,0.00,0.00,"86,847.40",0.00,"94,439.05",NIVEL d                ,0.00,0.00,0.00,0.00,0.00,0.00,0.00,0.00,6,Reemplazante no permanente,DIRECCION DE AERONAUTICA                                                                                                                              ,ADMINISTRATIVO - NIVEL d,No Asistenciales,01/02/2026,01/03/2026,25,13/07/1976,01/02/2026,RM.-,COB.-                                                                                                                                                                                                   ,28/02/2026,CP.-,NULL,25344412,25,PERSONAL DE PLANTA AERONAUTICA,M     ,01/02/2026,12/03/2024,SECUNDARIO                                                  ,SECUNDARIO                    ,Secundario                    ,1286536,DE    ,A27,0.00,0.00,0.00,0.00,0.00,0.00,0.00,0.00,0.00,0.00,0.00,0.00,0.00,0.00,0.00,0.00,0.00,0.00,0.00,0.00,0.00,0.00,0.00,0.00,0.00,0.00,0.00,0.00,0.00,0.00,0.00,0.00,0.00,0.00,0.00,0.00,0.00,0.00,0.00,0.00,0.00,0.00,0.00,0.00,0.00,0.00,0.00,"173,694.80",0.00,"24,291.56",0.00,0.00,0.00,"115,153.10","108,696.39",SinDatos,0.00,RECIBO OK,0.00,0.00,0.00,0.00,0.00,0.00,0.00,0.00,0.00,0.00,0.00,0.00,0.00,0.00,0.00,0.00,0.00,0.00,0.00,0.00,0.00,0.00,0.00,0.00,0.00,0.00,0.00,0.00,0.00,0.00,0.00,0.00,0.00,0.00,0.00,0.00,0.00,0.00,0.00,0.00,0.00,0.00,0.00,0.00,0.00,0.00,0.00,0.00,0.00,0.00,"165,564.04",0.00,0.00,0.00,0.00,0.00,0.00,0.00,0.00,0.00,0.00,0.00,0.00,0.00,0.00,0.00,0.00,0.00,0.00,0.00,0.00,0.00,0.00,0.00,0.00,0.00,0.00,0.00,0.00,0.00,0.00,0.00,0.00
NIVEL d                                                     ,MORALES MARCELO NOE  ,20395758919,39575891,"266,377.60","2,501,600.54",0.00,"2,767,978.14","-106,288.53","-23,123.44","2,638,566.17","124,515.90","52,798.68",0.00,"52,798.68","2,945,292.72","2,945,292.72","2,691,364.85","177,811.68","35,562.35",0.00,0.00,0.00,0.00,0.00,0.00,0.00,0.00,0.00,0.00,0.00,0.00,0.00,0.00,0.00,0.00,0.00,0.00,0.00,0.00,0.00,0.00,0.00,0.00,0.00,0.00,0.00,0.00,0.00,0.00,0.00,0.00,0.00,0.00,0.00,0.00,0.00,0.00,0.00,0.00,0.00,0.00,0.00,0.00,0.00,0.00,0.00,0.00,0.00,0.00,0.00,0.00,"27,386.15",GRADO  II            ,"119,133.96",0.00,0.00,0.00,0.00,0.00,"81,464.00",0.00,0.00,30.00,10.00,0.00,0.00,0.00,0.00,0.00,0.00,0.00,0.00,"35,562.33",0.00,0.00,0.00,0.00,0.00,0.00,0.00,0.00,"16,023.88",0.00,"5,332.88",0.00,0.00,0.00,0.00,"6,659.44",0.00,0.00,0.00,0.00,0.00,0.00,0.00,0.00,0.00,0.00,"36,514.85",0.00,0.00,0.00,0.00,0.00,0.00,0.00,0.00,"6,000.00",0.00,0.00,900.00,0.00,0.00,"29,301.54","11,986.99",0.00,0.00,0.00,0.00,0.00,0.00,0.00,0.00,"65,000.00",0.00,0.00,0.00,0.00,0.00,0.00,0.00,0.00,0.00,0.00,0.00,0.00,"27,090.60",0.00,"11,986.99","85,438.31",0.00,"9,564.00",0.00,0.00,0.00,0.00,0.00,0.00,0.00,0.00,0.00,0.00,0.00,0.00,0.00,0.00,"88,905.84",0.00,"96,677.42",NIVEL d                ,0.00,0.00,0.00,0.00,0.00,0.00,0.00,0.00,1,Permanente Titular,DIRECCION DE AERONAUTICA                                                                                                                              ,PILOTO - NIVEL d                            ,No Asistenciales,01/03/2026,01/03/2026,36,23/05/1996,01/01/2024,1327/SEAC 12/23,POR RES. N°1274/SEAC DEL 12/12/23 Y POR RES. N°1327/SEAC DEL 19/12/23 REUBICAR LABORALMENTE EN DIR DE AERONAUTICA Y CAMBIAR LA FUNCION A PILOTO DE AVION.-                                              ,NULL,NULL,NULL,39575891,17,PERSONAL DE PLANTA AERONAUTICA,M     ,01/01/2024,13/07/2012,POLIMODAL - 3er AÑO,SECUNDARIO                    ,Polimodal 3º año              ,1286536,DE    ,A27,0.00,0.00,0.00,0.00,0.00,0.00,0.00,0.00,0.00,0.00,0.00,0.00,0.00,0.00,0.00,0.00,0.00,0.00,0.00,0.00,0.00,0.00,0.00,0.00,0.00,0.00,0.00,0.00,0.00,0.00,0.00,0.00,0.00,0.00,0.00,0.00,0.00,0.00,0.00,0.00,0.00,0.00,0.00,0.00,"3,651.49",0.00,0.00,"177,811.68",0.00,"23,571.97",0.00,0.00,0.00,"103,366.17","111,272.70",SinDatos,0.00,RECIBO OK,0.00,0.00,0.00,0.00,0.00,0.00,0.00,0.00,0.00,0.00,0.00,0.00,0.00,0.00,0.00,0.00,0.00,0.00,0.00,0.00,0.00,0.00,0.00,0.00,0.00,0.00,0.00,0.00,0.00,0.00,0.00,0.00,0.00,0.00,0.00,0.00,0.00,0.00,0.00,0.00,0.00,0.00,0.00,0.00,0.00,0.00,0.00,0.00,0.00,0.00,"169,488.23",0.00,0.00,0.00,0.00,0.00,0.00,0.00,0.00,0.00,0.00,0.00,0.00,0.00,0.00,0.00,0.00,0.00,0.00,0.00,0.00,0.00,0.00,0.00,0.00,0.00,0.00,0.00,0.00,0.00,0.00,0.00,0.00
NIVEL d                                                     ,NASCA JOSE LUIS          ,20147166770,14716677,"3,671,611.88","181,703.82","5,600.00","3,858,915.70","-741,214.17","-111,854.30","3,005,847.23","655,039.94",0.00,0.00,0.00,"4,513,955.64","4,513,955.64","3,005,847.23","213,651.76","179,467.68",0.00,0.00,0.00,0.00,0.00,0.00,0.00,0.00,0.00,0.00,0.00,0.00,0.00,0.00,0.00,0.00,0.00,0.00,0.00,0.00,0.00,0.00,0.00,0.00,0.00,0.00,0.00,0.00,0.00,0.00,0.00,0.00,0.00,0.00,0.00,0.00,0.00,0.00,0.00,0.00,0.00,0.00,0.00,0.00,0.00,0.00,0.00,0.00,0.00,0.00,0.00,0.00,"163,810.78",GRADO  VIII        ,0.00,0.00,0.00,0.00,0.00,0.00,"182,564.00",0.00,0.00,30.00,42.00,0.00,0.00,0.00,0.00,0.00,0.00,0.00,0.00,0.00,0.00,0.00,0.00,0.00,0.00,0.00,0.00,0.00,"16,023.88",0.00,0.00,"6,962.34",0.00,0.00,0.00,"91,790.30",0.00,0.00,0.00,0.00,0.00,0.00,0.00,0.00,0.00,0.00,"43,682.87",0.00,0.00,0.00,0.00,0.00,0.00,0.00,0.00,"6,000.00","3,600.00",0.00,900.00,0.00,0.00,"403,877.31","174,836.86","65,000.00",0.00,0.00,0.00,0.00,0.00,0.00,0.00,"65,000.00","32,500.00",0.00,0.00,0.00,0.00,0.00,0.00,0.00,0.00,0.00,0.00,0.00,"373,402.93",0.00,"165,222.53","116,414.48",0.00,"9,564.00",0.00,0.00,0.00,0.00,0.00,0.00,0.00,0.00,0.00,0.00,0.00,0.00,0.00,0.00,0.00,0.00,0.00,0.00,"96,677.42",NIVEL d                ,"166,414.81",0.00,0.00,0.00,0.00,0.00,1,Permanente Titular,DIRECCION DE AERONAUTICA                                                                                                                              ,ADMINISTRATIVO - NIVEL d,No Asistenciales,01/03/2026,01/03/2026,1,21/06/1961,01/11/2023,DAN y U 1/1 -23,DCTO.ACDO.NEC. Y URG. 1/1 DE FECHA 30/11/2023 -ART.10 -RESOL.668/SPS 10/11/23.                                                                                                                          ,NULL,NULL,NULL,14716677,11,PERSONAL DE PLANTA AERONAUTICA,M     ,01/11/2023,NULL,NULL,NULL,NULL,1286536,DE    ,A27,0.00,0.00,0.00,0.00,0.00,0.00,0.00,0.00,0.00,0.00,0.00,0.00,0.00,0.00,0.00,0.00,0.00,0.00,0.00,0.00,0.00,0.00,0.00,0.00,0.00,0.00,0.00,0.00,0.00,0.00,0.00,0.00,0.00,0.00,0.00,0.00,0.00,0.00,0.00,0.00,0.00,0.00,0.00,0.00,"15,289.01",0.00,0.00,0.00,"213,651.76",0.00,"22,202.96",0.00,0.00,0.00,0.00,SinDatos,0.00,RECIBO OK,0.00,0.00,0.00,0.00,"111,272.70",0.00,0.00,0.00,0.00,0.00,0.00,0.00,0.00,0.00,0.00,0.00,0.00,0.00,0.00,0.00,0.00,0.00,0.00,0.00,0.00,0.00,0.00,0.00,0.00,0.00,0.00,0.00,0.00,0.00,0.00,0.00,0.00,0.00,0.00,0.00,0.00,0.00,0.00,0.00,0.00,0.00,0.00,0.00,0.00,0.00,0.00,"169,488.23",0.00,0.00,0.00,0.00,0.00,0.00,0.00,0.00,0.00,0.00,0.00,0.00,0.00,0.00,0.00,0.00,0.00,0.00,0.00,0.00,"201,901.13","106,825.88",0.00,0.00,0.00,0.00,0.00,0.00,0.00,0.00,0.00
NIVEL a3.                                          ,NIEVA MARIO AUGUSTO  ,20124133816,12413381,"1,794,715.49","195,265.51",0.00,"1,989,981.00","-326,930.90","-61,331.89","1,601,718.21","323,799.21",0.00,0.00,0.00,"2,313,780.21","2,313,780.21","1,601,718.21","310,649.66",0.00,0.00,0.00,0.00,0.00,0.00,0.00,0.00,0.00,0.00,0.00,0.00,0.00,0.00,0.00,0.00,0.00,0.00,0.00,0.00,0.00,0.00,0.00,0.00,0.00,0.00,0.00,0.00,0.00,0.00,0.00,0.00,0.00,0.00,0.00,0.00,0.00,0.00,0.00,0.00,0.00,0.00,0.00,0.00,0.00,0.00,0.00,0.00,0.00,0.00,0.00,0.00,0.00,0.00,0.00,0.00,"331,387.71",0.00,0.00,0.00,0.00,"65,214.00",0.00,0.00,30.00,0.00,0.00,0.00,0.00,0.00,0.00,0.00,0.00,0.00,0.00,0.00,0.00,"157,706.14",0.00,0.00,0.00,0.00,0.00,"16,023.88",0.00,0.00,"10,472.12",0.00,0.00,0.00,"44,867.89",0.00,0.00,0.00,0.00,0.00,0.00,0.00,0.00,0.00,0.00,"63,082.45",0.00,0.00,0.00,0.00,0.00,0.00,0.00,0.00,"6,000.00",0.00,0.00,900.00,0.00,0.00,"197,418.70","80,762.20",0.00,0.00,0.00,0.00,0.00,0.00,0.00,0.00,"48,750.00",0.00,0.00,0.00,0.00,0.00,0.00,0.00,0.00,0.00,0.00,0.00,0.00,"182,522.57",0.00,"80,762.20","60,514.44",0.00,"9,564.00",0.00,0.00,0.00,"37,849.47","10,169.29",0.00,0.00,0.00,0.00,0.00,0.00,0.00,0.00,0.00,0.00,0.00,0.00,0.00,"138,873.64","NIVEL a3,            ","185,096.22",0.00,0.00,0.00,0.00,0.00,6,Reemplazante no permanente,DIRECCION DE AERONAUTICA                                                                                                                              ,MEDICO - Niv A3                              ,Asistenciales                                               ,01/03/2026,01/03/2026,2,16/09/1956,02/11/2023,.,NULL,NULL,NULL,NULL,12413381,34,PERSONAL DE PLANTA AERONAUTICA,M     ,01/02/2024,21/11/2023,MEDICO,MEDICINA                      ,Universitario 5 años          ,1286536,DE    ,A27,0.00,0.00,0.00,0.00,0.00,0.00,0.00,0.00,0.00,0.00,0.00,0.00,0.00,0.00,0.00,0.00,0.00,0.00,0.00,0.00,0.00,0.00,0.00,0.00,0.00,0.00,0.00,0.00,0.00,0.00,0.00,0.00,0.00,0.00,0.00,0.00,0.00,0.00,0.00,0.00,0.00,0.00,0.00,0.00,0.00,0.00,"4,762.61",0.00,"315,412.27",0.00,"53,151.51",0.00,0.00,0.00,0.00,SinDatos,0.00,RECIBO OK,0.00,0.00,0.00,0.00,0.00,0.00,0.00,0.00,0.00,0.00,0.00,0.00,0.00,0.00,0.00,0.00,0.00,0.00,0.00,0.00,0.00,0.00,0.00,0.00,0.00,0.00,0.00,0.00,0.00,0.00,0.00,0.00,0.00,0.00,0.00,0.00,0.00,0.00,0.00,0.00,0.00,0.00,0.00,0.00,0.00,0.00,0.00,0.00,0.00,0.00,0.00,"169,488.23",0.00,0.00,0.00,0.00,0.00,0.00,0.00,0.00,0.00,0.00,0.00,0.00,0.00,0.00,0.00,0.00,0.00,0.00,0.00,0.00,0.00,"157,706.13",0.00,0.00,0.00,0.00,0.00,0.00,0.00,0.00,0.00
NIVEL a1.                                          ,ORTEGA CHAHLA MELISSA MARIA,27343272184,34327218,"695,087.50","2,684,799.28",0.00,"3,379,886.78","-172,738.57","-17,364.00","3,189,784.21","208,314.15","137,773.22",0.00,"137,773.22","3,725,974.15","3,725,974.15","3,327,557.43","299,539.77","66,946.54","273,872.14",90.00,0.00,0.00,0.00,0.00,0.00,0.00,0.00,0.00,0.00,0.00,0.00,0.00,0.00,0.00,0.00,0.00,0.00,0.00,0.00,0.00,0.00,0.00,0.00,0.00,0.00,0.00,0.00,0.00,0.00,0.00,0.00,0.00,0.00,0.00,0.00,0.00,0.00,0.00,0.00,0.00,0.00,0.00,0.00,0.00,0.00,0.00,0.00,0.00,0.00,0.00,"91,290.72",GRADO  III          ,"236,784.53",0.00,0.00,0.00,0.00,0.00,"82,364.00",0.00,0.00,30.00,11.00,0.00,0.00,0.00,0.00,0.00,0.00,0.00,0.00,"60,860.47",0.00,0.00,0.00,0.00,0.00,0.00,0.00,0.00,0.00,0.00,"8,298.63",0.00,0.00,0.00,0.00,0.00,0.00,0.00,0.00,0.00,0.00,0.00,0.00,0.00,0.00,0.00,"60,860.48",0.00,0.00,0.00,0.00,0.00,0.00,0.00,0.00,"6,000.00",0.00,0.00,900.00,900.00,0.00,"76,459.63","31,278.94",0.00,0.00,0.00,0.00,0.00,0.00,0.00,0.00,"65,000.00",0.00,0.00,0.00,0.00,0.00,0.00,0.00,0.00,0.00,0.00,0.00,0.00,"70,690.40",0.00,"31,278.94","106,344.81",0.00,"9,564.00",0.00,0.00,0.00,0.00,"10,169.29",0.00,0.00,0.00,0.00,0.00,0.00,0.00,0.00,0.00,"152,151.19",0.00,"100,950.46","NIVEL a1,            ",0.00,0.00,0.00,0.00,0.00,0.00,0.00,0.00,2,Permanente Interino,DIRECCION DE AERONAUTICA                                                                                                                              ,SUB-DIRECTOR-Niv A1,No Asistenciales,01/03/2026,01/03/2026,14,22/08/1990,01/01/2026,2026/SEAC/2025,SUB DIRECTORA DE ADMINISTRACION Y DESPACHO.-,NULL,NULL,NULL,34327218,3,PERSONAL DE PLANTA AERONAUTICA,F     ,01/01/2026,24/04/2014,BACHILLER,SECUNDARIO                    ,Secundario                    ,1286536,DE    ,A27,0.00,0.00,0.00,0.00,0.00,0.00,0.00,0.00,0.00,0.00,0.00,0.00,0.00,0.00,0.00,0.00,0.00,0.00,0.00,0.00,0.00,0.00,0.00,0.00,0.00,0.00,0.00,0.00,0.00,0.00,0.00,0.00,0.00,0.00,0.00,0.00,0.00,0.00,0.00,0.00,0.00,0.00,0.00,0.00,"6,086.05",0.00,"4,762.61","304,302.38",0.00,"35,113.61",0.00,0.00,0.00,"19,420.63",0.00,SinDatos,0.00,RECIBO OK,0.00,0.00,0.00,0.00,0.00,0.00,0.00,0.00,0.00,0.00,"1,305,806.79",0.00,0.00,0.00,0.00,0.00,0.00,0.00,0.00,0.00,0.00,0.00,0.00,0.00,0.00,0.00,0.00,0.00,0.00,0.00,0.00,0.00,0.00,0.00,0.00,0.00,0.00,0.00,0.00,0.00,0.00,0.00,0.00,0.00,0.00,0.00,0.00,0.00,0.00,0.00,"169,488.23",0.00,0.00,0.00,0.00,0.00,0.00,0.00,"336,227.49",0.00,0.00,0.00,0.00,0.00,0.00,0.00,0.00,0.00,0.00,0.00,0.00,0.00,0.00,0.00,0.00,0.00,0.00,0.00,0.00,0.00,0.00,0.00,0.00
NIVEL a1.                                          ,ORTEGA CHAHLA MELISSA MARIA,27343272184,34327218,"66,617.55",0.00,0.00,"66,617.55","-10,325.72",0.00,"56,291.83","12,586.33","13,204.26",0.00,"13,204.26","92,408.14","92,408.14","69,496.09",0.00,0.00,0.00,0.00,0.00,0.00,0.00,0.00,0.00,0.00,0.00,0.00,0.00,0.00,0.00,0.00,0.00,0.00,0.00,0.00,0.00,0.00,0.00,0.00,0.00,0.00,0.00,0.00,0.00,0.00,0.00,0.00,0.00,0.00,0.00,0.00,0.00,0.00,0.00,0.00,0.00,0.00,0.00,0.00,0.00,0.00,0.00,0.00,0.00,0.00,0.00,0.00,0.00,0.00,0.00,0.00,0.00,0.00,0.00,0.00,0.00,0.00,0.00,0.00,0.00,0.00,0.00,0.00,0.00,0.00,0.00,0.00,0.00,0.00,0.00,0.00,0.00,0.00,"82,243.89",0.00,0.00,0.00,0.00,0.00,0.00,0.00,0.00,0.00,0.00,0.00,0.00,0.00,0.00,0.00,0.00,0.00,0.00,0.00,0.00,0.00,0.00,0.00,0.00,0.00,0.00,0.00,0.00,0.00,0.00,0.00,0.00,0.00,0.00,0.00,0.00,0.00,0.00,"7,327.93","2,997.79",0.00,0.00,0.00,0.00,0.00,0.00,0.00,0.00,0.00,0.00,0.00,0.00,0.00,0.00,0.00,0.00,0.00,0.00,0.00,0.00,0.00,"6,775.00",0.00,"2,997.79","2,813.54",0.00,0.00,0.00,0.00,0.00,0.00,0.00,0.00,0.00,0.00,0.00,0.00,0.00,0.00,0.00,0.00,0.00,0.00,0.00,0.00,0.00,0.00,0.00,0.00,0.00,0.00,0.00,0.00,2,Permanente Interino,DIRECCION DE AERONAUTICA                                                                                                                              ,SUB-DIRECTOR-Niv A1,No Asistenciales,01/02/2026,01/03/2026,14,22/08/1990,01/01/2026,2026/SEAC/2025,SUB DIRECTORA DE ADMINISTRACION Y DESPACHO.-,NULL,NULL,NULL,34327218,15,PERSONAL DE PLANTA AERONAUTICA,F     ,01/01/2026,24/04/2014,BACHILLER,SECUNDARIO                    ,Secundario                    ,1286536,DE    ,A27,0.00,0.00,0.00,0.00,0.00,0.00,0.00,0.00,0.00,0.00,0.00,0.00,0.00,0.00,0.00,0.00,0.00,0.00,0.00,0.00,0.00,0.00,0.00,0.00,0.00,0.00,0.00,0.00,0.00,0.00,0.00,0.00,0.00,0.00,0.00,0.00,0.00,0.00,0.00,0.00,0.00,0.00,0.00,0.00,0.00,0.00,0.00,0.00,0.00,0.00,0.00,0.00,0.00,0.00,0.00,SinDatos,0.00,RECIBO OK,0.00,0.00,0.00,0.00,0.00,0.00,0.00,0.00,0.00,0.00,0.00,0.00,0.00,0.00,0.00,0.00,0.00,0.00,0.00,0.00,0.00,0.00,0.00,0.00,0.00,0.00,0.00,0.00,0.00,0.00,0.00,0.00,0.00,0.00,0.00,0.00,0.00,0.00,0.00,0.00,0.00,0.00,0.00,0.00,0.00,0.00,0.00,0.00,0.00,0.00,0.00,0.00,0.00,0.00,0.00,0.00,0.00,0.00,0.00,0.00,0.00,0.00,0.00,0.00,0.00,0.00,0.00,0.00,0.00,0.00,0.00,0.00,0.00,0.00,0.00,0.00,0.00,0.00,0.00,0.00,0.00,0.00,0.00
NIVEL b2.                                          ,ORTEGA CHAHLA MELISSA MARIA,27343272184,34327218,"27,233.47",0.00,0.00,"27,233.47","-4,221.19",0.00,"23,012.28","5,627.16","5,397.94",0.00,"5,397.94","38,258.57","38,258.57","28,410.22",0.00,0.00,0.00,0.00,0.00,0.00,0.00,0.00,0.00,0.00,0.00,0.00,0.00,0.00,0.00,0.00,0.00,0.00,0.00,0.00,0.00,0.00,0.00,0.00,0.00,0.00,0.00,0.00,0.00,0.00,0.00,0.00,0.00,0.00,0.00,0.00,0.00,0.00,0.00,0.00,0.00,0.00,0.00,0.00,0.00,0.00,0.00,0.00,0.00,0.00,0.00,0.00,0.00,0.00,0.00,0.00,0.00,0.00,0.00,0.00,0.00,0.00,0.00,0.00,0.00,0.00,0.00,0.00,0.00,0.00,0.00,0.00,0.00,0.00,0.00,0.00,0.00,"33,621.57",0.00,0.00,0.00,0.00,0.00,0.00,0.00,0.00,0.00,0.00,0.00,0.00,0.00,0.00,0.00,0.00,0.00,0.00,0.00,0.00,0.00,0.00,0.00,0.00,0.00,0.00,0.00,0.00,0.00,0.00,0.00,0.00,0.00,0.00,0.00,0.00,0.00,0.00,0.00,"2,995.68","1,225.51",0.00,0.00,0.00,0.00,0.00,0.00,0.00,0.00,0.00,0.00,0.00,0.00,0.00,0.00,0.00,0.00,0.00,0.00,0.00,0.00,0.00,"2,769.64",0.00,"1,225.51","1,632.01",0.00,0.00,0.00,0.00,0.00,0.00,0.00,0.00,0.00,0.00,0.00,0.00,0.00,0.00,0.00,0.00,0.00,0.00,0.00,0.00,0.00,0.00,0.00,0.00,0.00,0.00,0.00,0.00,2,Permanente Interino,DIRECCION DE AERONAUTICA                                                                                                                              ,SUPERVISOR-Niv B2,No Asistenciales,01/01/2025,01/03/2026,12,22/08/1990,01/01/2025,2362/SEAC-24,POR RES. N°2362/SEAC-24 DAR POR CONCLUIDAS LAS FUNC. DE JEFE DE DPTO DE SUP. TECNICA# REUBICAR A LA DIR.GRAL.PCIAL DE AERONAUTICA Y ASIGNAR LAS FUNCIONES DE SUPERVISORA CON EL 45%FJ.-                 ,31/03/2025,516/SPS-25,POR RS. N°516/SPS-25 ASIGNAR LAS FUNCIONES DE SUBDIRECTORA DE ADMINISTRACION Y DESPACHO DE LA DIR.PCIAL DE AERONAUTICA. (NOTIF. 28/03/2025)                                                             ,34327218,23,PERSONAL DE PLANTA AERONAUTICA,F     ,NULL,24/04/2014,BACHILLER,SECUNDARIO                    ,Secundario                    ,1286536,DE    ,A27,0.00,0.00,0.00,0.00,0.00,0.00,0.00,0.00,0.00,0.00,0.00,0.00,0.00,0.00,0.00,0.00,0.00,0.00,0.00,0.00,0.00,0.00,0.00,0.00,0.00,0.00,0.00,0.00,0.00,0.00,0.00,0.00,0.00,0.00,0.00,0.00,0.00,0.00,0.00,0.00,0.00,0.00,0.00,0.00,0.00,0.00,0.00,0.00,0.00,0.00,0.00,0.00,0.00,0.00,0.00,SinDatos,0.00,RECIBO OK,0.00,0.00,0.00,0.00,0.00,0.00,0.00,0.00,0.00,0.00,0.00,0.00,0.00,0.00,0.00,0.00,0.00,0.00,0.00,0.00,0.00,0.00,0.00,0.00,0.00,0.00,0.00,0.00,0.00,0.00,0.00,0.00,0.00,0.00,0.00,0.00,0.00,0.00,0.00,0.00,0.00,0.00,0.00,0.00,0.00,0.00,0.00,0.00,0.00,0.00,0.00,0.00,0.00,0.00,0.00,0.00,0.00,0.00,0.00,0.00,0.00,0.00,0.00,0.00,0.00,0.00,0.00,0.00,0.00,0.00,0.00,0.00,0.00,0.00,0.00,0.00,0.00,0.00,0.00,0.00,0.00,0.00,0.00
NIVEL a1.                                          ,ORTEGA CHAHLA MELISSA MARIA,27343272184,34327218,"66,617.55",0.00,0.00,"66,617.55","-10,325.72",0.00,"56,291.83","12,586.33","13,204.26",0.00,"13,204.26","92,408.14","92,408.14","69,496.09",0.00,0.00,0.00,0.00,0.00,0.00,0.00,0.00,0.00,0.00,0.00,0.00,0.00,0.00,0.00,0.00,0.00,0.00,0.00,0.00,0.00,0.00,0.00,0.00,0.00,0.00,0.00,0.00,0.00,0.00,0.00,0.00,0.00,0.00,0.00,0.00,0.00,0.00,0.00,0.00,0.00,0.00,0.00,0.00,0.00,0.00,0.00,0.00,0.00,0.00,0.00,0.00,0.00,0.00,0.00,0.00,0.00,0.00,0.00,0.00,0.00,0.00,0.00,0.00,0.00,0.00,0.00,0.00,0.00,0.00,0.00,0.00,0.00,0.00,0.00,0.00,0.00,0.00,"82,243.89",0.00,0.00,0.00,0.00,0.00,0.00,0.00,0.00,0.00,0.00,0.00,0.00,0.00,0.00,0.00,0.00,0.00,0.00,0.00,0.00,0.00,0.00,0.00,0.00,0.00,0.00,0.00,0.00,0.00,0.00,0.00,0.00,0.00,0.00,0.00,0.00,0.00,0.00,"7,327.93","2,997.79",0.00,0.00,0.00,0.00,0.00,0.00,0.00,0.00,0.00,0.00,0.00,0.00,0.00,0.00,0.00,0.00,0.00,0.00,0.00,0.00,0.00,"6,775.00",0.00,"2,997.79","2,813.54",0.00,0.00,0.00,0.00,0.00,0.00,0.00,0.00,0.00,0.00,0.00,0.00,0.00,0.00,0.00,0.00,0.00,0.00,0.00,0.00,0.00,0.00,0.00,0.00,0.00,0.00,0.00,0.00,2,Permanente Interino,DIRECCION DE AERONAUTICA                                                                                                                              ,SUB-DIRECTOR-Niv A1,No Asistenciales,01/01/2026,01/03/2026,14,22/08/1990,01/01/2026,2026/SEAC/2025,SUB DIRECTORA DE ADMINISTRACION Y DESPACHO.-,NULL,NULL,NULL,34327218,26,PERSONAL DE PLANTA AERONAUTICA,F     ,01/01/2026,24/04/2014,BACHILLER,SECUNDARIO                    ,Secundario                    ,1286536,DE    ,A27,0.00,0.00,0.00,0.00,0.00,0.00,0.00,0.00,0.00,0.00,0.00,0.00,0.00,0.00,0.00,0.00,0.00,0.00,0.00,0.00,0.00,0.00,0.00,0.00,0.00,0.00,0.00,0.00,0.00,0.00,0.00,0.00,0.00,0.00,0.00,0.00,0.00,0.00,0.00,0.00,0.00,0.00,0.00,0.00,0.00,0.00,0.00,0.00,0.00,0.00,0.00,0.00,0.00,0.00,0.00,SinDatos,0.00,RECIBO OK,0.00,0.00,0.00,0.00,0.00,0.00,0.00,0.00,0.00,0.00,0.00,0.00,0.00,0.00,0.00,0.00,0.00,0.00,0.00,0.00,0.00,0.00,0.00,0.00,0.00,0.00,0.00,0.00,0.00,0.00,0.00,0.00,0.00,0.00,0.00,0.00,0.00,0.00,0.00,0.00,0.00,0.00,0.00,0.00,0.00,0.00,0.00,0.00,0.00,0.00,0.00,0.00,0.00,0.00,0.00,0.00,0.00,0.00,0.00,0.00,0.00,0.00,0.00,0.00,0.00,0.00,0.00,0.00,0.00,0.00,0.00,0.00,0.00,0.00,0.00,0.00,0.00,0.00,0.00,0.00,0.00,0.00,0.00
NIVEL d                                                     ,PASTOR EDUARDO ANTONIO,20172683925,17268392,"3,724,006.22","406,174.38","47,200.00","4,177,380.60","-673,449.21","-16,464.00","3,487,467.39","630,152.92",0.00,0.00,0.00,"4,807,533.52","4,807,533.52","3,487,467.39","177,811.68","64,012.14",0.00,0.00,0.00,0.00,0.00,"908,427.10",0.00,0.00,0.00,0.00,0.00,0.00,0.00,0.00,0.00,0.00,0.00,0.00,0.00,0.00,0.00,0.00,0.00,0.00,0.00,0.00,0.00,0.00,0.00,0.00,0.00,0.00,0.00,0.00,0.00,0.00,0.00,0.00,0.00,0.00,0.00,0.00,0.00,0.00,0.00,0.00,0.00,0.00,0.00,0.00,0.00,0.00,"73,029.71",GRADO  IV            ,0.00,"136,915.14",0.00,0.00,0.00,0.00,"81,464.00",0.00,0.00,30.00,18.00,0.00,0.00,0.00,0.00,0.00,0.00,0.00,0.00,"35,562.34",0.00,0.00,0.00,0.00,0.00,0.00,0.00,0.00,"16,023.88",0.00,0.00,"6,962.34",0.00,0.00,0.00,0.00,0.00,0.00,0.00,0.00,0.00,0.00,0.00,0.00,0.00,0.00,"36,514.86",0.00,0.00,0.00,0.00,0.00,0.00,0.00,0.00,"6,000.00",0.00,0.00,900.00,0.00,0.00,"409,640.68","198,808.53",0.00,0.00,0.00,0.00,0.00,0.00,0.00,0.00,"65,000.00",0.00,0.00,0.00,0.00,0.00,0.00,0.00,0.00,0.00,0.00,0.00,0.00,"378,731.43",0.00,"126,701.06","124,720.43",0.00,"9,564.00",0.00,0.00,0.00,0.00,0.00,0.00,0.00,0.00,0.00,0.00,0.00,0.00,0.00,0.00,0.00,0.00,0.00,0.00,"96,677.42",NIVEL d                ,"400,697.15",0.00,0.00,0.00,0.00,0.00,2,Permanente Interino,DIRECCION DE AERONAUTICA                                                                                                                              ,PILOTO - NIVEL d                            ,No Asistenciales,01/03/2026,01/03/2026,1,16/04/1965,01/11/2023,.,NULL,NULL,NULL,NULL,17268392,8,PERSONAL DE PLANTA AERONAUTICA,M     ,01/11/2023,16/11/2023,SECUNDARIO                                                  ,SECUNDARIO                    ,Secundario                    ,1286536,DE    ,A27,0.00,0.00,0.00,0.00,0.00,0.00,0.00,0.00,0.00,0.00,0.00,0.00,0.00,0.00,0.00,0.00,0.00,0.00,0.00,0.00,0.00,0.00,0.00,0.00,0.00,0.00,0.00,0.00,0.00,0.00,0.00,0.00,0.00,0.00,0.00,0.00,0.00,0.00,0.00,0.00,0.00,0.00,0.00,0.00,"5,477.23",0.00,0.00,0.00,"177,811.68",0.00,"22,202.96",0.00,0.00,0.00,0.00,SinDatos,0.00,RECIBO OK,0.00,0.00,0.00,0.00,"111,272.70",0.00,0.00,0.00,0.00,0.00,0.00,0.00,0.00,0.00,0.00,0.00,0.00,0.00,0.00,0.00,0.00,0.00,0.00,0.00,0.00,0.00,0.00,0.00,0.00,0.00,0.00,0.00,0.00,0.00,0.00,0.00,0.00,0.00,0.00,0.00,0.00,0.00,0.00,0.00,0.00,0.00,0.00,0.00,0.00,0.00,0.00,"169,488.23",0.00,0.00,0.00,0.00,0.00,0.00,0.00,0.00,0.00,0.00,0.00,0.00,0.00,0.00,0.00,0.00,0.00,0.00,0.00,0.00,0.00,"88,905.84",0.00,0.00,0.00,0.00,0.00,0.00,0.00,0.00,0.00
NIVEL b2.                                          ,PERALTA MAXIMILIANO JOSE,20337569960,33756996,"328,273.31","2,485,235.83",0.00,"2,813,509.14","-115,882.36","-16,464.00","2,681,162.78","135,329.99","65,067.02",0.00,"65,067.02","3,013,906.15","3,013,906.15","2,746,229.80","242,932.72",0.00,0.00,0.00,0.00,0.00,0.00,0.00,0.00,0.00,0.00,0.00,0.00,0.00,0.00,0.00,0.00,0.00,0.00,0.00,0.00,0.00,0.00,0.00,0.00,0.00,0.00,0.00,0.00,0.00,0.00,0.00,0.00,0.00,0.00,0.00,0.00,0.00,0.00,0.00,0.00,0.00,0.00,0.00,0.00,0.00,0.00,0.00,0.00,0.00,0.00,0.00,0.00,0.00,0.00,0.00,"183,839.51",0.00,0.00,0.00,0.00,0.00,"81,464.00",0.00,0.00,30.00,0.00,0.00,0.00,0.00,0.00,0.00,0.00,0.00,0.00,0.00,0.00,"97,173.09",0.00,0.00,0.00,0.00,0.00,0.00,"15,652.88",0.00,"6,449.02",0.00,0.00,0.00,0.00,0.00,0.00,0.00,0.00,0.00,0.00,0.00,0.00,0.00,0.00,0.00,"49,517.01",0.00,0.00,0.00,0.00,0.00,0.00,0.00,0.00,"6,000.00",0.00,0.00,900.00,0.00,0.00,"36,110.06","14,772.30",0.00,0.00,0.00,0.00,0.00,0.00,0.00,0.00,"65,000.00",0.00,0.00,0.00,0.00,0.00,0.00,0.00,0.00,0.00,0.00,0.00,0.00,"33,385.40",0.00,"14,772.30","87,172.29",0.00,"9,564.00",0.00,0.00,0.00,0.00,0.00,0.00,0.00,0.00,0.00,0.00,0.00,0.00,0.00,0.00,"121,466.36",0.00,"94,439.05","NIVEL b2,            ",0.00,0.00,0.00,0.00,0.00,0.00,0.00,0.00,6,Reemplazante no permanente,DIRECCION DE AERONAUTICA                                                                                                                              ,PILOTO-Niv B2                                  ,No Asistenciales,01/02/2026,01/03/2026,8,10/06/1988,01/02/2026,RM.-,COB.-                                                                                                                                                                                                   ,28/02/2026,CP.-,NULL,33756996,7,PERSONAL DE PLANTA AERONAUTICA,M     ,01/02/2026,11/07/2025,UNIVERSITARIO 4  años,UNIVERSITARIO                 ,Universitario 4 años          ,1286536,DE    ,A27,0.00,0.00,0.00,0.00,0.00,0.00,0.00,0.00,0.00,0.00,0.00,0.00,0.00,0.00,0.00,0.00,0.00,0.00,0.00,0.00,0.00,0.00,0.00,0.00,0.00,0.00,0.00,0.00,0.00,0.00,0.00,0.00,0.00,0.00,0.00,0.00,0.00,0.00,0.00,0.00,0.00,0.00,0.00,0.00,0.00,0.00,0.00,"242,932.71",0.00,"33,006.85",0.00,0.00,0.00,"19,989.54","52,260.65",SinDatos,0.00,RECIBO OK,0.00,0.00,0.00,0.00,0.00,0.00,0.00,0.00,0.00,0.00,0.00,0.00,0.00,0.00,0.00,0.00,0.00,0.00,0.00,0.00,0.00,0.00,0.00,0.00,0.00,0.00,0.00,0.00,0.00,0.00,0.00,0.00,0.00,0.00,0.00,0.00,0.00,0.00,0.00,0.00,0.00,0.00,0.00,0.00,0.00,0.00,0.00,0.00,0.00,0.00,"165,564.04",0.00,0.00,0.00,0.00,0.00,0.00,0.00,0.00,0.00,0.00,0.00,0.00,0.00,0.00,0.00,0.00,0.00,0.00,0.00,0.00,0.00,0.00,0.00,0.00,0.00,0.00,0.00,0.00,0.00,0.00,0.00,0.00
NIVEL d                                                     ,RUIZ JONATHAN ALEJANDRO,20381195105,38119510,"213,932.18","1,042,988.63","40,000.00","1,296,920.81","-81,909.49","-21,812.30","1,193,199.02","71,178.59","42,403.47",0.00,"42,403.47","1,410,502.87","1,410,502.87","1,235,602.49","177,811.68","14,224.94",0.00,0.00,0.00,0.00,0.00,0.00,0.00,0.00,0.00,0.00,0.00,0.00,0.00,0.00,0.00,0.00,0.00,0.00,0.00,0.00,0.00,0.00,0.00,0.00,0.00,0.00,0.00,0.00,0.00,0.00,0.00,0.00,0.00,0.00,0.00,0.00,0.00,0.00,0.00,0.00,0.00,0.00,0.00,0.00,0.00,0.00,0.00,0.00,0.00,0.00,0.00,0.00,0.00,0.00,"129,532.41",0.00,0.00,0.00,0.00,0.00,"65,214.00",0.00,0.00,30.00,4.00,0.00,0.00,0.00,0.00,0.00,0.00,0.00,0.00,"35,562.33",0.00,0.00,0.00,0.00,0.00,0.00,0.00,0.00,0.00,0.00,"5,332.88",0.00,0.00,0.00,0.00,"5,348.30",0.00,0.00,0.00,0.00,0.00,0.00,0.00,0.00,0.00,0.00,"36,514.85",0.00,0.00,0.00,0.00,0.00,0.00,0.00,0.00,"6,000.00",0.00,0.00,900.00,0.00,0.00,"23,532.54","9,626.95",0.00,0.00,0.00,0.00,0.00,0.00,0.00,0.00,"48,750.00",0.00,0.00,0.00,0.00,0.00,0.00,0.00,0.00,0.00,0.00,0.00,0.00,"21,756.90",0.00,"9,626.95","39,794.74",0.00,"9,564.00",0.00,0.00,0.00,0.00,0.00,0.00,0.00,0.00,0.00,0.00,0.00,0.00,0.00,0.00,"88,905.84",0.00,"96,677.42",NIVEL d                ,0.00,0.00,0.00,0.00,0.00,0.00,0.00,0.00,2,Permanente Interino,DIRECCION DE AERONAUTICA                                                                                                                              ,ADMINISTRATIVO - NIVEL d,No Asistenciales,01/03/2026,01/03/2026,2,13/11/1993,01/01/2026,1503/SPS/2025,PASE A PLANTA INTERINA.-                                                                                                                                                                                ,NULL,NULL,NULL,38119510,5,PERSONAL DE PLANTA AERONAUTICA,M     ,01/01/2026,22/11/2023,BACHILLER,SECUNDARIO                    ,Secundario                    ,1286536,DE    ,A27,0.00,0.00,0.00,0.00,0.00,0.00,0.00,0.00,0.00,0.00,0.00,0.00,0.00,0.00,0.00,0.00,0.00,0.00,0.00,0.00,0.00,0.00,0.00,0.00,0.00,0.00,0.00,0.00,0.00,0.00,0.00,0.00,0.00,0.00,0.00,0.00,0.00,0.00,0.00,0.00,0.00,0.00,0.00,0.00,0.00,0.00,0.00,"177,811.68",0.00,"22,202.96",0.00,0.00,0.00,0.00,"111,272.70",SinDatos,0.00,RECIBO OK,0.00,0.00,0.00,0.00,0.00,0.00,0.00,0.00,0.00,0.00,0.00,0.00,0.00,0.00,0.00,0.00,0.00,0.00,0.00,0.00,0.00,0.00,0.00,0.00,0.00,0.00,0.00,0.00,0.00,0.00,0.00,0.00,0.00,0.00,0.00,0.00,0.00,0.00,0.00,0.00,0.00,0.00,0.00,0.00,0.00,0.00,0.00,0.00,0.00,0.00,"169,488.23",0.00,0.00,0.00,0.00,0.00,0.00,0.00,0.00,0.00,0.00,0.00,0.00,0.00,0.00,0.00,0.00,0.00,0.00,0.00,0.00,0.00,0.00,0.00,0.00,0.00,0.00,0.00,0.00,0.00,0.00,0.00,0.00
NIVEL d                                                     ,SAGRISTA LOPEZ FEDERICO GUILLERMO,20304087588,30408758,"231,811.01","2,596,552.17",0.00,"2,828,363.18","-100,930.71","-16,464.00","2,710,968.47","121,051.00","45,947.24",0.00,"45,947.24","2,995,361.42","2,995,361.42","2,756,915.71","177,811.68","28,449.88",0.00,0.00,0.00,0.00,0.00,0.00,0.00,0.00,0.00,0.00,0.00,0.00,0.00,0.00,0.00,0.00,0.00,0.00,0.00,0.00,0.00,0.00,0.00,0.00,0.00,0.00,0.00,0.00,0.00,0.00,0.00,0.00,0.00,0.00,0.00,0.00,0.00,0.00,0.00,0.00,0.00,0.00,0.00,0.00,0.00,0.00,0.00,0.00,0.00,0.00,0.00,0.00,"27,386.15",GRADO  II            ,"106,994.76",0.00,0.00,0.00,0.00,0.00,"81,464.00",0.00,0.00,30.00,8.00,0.00,0.00,0.00,0.00,0.00,0.00,0.00,0.00,0.00,0.00,0.00,0.00,0.00,0.00,0.00,0.00,0.00,"16,023.88",0.00,"5,332.88",0.00,0.00,0.00,0.00,0.00,0.00,0.00,0.00,0.00,0.00,0.00,0.00,0.00,0.00,0.00,"36,514.85",0.00,0.00,0.00,0.00,0.00,0.00,0.00,0.00,"6,000.00",0.00,0.00,900.00,0.00,0.00,"25,499.21","10,431.50",0.00,0.00,0.00,0.00,0.00,0.00,0.00,0.00,"65,000.00",0.00,0.00,0.00,0.00,0.00,0.00,0.00,0.00,0.00,0.00,0.00,0.00,"23,575.18",0.00,"10,431.50","87,044.32",0.00,"9,564.00",0.00,0.00,0.00,0.00,0.00,0.00,0.00,0.00,0.00,0.00,0.00,0.00,0.00,0.00,"88,905.84",0.00,"96,677.42",NIVEL d                ,0.00,0.00,0.00,0.00,0.00,0.00,0.00,0.00,2,Permanente Interino,DIRECCION DE AERONAUTICA                                                                                                                              ,PILOTO - NIVEL d                            ,No Asistenciales,01/03/2026,01/03/2026,2,21/07/1983,01/01/2026,1503/SPS/2025,PASE A PLANTA INTERINA.-                                                                                                                                                                                ,NULL,NULL,NULL,30408758,30,PERSONAL DE PLANTA AERONAUTICA,M     ,01/01/2026,NULL,NULL,NULL,NULL,1286536,DE    ,A27,0.00,0.00,0.00,0.00,0.00,0.00,0.00,0.00,0.00,0.00,0.00,0.00,0.00,0.00,0.00,0.00,0.00,0.00,0.00,0.00,0.00,0.00,0.00,0.00,0.00,0.00,0.00,0.00,0.00,0.00,0.00,0.00,0.00,0.00,0.00,0.00,0.00,0.00,0.00,0.00,0.00,0.00,0.00,0.00,"1,825.74",0.00,0.00,"177,811.68",0.00,"22,202.96",0.00,0.00,0.00,0.00,"111,272.70",SinDatos,0.00,RECIBO OK,0.00,0.00,0.00,0.00,0.00,0.00,0.00,0.00,0.00,0.00,0.00,0.00,0.00,0.00,0.00,0.00,0.00,0.00,0.00,0.00,0.00,0.00,0.00,0.00,0.00,0.00,0.00,0.00,0.00,0.00,0.00,0.00,0.00,0.00,0.00,0.00,0.00,0.00,0.00,0.00,0.00,0.00,0.00,0.00,0.00,0.00,0.00,0.00,0.00,0.00,"169,488.23",0.00,0.00,0.00,0.00,0.00,0.00,0.00,0.00,0.00,0.00,0.00,0.00,0.00,0.00,0.00,0.00,0.00,0.00,0.00,0.00,0.00,0.00,0.00,0.00,0.00,0.00,0.00,0.00,0.00,0.00,0.00,0.00
NIVEL d                                                     ,SILVA OMAR ALBERTO    ,20282216060,28221606,"263,497.05","1,020,421.40","83,200.00","1,367,118.45","-89,592.05","-23,051.43","1,254,474.97","79,554.42","52,227.72",0.00,"52,227.72","1,498,900.59","1,498,900.59","1,306,702.69","177,811.68","32,006.11",0.00,0.00,0.00,0.00,0.00,0.00,0.00,0.00,0.00,0.00,0.00,0.00,0.00,0.00,0.00,0.00,0.00,0.00,0.00,0.00,0.00,0.00,0.00,0.00,0.00,0.00,0.00,0.00,0.00,0.00,0.00,0.00,0.00,0.00,0.00,0.00,0.00,0.00,0.00,0.00,0.00,0.00,0.00,0.00,0.00,0.00,0.00,0.00,0.00,0.00,0.00,0.00,"27,386.15",GRADO  II            ,"106,994.76",0.00,0.00,0.00,0.00,0.00,"65,214.00",0.00,0.00,30.00,9.00,0.00,0.00,0.00,0.00,0.00,0.00,0.00,0.00,"35,562.33",0.00,0.00,0.00,0.00,0.00,0.00,0.00,0.00,"16,023.88",0.00,"5,332.88",0.00,0.00,0.00,0.00,"6,587.43",0.00,0.00,0.00,0.00,0.00,0.00,0.00,0.00,0.00,0.00,"36,514.85",0.00,0.00,0.00,0.00,0.00,0.00,0.00,0.00,"6,000.00",0.00,0.00,900.00,0.00,0.00,"28,984.68","11,857.37",0.00,0.00,0.00,0.00,0.00,0.00,0.00,0.00,"48,750.00",0.00,0.00,0.00,0.00,0.00,0.00,0.00,0.00,0.00,0.00,0.00,0.00,"26,797.65",0.00,"11,857.37","40,899.40",0.00,"9,564.00",0.00,0.00,0.00,0.00,0.00,0.00,0.00,0.00,0.00,0.00,0.00,0.00,0.00,0.00,"88,905.84",0.00,"96,677.42",NIVEL d                ,0.00,0.00,0.00,0.00,0.00,0.00,0.00,0.00,2,Permanente Interino,DIRECCION DE AERONAUTICA                                                                                                                              ,PRESTADOR DE SERVICIO DE RAMPA - Nivel D                    ,No Asistenciales,01/03/2026,01/03/2026,3,10/07/1980,01/01/2026,1503/SPS/2025,PASE A PLANTA INTERINA.-                                                                                                                                                                                ,NULL,NULL,NULL,28221606,36,PERSONAL DE PLANTA AERONAUTICA,M     ,01/01/2026,22/11/2023,PERITO MERCANTIL,SECUNDARIO                    ,Secundario                    ,1286536,DE    ,A27,0.00,0.00,0.00,0.00,0.00,0.00,0.00,0.00,0.00,0.00,0.00,0.00,0.00,0.00,0.00,0.00,0.00,0.00,0.00,0.00,0.00,0.00,0.00,0.00,0.00,0.00,0.00,0.00,0.00,0.00,0.00,0.00,0.00,0.00,0.00,0.00,0.00,0.00,0.00,0.00,0.00,0.00,0.00,0.00,"1,825.74",0.00,0.00,"177,811.68",0.00,"22,202.96",0.00,0.00,0.00,0.00,"111,272.70",SinDatos,0.00,RECIBO OK,0.00,0.00,0.00,0.00,0.00,0.00,0.00,0.00,0.00,0.00,0.00,0.00,0.00,0.00,0.00,0.00,0.00,0.00,0.00,0.00,0.00,0.00,0.00,0.00,0.00,0.00,0.00,0.00,0.00,0.00,0.00,0.00,0.00,0.00,0.00,0.00,0.00,0.00,0.00,0.00,0.00,0.00,0.00,0.00,0.00,0.00,0.00,0.00,0.00,0.00,"169,488.23",0.00,0.00,0.00,0.00,0.00,0.00,0.00,0.00,0.00,0.00,0.00,0.00,0.00,0.00,0.00,0.00,0.00,0.00,0.00,0.00,0.00,0.00,0.00,0.00,0.00,0.00,0.00,0.00,0.00,0.00,0.00,0.00
NIVEL d                                                     ,SORIA FERULLO MARIA FLORENCIA,27395754942,39575494,"224,030.97","1,411,810.41","41,600.00","1,677,441.38","-83,474.80","-22,964.77","1,571,001.81","84,087.75","44,405.15",0.00,"44,405.15","1,805,934.28","1,805,934.28","1,615,406.96","177,811.68","10,668.70",0.00,0.00,0.00,0.00,0.00,0.00,0.00,0.00,0.00,0.00,0.00,0.00,0.00,0.00,0.00,0.00,0.00,0.00,0.00,0.00,0.00,0.00,0.00,0.00,0.00,0.00,0.00,0.00,0.00,0.00,0.00,0.00,0.00,0.00,0.00,0.00,0.00,0.00,0.00,0.00,0.00,0.00,0.00,0.00,0.00,0.00,0.00,0.00,0.00,0.00,0.00,0.00,0.00,0.00,"129,532.41",0.00,0.00,0.00,0.00,0.00,"66,114.00",0.00,0.00,30.00,3.00,0.00,0.00,0.00,0.00,0.00,0.00,0.00,0.00,"35,562.33",0.00,0.00,0.00,0.00,0.00,0.00,0.00,0.00,"16,023.88",0.00,"5,332.88",0.00,0.00,0.00,0.00,"5,600.77",0.00,0.00,0.00,0.00,0.00,0.00,0.00,0.00,0.00,0.00,"36,514.85",0.00,0.00,0.00,0.00,0.00,0.00,0.00,0.00,"6,000.00",0.00,0.00,900.00,900.00,0.00,"24,643.41","10,081.39",0.00,0.00,0.00,0.00,0.00,0.00,0.00,0.00,"48,750.00",0.00,0.00,0.00,0.00,0.00,0.00,0.00,0.00,0.00,0.00,0.00,0.00,"22,783.95",0.00,"10,081.39","51,222.41",0.00,"9,564.00",0.00,0.00,0.00,0.00,0.00,0.00,0.00,0.00,0.00,0.00,0.00,0.00,0.00,0.00,"88,905.84",0.00,"96,677.42",NIVEL d                ,0.00,0.00,0.00,0.00,0.00,0.00,0.00,0.00,2,Permanente Interino,DIRECCION DE AERONAUTICA                                                                                                                              ,ADMINISTRATIVO - NIVEL d,No Asistenciales,01/03/2026,01/03/2026,16,02/05/1996,01/01/2026,1503/SPS/2025,PASE A PLANTA INTERINA.-                                                                                                                                                                                ,NULL,NULL,NULL,27395754942,19,PERSONAL DE PLANTA AERONAUTICA,F     ,01/01/2026,16/09/2022,SECUNDARIO                                                  ,SECUNDARIO                    ,Secundario                    ,1286536,DE    ,A27,0.00,0.00,0.00,0.00,0.00,0.00,0.00,0.00,0.00,0.00,0.00,0.00,0.00,0.00,0.00,0.00,0.00,0.00,0.00,0.00,0.00,0.00,0.00,0.00,0.00,0.00,0.00,0.00,0.00,0.00,0.00,0.00,0.00,0.00,0.00,0.00,0.00,0.00,0.00,0.00,0.00,0.00,0.00,0.00,0.00,0.00,0.00,"177,811.68",0.00,"21,325.75",0.00,0.00,0.00,"119,800.15","111,272.70",SinDatos,0.00,RECIBO OK,0.00,0.00,0.00,0.00,0.00,0.00,0.00,0.00,0.00,0.00,0.00,0.00,0.00,0.00,"491,663.35",0.00,0.00,0.00,0.00,0.00,0.00,0.00,0.00,0.00,0.00,0.00,0.00,0.00,0.00,0.00,0.00,0.00,0.00,0.00,0.00,0.00,0.00,0.00,0.00,0.00,0.00,0.00,0.00,0.00,0.00,0.00,0.00,0.00,0.00,0.00,"169,488.23",0.00,0.00,0.00,0.00,0.00,0.00,0.00,0.00,0.00,0.00,0.00,0.00,0.00,0.00,0.00,0.00,0.00,0.00,0.00,0.00,0.00,0.00,0.00,0.00,0.00,0.00,0.00,0.00,0.00,0.00,0.00,0.00
NIVEL d                                                     ,TALAMONTI DIEGO MARCELO,23326533149,32653314,"226,911.52","1,035,847.53",0.00,"1,262,759.05","-83,921.29","-22,136.79","1,156,700.97","73,334.98","44,976.11",0.00,"44,976.11","1,381,070.14","1,381,070.14","1,201,677.08","177,811.68","14,224.94",0.00,0.00,0.00,0.00,0.00,0.00,0.00,0.00,0.00,0.00,0.00,0.00,0.00,0.00,0.00,0.00,0.00,0.00,0.00,0.00,0.00,0.00,0.00,0.00,0.00,0.00,0.00,0.00,0.00,0.00,0.00,0.00,0.00,0.00,0.00,0.00,0.00,0.00,0.00,0.00,0.00,0.00,0.00,0.00,0.00,0.00,0.00,0.00,0.00,0.00,0.00,0.00,0.00,0.00,"129,532.41",0.00,0.00,0.00,0.00,0.00,"65,214.00",0.00,0.00,30.00,4.00,0.00,0.00,0.00,0.00,0.00,0.00,0.00,0.00,"35,562.33",0.00,0.00,0.00,0.00,0.00,0.00,0.00,0.00,"16,023.88",0.00,"5,332.88",0.00,0.00,0.00,0.00,"5,672.79",0.00,0.00,0.00,0.00,0.00,0.00,0.00,0.00,0.00,0.00,"36,514.85",0.00,0.00,0.00,0.00,0.00,0.00,0.00,0.00,"6,000.00",0.00,0.00,900.00,0.00,0.00,"24,960.27","10,211.02",0.00,0.00,0.00,0.00,0.00,0.00,0.00,0.00,"48,750.00",0.00,0.00,0.00,0.00,0.00,0.00,0.00,0.00,0.00,0.00,0.00,0.00,"23,076.90",0.00,"10,211.02","40,047.06",0.00,"9,564.00",0.00,0.00,0.00,0.00,0.00,0.00,0.00,0.00,0.00,0.00,0.00,0.00,0.00,0.00,"88,905.84",0.00,"96,677.42",NIVEL d                ,0.00,0.00,0.00,0.00,0.00,0.00,0.00,0.00,2,Permanente Interino,DIRECCION DE AERONAUTICA                                                                                                                              ,PRESTADOR DE SERVICIO DE RAMPA - Nivel D                    ,No Asistenciales,01/03/2026,01/03/2026,3,25/08/1986,01/01/2026,1503/SPS/2025,PASE A PLANTA INTERINA.-                                                                                                                                                                                ,NULL,NULL,NULL,32653314,16,PERSONAL DE PLANTA AERONAUTICA,M     ,01/01/2026,22/11/2023,BACHILLER,SECUNDARIO                    ,Secundario                    ,1286536,DE    ,A27,0.00,0.00,0.00,0.00,0.00,0.00,0.00,0.00,0.00,0.00,0.00,0.00,0.00,0.00,0.00,0.00,0.00,0.00,0.00,0.00,0.00,0.00,0.00,0.00,0.00,0.00,0.00,0.00,0.00,0.00,0.00,0.00,0.00,0.00,0.00,0.00,0.00,0.00,0.00,0.00,0.00,0.00,0.00,0.00,0.00,0.00,0.00,"177,811.68",0.00,"22,202.96",0.00,0.00,0.00,0.00,"111,272.70",SinDatos,0.00,RECIBO OK,0.00,0.00,0.00,0.00,0.00,0.00,0.00,0.00,0.00,0.00,0.00,0.00,0.00,0.00,0.00,0.00,0.00,0.00,0.00,0.00,0.00,0.00,0.00,0.00,0.00,0.00,0.00,0.00,0.00,0.00,0.00,0.00,0.00,0.00,0.00,0.00,0.00,0.00,0.00,0.00,0.00,0.00,0.00,0.00,0.00,0.00,0.00,0.00,0.00,0.00,"169,488.23",0.00,0.00,0.00,0.00,0.00,0.00,0.00,0.00,0.00,0.00,0.00,0.00,0.00,0.00,0.00,0.00,0.00,0.00,0.00,0.00,0.00,0.00,0.00,0.00,0.00,0.00,0.00,0.00,0.00,0.00,0.00,0.00
NIVEL d                                                     ,TORRES MATIAS JESUS  ,20355219152,35521915,"198,106.03","1,014,875.88",0.00,"1,212,981.91","-79,456.43","-46,198.48","1,087,327.00","67,444.61","39,266.58",0.00,"39,266.58","1,319,693.10","1,319,693.10","1,126,593.58","177,811.68","14,224.94",0.00,0.00,0.00,0.00,0.00,0.00,0.00,0.00,0.00,0.00,0.00,0.00,0.00,0.00,0.00,0.00,0.00,0.00,0.00,0.00,0.00,0.00,0.00,0.00,0.00,0.00,0.00,0.00,0.00,0.00,0.00,0.00,0.00,0.00,0.00,0.00,0.00,0.00,0.00,0.00,0.00,0.00,0.00,0.00,0.00,0.00,0.00,0.00,0.00,0.00,0.00,0.00,0.00,0.00,"129,532.41",0.00,0.00,0.00,0.00,0.00,"65,214.00",0.00,0.00,30.00,4.00,0.00,0.00,0.00,0.00,0.00,0.00,0.00,0.00,0.00,0.00,0.00,0.00,0.00,0.00,0.00,0.00,0.00,"16,023.88",0.00,"5,332.88",0.00,0.00,0.00,0.00,"4,952.65",0.00,0.00,0.00,0.00,0.00,0.00,0.00,0.00,0.00,0.00,"36,514.85",0.00,0.00,0.00,0.00,0.00,0.00,0.00,0.00,"6,000.00",0.00,0.00,900.00,0.00,0.00,"21,791.66","8,914.77",0.00,0.00,0.00,0.00,0.00,0.00,0.00,0.00,"48,750.00",0.00,0.00,0.00,0.00,0.00,0.00,0.00,0.00,0.00,0.00,0.00,0.00,"20,147.38",0.00,"8,914.77","38,382.46",0.00,"9,564.00",0.00,0.00,0.00,0.00,0.00,0.00,0.00,0.00,0.00,0.00,0.00,0.00,0.00,0.00,"88,905.84",0.00,"96,677.42",NIVEL d                ,0.00,0.00,0.00,0.00,0.00,0.00,0.00,0.00,2,Permanente Interino,DIRECCION DE AERONAUTICA                                                                                                                              ,PRESTADOR DE SERVICIO DE RAMPA - Nivel D                    ,No Asistenciales,01/03/2026,01/03/2026,3,03/03/1991,01/01/2026,1503/SPS/2025,PASE A PLANTA INTERINA.-                                                                                                                                                                                ,NULL,NULL,NULL,35521915,10,PERSONAL DE PLANTA AERONAUTICA,M     ,01/01/2026,NULL,NULL,NULL,NULL,1286536,DE    ,A27,0.00,0.00,0.00,0.00,0.00,0.00,0.00,0.00,0.00,0.00,0.00,0.00,0.00,0.00,0.00,0.00,0.00,0.00,0.00,0.00,0.00,0.00,0.00,0.00,0.00,0.00,0.00,0.00,0.00,0.00,0.00,0.00,0.00,0.00,0.00,0.00,0.00,0.00,0.00,0.00,0.00,0.00,0.00,0.00,0.00,0.00,0.00,"177,811.68",0.00,"22,202.96",0.00,0.00,0.00,0.00,"111,272.70",SinDatos,0.00,RECIBO OK,0.00,0.00,0.00,0.00,0.00,0.00,0.00,0.00,0.00,0.00,0.00,0.00,0.00,0.00,0.00,0.00,0.00,0.00,0.00,0.00,0.00,0.00,0.00,0.00,0.00,0.00,0.00,0.00,0.00,0.00,0.00,0.00,0.00,0.00,0.00,0.00,0.00,0.00,0.00,0.00,0.00,0.00,0.00,0.00,0.00,0.00,0.00,0.00,0.00,0.00,"169,488.23",0.00,0.00,0.00,0.00,0.00,0.00,0.00,0.00,0.00,0.00,0.00,0.00,0.00,0.00,0.00,0.00,0.00,0.00,0.00,0.00,0.00,0.00,0.00,0.00,0.00,0.00,0.00,0.00,0.00,0.00,0.00,0.00
NIVEL c                                                     ,TRESGUERRES HECTOR EDGARDO,20119583382,11958338,"3,626,441.42","381,126.83","5,600.00","4,013,168.25","-708,820.22","-16,464.00","3,287,884.03","653,041.01",0.00,0.00,0.00,"4,666,209.26","4,666,209.26","3,287,884.03","267,064.70","138,873.54",0.00,0.00,0.00,0.00,0.00,0.00,0.00,0.00,0.00,0.00,0.00,0.00,0.00,0.00,0.00,0.00,0.00,0.00,0.00,0.00,0.00,0.00,0.00,0.00,0.00,0.00,0.00,0.00,0.00,0.00,0.00,0.00,0.00,0.00,0.00,0.00,0.00,0.00,0.00,0.00,0.00,0.00,0.00,0.00,0.00,0.00,0.00,0.00,0.00,0.00,0.00,0.00,"163,096.39",GRADO  VI            ,0.00,0.00,0.00,0.00,0.00,0.00,"81,464.00",0.00,0.00,30.00,26.00,0.00,0.00,0.00,0.00,0.00,0.00,0.00,0.00,0.00,"80,119.41",0.00,0.00,0.00,0.00,0.00,0.00,0.00,"16,023.88",0.00,0.00,"8,464.12",0.00,0.00,0.00,0.00,0.00,0.00,0.00,0.00,0.00,0.00,0.00,0.00,0.00,0.00,"54,365.46",0.00,0.00,0.00,0.00,0.00,0.00,0.00,0.00,"6,000.00",0.00,0.00,900.00,0.00,0.00,"398,908.56","244,911.66",0.00,0.00,0.00,0.00,0.00,0.00,0.00,0.00,"65,000.00",0.00,0.00,0.00,0.00,0.00,0.00,0.00,0.00,0.00,0.00,0.00,0.00,"368,809.09",0.00,"163,189.86","121,042.06",0.00,"9,564.00",0.00,0.00,0.00,0.00,0.00,0.00,0.00,0.00,0.00,0.00,0.00,0.00,0.00,0.00,0.00,0.00,0.00,0.00,"96,677.42",NIVEL c                ,"367,535.46",0.00,0.00,0.00,0.00,0.00,2,Permanente Interino,DIRECCION DE AERONAUTICA                                                                                                                              ,PILOTO - NIVEL c                            ,No Asistenciales,01/03/2026,01/03/2026,1,12/08/1958,01/11/2023,.,NULL,NULL,NULL,NULL,11958338,4,PERSONAL DE PLANTA AERONAUTICA,M     ,01/11/2023,16/11/2023,NIVEL TERCIARIO                                             ,TERCIARIO                     ,Terciario                     ,1286536,DE    ,A27,0.00,0.00,0.00,0.00,0.00,0.00,0.00,0.00,0.00,0.00,0.00,0.00,0.00,0.00,0.00,0.00,0.00,0.00,0.00,0.00,0.00,0.00,0.00,0.00,0.00,0.00,0.00,0.00,0.00,0.00,0.00,0.00,0.00,0.00,0.00,0.00,0.00,0.00,0.00,0.00,0.00,0.00,0.00,0.00,"13,591.37",0.00,0.00,0.00,"267,064.70",0.00,"28,304.53",0.00,0.00,0.00,0.00,SinDatos,0.00,RECIBO OK,0.00,0.00,0.00,0.00,"76,196.01",0.00,0.00,0.00,0.00,0.00,0.00,0.00,0.00,0.00,0.00,0.00,0.00,0.00,0.00,0.00,0.00,0.00,0.00,0.00,0.00,0.00,0.00,0.00,0.00,0.00,0.00,0.00,0.00,0.00,0.00,0.00,0.00,0.00,0.00,0.00,0.00,0.00,0.00,0.00,0.00,0.00,0.00,0.00,0.00,0.00,0.00,"169,488.23",0.00,0.00,0.00,0.00,0.00,0.00,0.00,0.00,0.00,0.00,0.00,0.00,0.00,0.00,0.00,0.00,0.00,0.00,0.00,0.00,"311,130.72","133,532.35",0.00,0.00,0.00,0.00,0.00,0.00,0.00,0.00,0.00
NIVEL a3.                                          ,URIA AGUSTIN                ,20410594340,41059434,"391,095.57","1,479,378.62",0.00,"1,870,474.19","-109,369.81","-16,464.00","1,744,640.38","116,628.53","77,519.02",0.00,"77,519.02","2,064,621.74","2,064,621.74","1,822,159.40","310,649.66","25,232.99",0.00,0.00,0.00,0.00,0.00,0.00,0.00,0.00,0.00,0.00,0.00,0.00,0.00,0.00,0.00,0.00,0.00,0.00,0.00,0.00,0.00,0.00,0.00,0.00,0.00,0.00,0.00,0.00,0.00,0.00,0.00,0.00,0.00,0.00,0.00,0.00,0.00,0.00,0.00,0.00,0.00,0.00,0.00,0.00,0.00,0.00,0.00,0.00,0.00,0.00,0.00,0.00,0.00,0.00,"240,265.57",0.00,0.00,0.00,0.00,0.00,"65,214.00",0.00,0.00,30.00,4.00,0.00,0.00,0.00,0.00,0.00,0.00,0.00,0.00,"63,082.46",0.00,0.00,0.00,0.00,0.00,0.00,0.00,0.00,"16,023.88",0.00,"8,298.63",0.00,0.00,0.00,0.00,0.00,0.00,0.00,0.00,0.00,0.00,0.00,0.00,0.00,0.00,0.00,"63,082.46",0.00,0.00,0.00,0.00,0.00,0.00,0.00,0.00,"6,000.00",0.00,0.00,900.00,0.00,0.00,"43,020.51","17,599.30",0.00,0.00,0.00,0.00,0.00,0.00,0.00,0.00,"48,750.00",0.00,0.00,0.00,0.00,0.00,0.00,0.00,0.00,0.00,0.00,0.00,0.00,"39,774.42",0.00,"17,599.30","59,254.81",0.00,"9,564.00",0.00,0.00,0.00,0.00,"10,169.29",0.00,0.00,0.00,0.00,0.00,0.00,0.00,0.00,0.00,"157,706.13",0.00,"100,950.46","NIVEL a3,            ",0.00,0.00,0.00,0.00,0.00,0.00,0.00,0.00,2,Permanente Interino,DIRECCION DE AERONAUTICA                                                                                                                              ,DESPACHANTE DE AERONAVE - NIVEL A3,No Asistenciales,01/03/2026,01/03/2026,3,20/03/1998,01/01/2026,1242/SEM/2025,CAMBIO DE NIVEL - RESOLUCION N° 1242/SEM/2025.-$PASE A PLANTA INTERINA - RESOLUCION N° 1503/SPS/2025.-,NULL,NULL,NULL,41059434,33,PERSONAL DE PLANTA AERONAUTICA,M     ,01/01/2026,22/11/2023,SECUNDARIO                                                  ,SECUNDARIO                    ,Secundario                    ,1286536,DE    ,A27,0.00,0.00,0.00,0.00,0.00,0.00,0.00,0.00,0.00,0.00,0.00,0.00,0.00,0.00,0.00,0.00,0.00,0.00,0.00,0.00,0.00,0.00,0.00,0.00,0.00,0.00,0.00,0.00,0.00,0.00,0.00,0.00,0.00,0.00,0.00,0.00,0.00,0.00,0.00,0.00,0.00,0.00,0.00,0.00,0.00,0.00,"4,762.61","315,412.27",0.00,"22,202.96",0.00,0.00,0.00,0.00,0.00,SinDatos,0.00,RECIBO OK,0.00,0.00,0.00,0.00,0.00,0.00,0.00,0.00,0.00,0.00,0.00,0.00,0.00,0.00,0.00,0.00,0.00,0.00,0.00,0.00,0.00,0.00,0.00,0.00,0.00,0.00,0.00,0.00,0.00,0.00,0.00,0.00,0.00,0.00,0.00,0.00,0.00,0.00,0.00,0.00,0.00,0.00,0.00,0.00,0.00,0.00,0.00,0.00,0.00,0.00,"169,488.23",0.00,0.00,0.00,0.00,0.00,0.00,0.00,0.00,0.00,0.00,0.00,0.00,0.00,0.00,0.00,0.00,0.00,0.00,0.00,0.00,0.00,0.00,0.00,0.00,0.00,0.00,0.00,0.00,0.00,0.00,0.00,0.00
NIVEL d                                                     ,URTUBEY MIGUEL ANGEL,20129346591,12934659,"3,000,304.77","329,749.09","5,600.00","3,335,653.86","-611,769.03","-16,464.00","2,707,420.83","540,861.34",0.00,0.00,0.00,"3,876,515.20","3,876,515.20","2,707,420.83","177,811.68","53,343.45",0.00,0.00,0.00,0.00,0.00,0.00,0.00,0.00,0.00,0.00,0.00,0.00,0.00,0.00,0.00,0.00,0.00,0.00,0.00,0.00,0.00,0.00,0.00,0.00,0.00,0.00,0.00,0.00,0.00,0.00,0.00,0.00,0.00,0.00,0.00,0.00,0.00,0.00,0.00,0.00,0.00,0.00,0.00,0.00,0.00,0.00,0.00,0.00,0.00,0.00,0.00,0.00,"54,772.29",GRADO  III          ,0.00,"136,915.14",0.00,0.00,0.00,0.00,"81,464.00",0.00,0.00,30.00,15.00,0.00,0.00,0.00,0.00,0.00,0.00,0.00,0.00,"35,562.34",0.00,0.00,0.00,0.00,0.00,0.00,0.00,0.00,"16,023.88",0.00,0.00,"6,962.34",0.00,0.00,0.00,0.00,0.00,0.00,0.00,0.00,0.00,0.00,0.00,0.00,0.00,0.00,"36,514.86",0.00,0.00,0.00,0.00,0.00,0.00,0.00,0.00,"6,000.00",0.00,0.00,900.00,0.00,0.00,"330,033.52","216,735.51",0.00,0.00,0.00,0.00,0.00,0.00,0.00,0.00,"65,000.00",0.00,0.00,0.00,0.00,0.00,0.00,0.00,0.00,0.00,0.00,0.00,0.00,"305,131.00",0.00,"135,013.71","100,716.63",0.00,"9,564.00",0.00,0.00,0.00,0.00,0.00,0.00,0.00,0.00,0.00,0.00,0.00,0.00,0.00,0.00,0.00,0.00,0.00,0.00,"96,677.42",NIVEL d                ,"324,271.86",0.00,0.00,0.00,0.00,0.00,1,Permanente Titular,DIRECCION DE AERONAUTICA                                                                                                                              ,PILOTO - NIVEL d                            ,No Asistenciales,01/03/2026,01/03/2026,1,03/04/1959,01/11/2023,DAN y U 1/1 -23,DCTO.ACDO.NEC. Y URG. 1/1 DE FECHA 30/11/2023 -ART.10 -RESOL.668/SPS 10/11/23.                                                                                                                          ,NULL,NULL,NULL,12934659,1,PERSONAL DE PLANTA AERONAUTICA,M     ,01/11/2023,24/11/2023,NIVEL SECUNDARIO                                            ,SECUNDARIO                    ,Secundario                    ,1286536,DE    ,A27,0.00,0.00,0.00,0.00,0.00,0.00,0.00,0.00,0.00,0.00,0.00,0.00,0.00,0.00,0.00,0.00,0.00,0.00,0.00,0.00,0.00,0.00,0.00,0.00,0.00,0.00,0.00,0.00,0.00,0.00,0.00,0.00,0.00,0.00,0.00,0.00,0.00,0.00,0.00,0.00,0.00,0.00,0.00,0.00,"5,477.23",0.00,0.00,0.00,"177,811.68",0.00,"22,202.96",0.00,0.00,0.00,0.00,SinDatos,0.00,RECIBO OK,0.00,0.00,0.00,0.00,"111,272.70",0.00,0.00,0.00,0.00,0.00,0.00,0.00,0.00,0.00,0.00,0.00,0.00,0.00,0.00,0.00,0.00,0.00,0.00,0.00,0.00,0.00,0.00,0.00,0.00,0.00,0.00,0.00,0.00,0.00,0.00,0.00,0.00,0.00,0.00,0.00,0.00,0.00,0.00,0.00,0.00,0.00,0.00,0.00,0.00,0.00,0.00,"169,488.23",0.00,0.00,0.00,0.00,0.00,0.00,0.00,0.00,0.00,0.00,0.00,0.00,0.00,0.00,0.00,0.00,0.00,0.00,0.00,0.00,0.00,"88,905.84",0.00,0.00,0.00,0.00,0.00,0.00,0.00,0.00,0.00
NIVEL a3.                                          ,VALDEZ ROLANDI PABLO ANDRES,20201789576,20178957,"2,636,682.87","249,024.22","165,280.00","3,050,987.09","-668,685.85","-49,592.00","2,332,709.24","474,237.68","1,669.20",0.00,"1,669.20","3,526,893.97","3,526,893.97","2,334,378.44","395,255.76","232,010.73",0.00,0.00,0.00,0.00,0.00,0.00,0.00,0.00,0.00,0.00,0.00,0.00,0.00,0.00,0.00,0.00,0.00,0.00,0.00,0.00,0.00,0.00,0.00,0.00,0.00,0.00,0.00,0.00,0.00,0.00,0.00,0.00,0.00,0.00,0.00,0.00,0.00,0.00,0.00,0.00,0.00,0.00,0.00,0.00,0.00,0.00,0.00,0.00,0.00,0.00,0.00,0.00,"280,012.86",GRADO  VII          ,0.00,0.00,0.00,0.00,0.00,0.00,"283,664.00",0.00,0.00,30.00,29.00,0.00,0.00,0.00,0.00,0.00,0.00,0.00,0.00,0.00,0.00,0.00,"200,009.19",0.00,0.00,0.00,0.00,0.00,0.00,"1,669.20",0.00,"10,472.12",0.00,0.00,0.00,0.00,"25,928.00",0.00,0.00,0.00,0.00,0.00,0.00,0.00,0.00,0.00,"80,003.67",0.00,0.00,0.00,0.00,0.00,0.00,0.00,0.00,"6,000.00","7,200.00",0.00,900.00,0.00,0.00,"290,035.12","118,650.73","130,000.00",0.00,0.00,0.00,0.00,0.00,0.00,0.00,"65,000.00","65,000.00",0.00,0.00,0.00,0.00,0.00,0.00,0.00,0.00,0.00,0.00,0.00,"268,150.65",0.00,"118,650.73","87,436.30",0.00,"9,564.00",0.00,0.00,0.00,"48,002.20","10,169.29",0.00,0.00,0.00,0.00,0.00,0.00,0.00,0.00,0.00,0.00,0.00,0.00,0.00,"138,873.64",A3                          ,"214,853.83",0.00,0.00,0.00,0.00,0.00,1,Permanente Titular,DIRECCION DE AERONAUTICA                                                                                                                              ,MEDICO ANESTESISTA-Niv A3,Asistenciales                                               ,01/03/2026,01/03/2026,6,01/06/1968,01/11/2025,1530/SPS-2025,1530/SPS-2025 - REUBICACION LABORAL EN DIRECCION DE AERONAUTICA - NOTIF: 14/10/2025                                                                                                                     ,NULL,NULL,NULL,180483,20,PERSONAL DE PLANTA AERONAUTICA,M     ,01/11/2025,01/03/2008,SIN DATOS                                                                                           ,SIN DATOS                     ,Ninguno                       ,1286536,DE    ,A27,0.00,0.00,0.00,0.00,0.00,0.00,0.00,0.00,0.00,0.00,0.00,0.00,0.00,0.00,0.00,0.00,0.00,0.00,0.00,0.00,0.00,0.00,0.00,0.00,0.00,0.00,0.00,0.00,0.00,0.00,0.00,0.00,0.00,0.00,0.00,0.00,0.00,0.00,0.00,0.00,0.00,0.00,0.00,0.00,"24,001.10",0.00,"4,762.61",0.00,"400,018.37",0.00,"61,450.15",0.00,0.00,0.00,0.00,SinDatos,0.00,RECIBO OK,0.00,0.00,0.00,0.00,0.00,0.00,0.00,0.00,0.00,0.00,0.00,0.00,0.00,0.00,0.00,0.00,0.00,0.00,0.00,0.00,0.00,0.00,0.00,0.00,0.00,0.00,0.00,0.00,0.00,0.00,0.00,0.00,0.00,0.00,0.00,0.00,0.00,0.00,0.00,0.00,0.00,0.00,0.00,0.00,0.00,0.00,0.00,0.00,0.00,0.00,0.00,"169,488.23",0.00,0.00,0.00,0.00,0.00,0.00,0.00,0.00,0.00,0.00,0.00,0.00,0.00,0.00,0.00,0.00,0.00,0.00,0.00,0.00,"416,314.16","200,009.18",0.00,0.00,0.00,0.00,0.00,0.00,0.00,0.00,0.00
NIVEL d                                                     ,ZELARAYAN MARIO ESTEBAN,20239304827,23930482,"263,497.05","1,156,197.91","41,600.00","1,461,294.96","-162,717.05","-26,651.43","1,271,926.48","83,627.71","52,227.72",0.00,"52,227.72","1,597,150.39","1,597,150.39","1,324,154.20","177,811.68","32,006.11",0.00,0.00,0.00,0.00,0.00,0.00,0.00,0.00,0.00,0.00,0.00,0.00,0.00,0.00,0.00,0.00,0.00,0.00,0.00,0.00,0.00,0.00,0.00,0.00,0.00,0.00,0.00,0.00,0.00,0.00,0.00,0.00,0.00,0.00,0.00,0.00,0.00,0.00,0.00,0.00,0.00,0.00,0.00,0.00,0.00,0.00,0.00,0.00,0.00,0.00,0.00,0.00,"27,386.15",GRADO  II            ,"106,994.76",0.00,0.00,0.00,0.00,0.00,"141,939.00",0.00,0.00,30.00,9.00,0.00,0.00,0.00,0.00,0.00,0.00,0.00,0.00,"35,562.33",0.00,0.00,0.00,0.00,0.00,0.00,0.00,0.00,"16,023.88",0.00,"5,332.88",0.00,0.00,0.00,0.00,"6,587.43",0.00,0.00,0.00,0.00,0.00,0.00,0.00,0.00,0.00,0.00,"36,514.85",0.00,0.00,0.00,0.00,0.00,0.00,0.00,0.00,"6,000.00","3,600.00",0.00,900.00,0.00,0.00,"28,984.68","11,857.37","48,750.00",0.00,0.00,0.00,0.00,0.00,0.00,0.00,"48,750.00","24,375.00",0.00,0.00,0.00,0.00,0.00,0.00,0.00,0.00,0.00,0.00,0.00,"26,797.65",0.00,"11,857.37","44,972.69",0.00,"9,564.00",0.00,0.00,0.00,0.00,0.00,0.00,0.00,0.00,0.00,0.00,0.00,0.00,0.00,0.00,"88,905.84",0.00,"96,677.42",NIVEL d                ,0.00,0.00,0.00,0.00,0.00,0.00,0.00,0.00,2,Permanente Interino,DIRECCION DE AERONAUTICA                                                                                                                              ,ADMINISTRATIVO - NIVEL d,No Asistenciales,01/03/2026,01/03/2026,2,27/04/1974,01/01/2026,1503/SPS/2025,PASE A PLANTA INTERINA.-                                                                                                                                                                                ,NULL,NULL,NULL,23930482,14,PERSONAL DE PLANTA AERONAUTICA,M     ,01/01/2026,23/11/2023,PERITO MERCANTIL,SECUNDARIO                    ,Secundario                    ,1286536,DE    ,A27,0.00,0.00,0.00,0.00,0.00,0.00,0.00,0.00,0.00,0.00,0.00,0.00,0.00,0.00,0.00,0.00,0.00,0.00,0.00,0.00,0.00,0.00,0.00,0.00,0.00,0.00,0.00,0.00,0.00,0.00,0.00,0.00,0.00,0.00,0.00,0.00,0.00,0.00,0.00,0.00,0.00,0.00,0.00,0.00,"1,825.74",0.00,0.00,"177,811.68",0.00,"22,202.96",0.00,0.00,0.00,0.00,"111,272.70",SinDatos,0.00,RECIBO OK,0.00,0.00,0.00,0.00,0.00,0.00,0.00,0.00,0.00,0.00,0.00,0.00,0.00,0.00,0.00,0.00,0.00,0.00,0.00,0.00,0.00,0.00,0.00,0.00,0.00,0.00,0.00,0.00,0.00,0.00,0.00,0.00,0.00,0.00,0.00,0.00,0.00,0.00,0.00,0.00,0.00,0.00,0.00,0.00,0.00,0.00,0.00,0.00,0.00,0.00,"169,488.23",0.00,0.00,0.00,0.00,0.00,0.00,0.00,0.00,0.00,0.00,0.00,0.00,0.00,0.00,0.00,0.00,0.00,0.00,0.00,0.00,0.00,0.00,0.00,0.00,0.00,0.00,0.00,0.00,0.00,0.00,0.00,0.00