NIVEL,DESCAGENTE,CUIT_CUIL,NRO_DOCUMENTO,HAB_C_AP,HAB_S_AP,ASIG_FAM,TOT_HAB,RETENCIONES,DESCUENTOS,LIQUIDO,CARGA_PATRONAL,BRUTO_LEY7991,PENSION_229_92,LIQUIDO_LEY7991,COSTO_LABORAL_01,COSTO_LABORAL_02,SUELDO_MANO,SUELDO,MONTO_ANTIGUEDAD,FUNCION_JERARQUICA,PORC_FUNC,LIB_003_30,LIB_003_31,LIB_003_32,LIB_003_33,LIB_003_34,LIB_003_35,LIB_003_36,LIB_003_37,LIB_003_38,LIB_003_39,LIB_003_40,GC_003_41,LIB_003_42,LIB_003_43,LIB_003_44,LIB_003_45,LIB_003_46,LIB_003_47,LIB_003_48,GC_003_49,LIB_003_50,LIB_003_51,LIB_003_52,LIB_003_55,LIB_003_56,GC_003_57,LIB_003_58,LIB_003_59,LIB_003_60,GC_003_65,GC_003_66,GC_003_67,GC_003_68,LIB_003_70,LIB_003_71,GC_003_72,GC_003_73,LIB_003_74,LIB_003_75,GC_003_76,GC_003_77,GC_003_78,GC_003_79,LIB_003_80,GC_003_81,LIB_003_82,LIB_003_83,LIB_003_84,GC_003_85,GC_003_86,Esc_Horizontal,Grado_Esc_Horizontal,AP_SOCIAL_S_APORTE,AP_SOCIAL_C_APORTE,AY_SOCIAL_090_10,AY_SOCIAL_090_13,DGI_171_02,DGI_171_50,DESC_GANANCIA,INASISTENCIA_GANANCIA,DIAS_INASIST,D_TRAB,ANTIGUEDAD,_007_20_ZONA_DESFABORABLE,_021_00_ACTIVIDAD_CRITICA,Dif_Zona,_007_23_ZonaDesfavorable,_007_24_ZonaDesfavorable,MALA_PRAXI,BLOQUEO_TITULO,TITULO_POSPRIMARIO,TITULO_SECUNDARIO,TITULO_TERCIARIO,TITULO_UNI_4_ANO,TITULO_UNI_5_ANO,TITULO_UNI_3_ANO,COMP_MINIMA_099_65,IncrementoMinimo_099_75,DifCompensatoria_099_26,VI_000_03,Presentismo,TKT150,DCTO1782_099_20,DCTO1782_099_21,ATE_114,UPCN,MUTPROV,ATSA,SUMAR,AME,AMEN,ATE_448,SITAS,ESP_MEDICA,RETRO_ESP_MEDICA,ACTA_SALARIAL_MARZO_2013,SEGUROS_MALAS_PRAXISS,SEGURO_MALA_PRAXIS_MEDICO,RESPONSABILIDAD_SANITARIA,FAMILIAR_DISCAPACITADO_AL_50,FAMILIAR_DISCAPACITADO_AL_100,FAMILIAR_DISCAPACITADO_AL_50RETRO,FAMILIAR_DISCAPACITADO_AL_100RETRO,ENTIERRO_Y_LUTO,RETENCION_SUELDO,RETENCION_1700,DIF_SAC_000_29,O_147_00,O_147_01,O_147_02,O_148_00,O_148_01,O_148_02,ApJubPer,ObSocPer,O_170_01,O_170_02,O_170_04,O_170_10,O_170_12,O_170_13,O_170_14,O_170_15,O_170_16,O_170_17,O_170_18,O_170_20,O_170_21,O_170_22,O_170_24,O_170_25,O_170_26,O_170_27,O_170_28,O_170_29,O_170_50,ApJubPatronal,ApJubPatronal_17,ObSocPatronal,Art_Patronal,DescCajaPopular,SegColectivo,AdicSegColectivo_00,AdicSegColectivo_01,AdicSegColectivo_06,RespSantMedica,RecGastoCap,SITRAS,DctNac561,Dto6_1CG,Dto6_1CG_CAP,Dto620_03_1800,Dto620_03_1800_CAP,AportePersonalCargoProv,_092_03_Dto_26_3_2021ME,_092_04_Dto_26_3_2021ME,_092_05_ActRiesgo,_092_12_DifPerEnf,_092_13_DtoSanidadSAp,SubNivel_092_13,_092_14_DtoSanidadCAp,SubNivel_092_14,_090_40_ApPersACargoProv,_092_17GuardiaActivaSAp,_092_15_Art1,_092_16_Art1,_092_25,_900_15,PLANTASS,PLANTA,ORGANISMO,FUNCION,AGRUPAMIENTO,PERIODO_IMPUTADO,PERIODO_LIQUIDADO,NUMERO_CARGO,FECHA_NACIMIENTO,FECHA_ALTA_CARGO,INST_LEGAL_ALTA,OB_ALTA,FECHA_BAJA_CARGO,INST_LEGAL_BAJA,OB_BAJA,NUMERO_LEGAJO,NRO_REC,AREA,SEXO,FECHA_CARGO_PRINCIPAL,FECHA_ALTA_TITULO,TIT_EDUCATIVO,AREA_TEMATICA,DURACION,NUMERO_LIQ,ESTADO_LIQUIDACION,Area2,tt_100_51_FD,Obs_tt_100_51_FD,tt_100_52_FD,Obs_tt_100_52_FD,tt_100_53_FD,Obs_tt_100_53_FD,tt_100_54_FD,Obs_tt_100_54_FD,tt_100_55_FD,Obs_tt_100_55_FD,tt_100_56_FD,Obs_tt_100_56_FD,tt_100_57_FD,Obs_tt_100_57_FD,tt_100_58_FD,Obs_tt_100_58_FD,GC_003_89,GC_003_90,GC_003_87,GC_003_88,LIB_003_91,LIB_003_92,LIB_003_93,LIB_003_94,LIB_003_95,LIB_031_65,LIB_031_66,GC_031_72,GC_031_73,GC_031_76,GC_031_77,GC_031_80,GC_031_81,GC_031_85,GC_031_86,GC_031_87,GC_031_88,GC_031_89,GC_031_90,LIB_003_96,LIB_031_96,LIB_032_91,LIB_032_92,LIB_032_93,DifEscalafon_092_26,DifEnferia_092_18,DifBasicoNivelA_000_31,ProgFortRetTalentoSAp_092_21,ProgFortRetTalentoCAp_092_22,Dto2150IncArt1SAp_092_30,Dto2150IncArt1SAp_092_31,_091_27ResNacionales,_tt_099_30,_tt_099_81,_tt_092_27,Nivel_Ley,_tt_Svuelo_090_51,ESTADO_RECIBO,LIB_003_61,LIB_003_62,LIB_003_63,LIB_003_64,Dto_2987_3_ME_Art8CAp,AjusteBecaNac,DiferenciaFuncionJerarquica,Dedicacion_Exclusiva,Compen_DIPOS,Retencion_Sueldo_16,LIB_031_34,LIB_031_84,LIB_031_50,LIB_031_60,LIB_031_59,LIB_031_37,LIB_031_36,LIB_031_33,LIB_031_38,LIB_031_39,LIB_031_42,LIB_031_43,LIB_031_44,LIB_031_45,LIB_031_46,LIB_031_47,LIB_031_61,LIB_031_62,LIB_031_63,LIB_031_64,LIB_031_70,Pension_229T73,Pension_229T74,LIB_031_40,LIB_031_41,GC_032_80,GC_032_81,LIB_B32_80,LIB_B32_81,GC_031_48,LIB_031_49,LIB_032_48,LIB_032_49,Esp_10Porc,Esp_20Porc,Esp_40Porc,LIB_031_57,LIB_031_58,LIB_031_54,LIB_032_55,ttp_092_33,ttp_092_34,LIB_031_53,LIB_032_94,LIB_SC1_25,LIB_SC2_25,LIB_032_95,LIB_032_34,LIB_033_34,LIB_D31_48,LIB_N31_48,LIB_D31_49,LIB_N31_49,LIB_D32_94,LIB_N32_94,LIB_COB_85,LIB_COB_86,ZONA_007_27,ZONA_007R02,ZONA_007R03,ZONA_007R04,ZONA_007_28,AP100_090_54,ActRiesgo_092_06,LIB_003_97,LIB_003_99,LIB_031_97,LIB_031_99,LIB_003F66,LIB_003F73,LIB_003F86,LIB_COBF86,LIB_032F55
NIVEL a3.                                          ,ALMARAZ MIRTA GRACIELA,27174580834,17458083,"2,447,510.85","234,411.34","41,600.00","2,723,522.19","-444,364.18","-38,662.00","2,240,496.01","440,322.52",0.00,0.00,0.00,"3,163,844.71","3,163,844.71","2,240,496.01","395,255.76","136,006.29",0.00,0.00,0.00,0.00,0.00,0.00,0.00,0.00,0.00,0.00,0.00,0.00,0.00,0.00,0.00,0.00,0.00,0.00,0.00,0.00,0.00,0.00,0.00,0.00,0.00,0.00,0.00,0.00,0.00,0.00,0.00,0.00,0.00,0.00,0.00,0.00,0.00,0.00,0.00,0.00,0.00,0.00,0.00,0.00,0.00,0.00,0.00,0.00,0.00,0.00,0.00,0.00,"160,007.35",GRADO  IV            ,0.00,0.00,0.00,0.00,0.00,0.00,"82,542.00",0.00,0.00,30.00,17.00,0.00,0.00,0.00,0.00,0.00,0.00,0.00,0.00,0.00,0.00,0.00,"200,009.19",0.00,0.00,0.00,0.00,0.00,"16,023.88",0.00,0.00,"10,472.12",0.00,0.00,0.00,0.00,0.00,0.00,0.00,0.00,"21,120.00",0.00,0.00,0.00,0.00,"8,112.06","80,003.67",0.00,0.00,0.00,0.00,0.00,0.00,0.00,0.00,"6,000.00",0.00,0.00,900.00,0.00,0.00,"269,226.19","110,137.99",0.00,0.00,0.00,0.00,0.00,0.00,0.00,0.00,"65,000.00",0.00,0.00,0.00,0.00,0.00,0.00,0.00,0.00,0.00,0.00,0.00,0.00,"248,911.85",0.00,"110,137.99","81,272.68",0.00,"10,642.00",0.00,0.00,0.00,"48,002.20","10,169.29",0.00,0.00,0.00,0.00,0.00,0.00,0.00,0.00,0.00,0.00,0.00,0.00,0.00,"138,873.64","NIVEL a3,            ","204,129.44",0.00,0.00,0.00,0.00,0.00,1,Permanente Titular,SESOP                                                                                                                                                 ,MEDICO - Niv A3                              ,Asistenciales                                               ,01/04/2026,01/04/2026,1,02/08/1965,01/11/2023,DANYU 1/1 23,NULL,NULL,NULL,NULL,17458083,27,PERSONAL PLANTA SESOP,F     ,01/11/2023,13/11/2023,MEDICO,MEDICINA                      ,Universitario 5 años          ,1298603,SI    ,A26,0.00,0.00,0.00,0.00,0.00,0.00,0.00,0.00,0.00,0.00,0.00,0.00,0.00,0.00,0.00,0.00,0.00,0.00,0.00,0.00,0.00,0.00,0.00,0.00,0.00,0.00,0.00,0.00,0.00,0.00,0.00,0.00,0.00,0.00,0.00,0.00,0.00,0.00,0.00,0.00,0.00,0.00,0.00,0.00,"12,000.55",0.00,"4,762.61",0.00,"400,018.37",0.00,"47,456.70",0.00,0.00,0.00,0.00,SinDatos,0.00,RECIBO OK,0.00,0.00,0.00,0.00,0.00,0.00,0.00,0.00,0.00,0.00,0.00,0.00,0.00,0.00,0.00,0.00,0.00,0.00,0.00,0.00,0.00,0.00,0.00,0.00,0.00,0.00,0.00,0.00,0.00,0.00,0.00,0.00,0.00,0.00,0.00,0.00,0.00,0.00,0.00,0.00,0.00,0.00,0.00,0.00,"80,003.67",0.00,0.00,0.00,0.00,0.00,0.00,"169,488.23",0.00,0.00,0.00,0.00,0.00,0.00,0.00,0.00,0.00,0.00,0.00,0.00,0.00,0.00,0.00,0.00,0.00,0.00,0.00,0.00,"350,893.36","200,009.18",0.00,0.00,0.00,0.00,0.00,0.00,0.00,0.00,0.00
NIVEL a3.                                          ,ALVAREZ MARCELO FABIAN,20182031160,18203116,"5,647,256.32","485,598.98",0.00,"6,132,855.30","-866,845.55","-61,983.16","5,204,026.59","929,673.84",0.00,0.00,0.00,"7,062,529.14","7,062,529.14","5,204,026.59","395,255.76","232,010.73","360,016.53",90.00,0.00,0.00,0.00,0.00,"1,334,995.90",0.00,0.00,0.00,0.00,0.00,0.00,0.00,0.00,0.00,0.00,0.00,0.00,0.00,0.00,0.00,0.00,0.00,0.00,0.00,0.00,0.00,0.00,0.00,0.00,0.00,0.00,0.00,0.00,0.00,0.00,0.00,0.00,0.00,0.00,0.00,0.00,0.00,0.00,0.00,0.00,0.00,0.00,0.00,0.00,0.00,"280,012.86",GRADO  VII          ,0.00,0.00,0.00,0.00,0.00,"37,241.16","284,742.00",0.00,0.00,30.00,29.00,0.00,0.00,0.00,0.00,0.00,0.00,0.00,0.00,0.00,1.00,0.00,"200,009.19",0.00,0.00,0.00,0.00,0.00,0.00,0.00,0.00,"10,472.12",0.00,0.00,0.00,0.00,0.00,0.00,0.00,0.00,0.00,0.00,0.00,0.00,0.00,0.00,"80,003.67",0.00,0.00,0.00,0.00,0.00,0.00,0.00,0.00,"6,000.00","7,200.00",0.00,900.00,0.00,0.00,"451,428.59","155,416.96","130,000.00",0.00,0.00,0.00,0.00,0.00,0.00,0.00,"65,000.00","65,000.00",0.00,0.00,0.00,0.00,0.00,0.00,0.00,0.00,0.00,0.00,0.00,"574,325.97",0.00,"170,547.20","184,800.67",0.00,"10,642.00",0.00,0.00,0.00,"48,002.20","10,169.29",0.00,0.00,0.00,0.00,0.00,0.00,0.00,0.00,0.00,0.00,0.00,0.00,0.00,"138,873.64","NIVEL a3,            ","451,428.59",0.00,0.00,0.00,0.00,0.00,1,Permanente Titular,SESOP                                                                                                                                                 ,SUB-DIRECTOR-Niv A3,Asistenciales                                               ,01/04/2026,01/04/2026,2,12/10/1966,01/12/2023,.,NULL,NULL,NULL,NULL,18203116,5,PERSONAL PLANTA SESOP,M     ,01/12/2023,13/11/2023,MEDICO,MEDICINA                      ,Universitario 5 años          ,1298603,SI    ,A26,0.00,0.00,0.00,0.00,0.00,0.00,0.00,0.00,0.00,0.00,0.00,0.00,0.00,0.00,0.00,0.00,0.00,0.00,0.00,0.00,0.00,0.00,0.00,0.00,0.00,0.00,0.00,0.00,0.00,0.00,0.00,0.00,0.00,0.00,0.00,0.00,0.00,0.00,0.00,0.00,0.00,0.00,0.00,0.00,"24,001.10",0.00,"4,762.61",0.00,"400,018.37",0.00,"47,456.70",0.00,0.00,0.00,0.00,SinDatos,0.00,RECIBO OK,0.00,0.00,0.00,0.00,0.00,0.00,0.00,0.00,0.00,0.00,0.00,0.00,0.00,0.00,0.00,0.00,0.00,0.00,0.00,0.00,0.00,0.00,0.00,0.00,0.00,0.00,0.00,0.00,0.00,0.00,0.00,0.00,0.00,0.00,0.00,0.00,0.00,0.00,0.00,0.00,0.00,0.00,0.00,0.00,0.00,"320,014.69",0.00,0.00,0.00,0.00,0.00,"169,488.23",0.00,0.00,0.00,0.00,0.00,"336,227.49",0.00,0.00,0.00,0.00,0.00,0.00,0.00,0.00,0.00,0.00,0.00,0.00,0.00,0.00,"416,314.16","200,009.18","522,322.71",0.00,0.00,0.00,0.00,0.00,0.00,0.00,0.00
NIVEL d                                                     ,ARANCIBIA MONICA VIVIANA,27273644941,27364494,"282,447.93","846,133.20",0.00,"1,128,581.13","-76,279.43","-29,404.81","1,022,896.89","77,787.07","55,983.98",0.00,"55,983.98","1,262,352.18","1,262,352.18","1,078,880.87","180,802.80","79,553.36",0.00,0.00,0.00,0.00,0.00,0.00,0.00,0.00,0.00,0.00,0.00,0.00,0.00,0.00,0.00,0.00,0.00,0.00,0.00,0.00,0.00,0.00,0.00,0.00,0.00,0.00,0.00,0.00,0.00,0.00,0.00,0.00,0.00,0.00,0.00,0.00,0.00,0.00,0.00,0.00,0.00,0.00,0.00,0.00,0.00,0.00,0.00,0.00,0.00,0.00,0.00,0.00,0.00,0.00,"162,722.70",0.00,0.00,0.00,0.00,0.00,"50,042.00",0.00,0.00,30.00,22.00,0.00,0.00,0.00,0.00,0.00,0.00,0.00,0.00,"36,160.56",0.00,0.00,0.00,0.00,0.00,0.00,0.00,0.00,"16,023.88",0.00,"5,332.88",0.00,0.00,"5,648.96",0.00,0.00,0.00,0.00,0.00,"6,213.85",0.00,0.00,0.00,0.00,0.00,0.00,"36,160.56",0.00,0.00,0.00,0.00,0.00,0.00,0.00,0.00,"6,000.00",0.00,0.00,900.00,0.00,0.00,"31,069.27","12,710.16",0.00,0.00,0.00,0.00,0.00,0.00,0.00,0.00,"32,500.00",0.00,0.00,0.00,0.00,0.00,0.00,0.00,0.00,0.00,0.00,0.00,0.00,"28,724.95",0.00,"12,710.16","36,351.96",0.00,"10,642.00",0.00,0.00,0.00,0.00,0.00,0.00,0.00,0.00,0.00,0.00,0.00,0.00,0.00,0.00,"90,401.40",0.00,"96,677.42",NIVEL d                ,0.00,0.00,0.00,0.00,0.00,0.00,0.00,0.00,1,Permanente Titular,SESOP                                                                                                                                                 ,ADMINISTRATIVO - NIVEL d,No Asistenciales,01/04/2026,01/04/2026,1,30/04/1979,01/11/2023,DANYU 1/1 23,NULL,NULL,NULL,NULL,27364494,41,PERSONAL PLANTA SESOP,F     ,01/11/2023,13/11/2023,BACHILLER,SECUNDARIO                    ,Secundario                    ,1298603,SI    ,A26,0.00,0.00,0.00,0.00,0.00,0.00,0.00,0.00,0.00,0.00,0.00,0.00,0.00,0.00,0.00,0.00,0.00,0.00,0.00,0.00,0.00,0.00,0.00,0.00,0.00,0.00,0.00,0.00,0.00,0.00,0.00,0.00,0.00,0.00,0.00,0.00,0.00,0.00,0.00,0.00,0.00,0.00,0.00,0.00,"7,232.11",0.00,0.00,"180,802.80",0.00,"22,202.96",0.00,0.00,0.00,0.00,"111,272.70",SinDatos,0.00,RECIBO OK,0.00,0.00,0.00,0.00,0.00,0.00,0.00,0.00,0.00,0.00,0.00,0.00,0.00,0.00,0.00,0.00,0.00,0.00,0.00,0.00,0.00,0.00,0.00,0.00,0.00,0.00,0.00,0.00,0.00,0.00,0.00,0.00,0.00,0.00,0.00,0.00,0.00,0.00,0.00,0.00,0.00,0.00,0.00,0.00,0.00,0.00,0.00,0.00,0.00,0.00,"169,488.23",0.00,0.00,0.00,0.00,0.00,0.00,0.00,0.00,0.00,0.00,0.00,0.00,0.00,0.00,0.00,0.00,0.00,0.00,0.00,0.00,0.00,0.00,0.00,0.00,0.00,0.00,0.00,0.00,0.00,0.00,0.00,0.00
NIVEL a3.                                          ,ARTUR DE LA VILLARMOIS RICARDO ERNESTO,20172201777,17220177,"2,604,792.45","246,669.42",0.00,"2,851,461.87","-468,742.83","-17,542.00","2,365,177.04","468,481.92",0.00,0.00,0.00,"3,319,943.79","3,319,943.79","2,365,177.04","395,255.76","160,007.40",0.00,0.00,0.00,0.00,0.00,0.00,0.00,0.00,0.00,0.00,0.00,0.00,0.00,0.00,0.00,0.00,0.00,0.00,0.00,0.00,0.00,0.00,0.00,0.00,0.00,0.00,0.00,0.00,0.00,0.00,0.00,0.00,0.00,0.00,0.00,0.00,0.00,0.00,0.00,0.00,0.00,0.00,0.00,0.00,0.00,0.00,0.00,0.00,0.00,0.00,0.00,0.00,"160,007.35",GRADO  IV            ,0.00,0.00,0.00,0.00,0.00,0.00,"82,542.00",0.00,0.00,30.00,20.00,0.00,0.00,0.00,0.00,0.00,0.00,0.00,0.00,0.00,0.00,0.00,"200,009.19",0.00,0.00,0.00,0.00,0.00,"16,023.88",0.00,0.00,"10,472.12",0.00,0.00,0.00,0.00,0.00,0.00,0.00,0.00,0.00,0.00,0.00,0.00,0.00,"8,112.06","80,003.67",0.00,0.00,0.00,0.00,0.00,0.00,0.00,0.00,"6,000.00",0.00,0.00,900.00,0.00,0.00,"286,527.17","117,215.66",0.00,0.00,0.00,0.00,0.00,0.00,0.00,0.00,"65,000.00",0.00,0.00,0.00,0.00,0.00,0.00,0.00,0.00,0.00,0.00,0.00,0.00,"264,907.39",0.00,"117,215.66","86,358.87",0.00,"10,642.00",0.00,0.00,0.00,"48,002.20","10,169.29",0.00,0.00,0.00,0.00,0.00,0.00,0.00,0.00,0.00,0.00,0.00,0.00,0.00,"138,873.64","NIVEL a3,            ","212,387.34",0.00,0.00,0.00,0.00,0.00,1,Permanente Titular,SESOP                                                                                                                                                 ,MEDICO - Niv A3                              ,Asistenciales                                               ,01/04/2026,01/04/2026,34,09/10/1964,01/11/2023,DANYU 1/1 23,NULL,NULL,NULL,NULL,17220177,39,PERSONAL PLANTA SESOP,M     ,01/11/2023,08/08/2006,MEDICO,MEDICINA                      ,Universitario 5 años          ,1298603,SI    ,A26,0.00,0.00,0.00,0.00,0.00,0.00,0.00,0.00,0.00,0.00,0.00,0.00,0.00,0.00,0.00,0.00,0.00,0.00,0.00,0.00,0.00,0.00,0.00,0.00,0.00,0.00,0.00,0.00,0.00,0.00,0.00,0.00,0.00,0.00,0.00,0.00,0.00,0.00,0.00,0.00,0.00,0.00,0.00,0.00,"16,000.73",0.00,"4,762.61",0.00,"400,018.37",0.00,"47,456.70",0.00,0.00,0.00,0.00,SinDatos,0.00,RECIBO OK,0.00,0.00,0.00,0.00,0.00,0.00,0.00,0.00,0.00,0.00,0.00,0.00,0.00,0.00,0.00,0.00,0.00,0.00,0.00,0.00,0.00,0.00,0.00,0.00,0.00,0.00,0.00,0.00,0.00,0.00,0.00,0.00,0.00,0.00,0.00,0.00,0.00,0.00,0.00,0.00,0.00,0.00,0.00,0.00,0.00,"160,007.35",0.00,0.00,0.00,0.00,0.00,"169,488.23",0.00,0.00,0.00,0.00,0.00,0.00,0.00,0.00,0.00,0.00,0.00,0.00,0.00,0.00,0.00,0.00,0.00,0.00,0.00,0.00,"402,437.02","200,009.18",0.00,0.00,0.00,0.00,0.00,0.00,0.00,0.00,0.00
NIVEL a3.                                          ,AVELLANEDA ALBERTO RAMON ABEL,20208987616,20898761,"2,958,340.97","351,719.76","71,600.00","3,381,660.73","-507,181.10","-76,708.82","2,797,770.81","517,743.70",0.00,0.00,0.00,"3,899,404.43","3,899,404.43","2,797,770.81","395,255.76","192,008.88",0.00,0.00,0.00,0.00,0.00,0.00,0.00,0.00,0.00,0.00,0.00,0.00,0.00,0.00,0.00,0.00,0.00,0.00,0.00,0.00,0.00,0.00,0.00,0.00,0.00,0.00,0.00,0.00,0.00,0.00,"363,594.43",0.00,0.00,0.00,0.00,0.00,0.00,0.00,0.00,0.00,0.00,0.00,0.00,0.00,0.00,0.00,0.00,0.00,0.00,0.00,0.00,0.00,"200,009.18",GRADO  V              ,0.00,0.00,0.00,0.00,0.00,0.00,"82,542.00",0.00,0.00,30.00,24.00,0.00,0.00,0.00,0.00,0.00,0.00,0.00,0.00,0.00,0.00,0.00,"200,009.19",0.00,0.00,0.00,0.00,0.00,"16,023.88",0.00,0.00,"10,472.12",0.00,"59,166.82",0.00,0.00,0.00,0.00,0.00,0.00,0.00,0.00,0.00,0.00,0.00,"8,112.06","80,003.67",0.00,0.00,0.00,0.00,0.00,0.00,0.00,0.00,"6,000.00",0.00,0.00,900.00,0.00,0.00,"325,417.51","116,763.59",0.00,0.00,0.00,0.00,0.00,0.00,0.00,0.00,"65,000.00",0.00,0.00,0.00,0.00,0.00,0.00,0.00,0.00,0.00,0.00,0.00,0.00,"300,863.28",0.00,"116,763.59","100,116.83",0.00,"10,642.00",0.00,0.00,0.00,"48,002.20","10,169.29",0.00,0.00,0.00,0.00,0.00,0.00,0.00,0.00,0.00,0.00,0.00,0.00,0.00,"138,873.64","NIVEL a3,            ","252,065.67",0.00,0.00,0.00,0.00,0.00,1,Permanente Titular,SESOP                                                                                                                                                 ,MEDICO - Niv A3                              ,Asistenciales                                               ,01/04/2026,01/04/2026,2,28/07/1969,01/11/2023,DANYU 1/1 23,NULL,NULL,NULL,NULL,20898761,29,PERSONAL PLANTA SESOP,M     ,01/11/2023,15/12/2010,MEDICO,MEDICINA                      ,Universitario 5 años          ,1298603,SI    ,A26,0.00,0.00,0.00,0.00,0.00,0.00,0.00,0.00,0.00,0.00,0.00,0.00,0.00,0.00,0.00,0.00,0.00,0.00,0.00,0.00,0.00,0.00,0.00,0.00,0.00,0.00,0.00,0.00,0.00,0.00,0.00,0.00,0.00,0.00,0.00,0.00,0.00,0.00,0.00,0.00,0.00,0.00,0.00,0.00,"20,000.92",0.00,"4,762.61",0.00,"400,018.37",0.00,"47,456.70",0.00,0.00,0.00,0.00,SinDatos,0.00,RECIBO OK,0.00,0.00,0.00,0.00,0.00,0.00,0.00,0.00,0.00,0.00,0.00,0.00,0.00,0.00,0.00,0.00,0.00,0.00,0.00,0.00,0.00,0.00,0.00,0.00,0.00,0.00,0.00,0.00,0.00,0.00,0.00,0.00,0.00,0.00,0.00,0.00,0.00,0.00,0.00,0.00,0.00,0.00,0.00,0.00,"80,003.67",0.00,0.00,0.00,0.00,0.00,0.00,"169,488.23",0.00,0.00,0.00,0.00,0.00,0.00,0.00,0.00,0.00,0.00,0.00,0.00,0.00,0.00,0.00,0.00,0.00,0.00,0.00,0.00,"412,349.26","200,009.18",0.00,0.00,0.00,0.00,0.00,0.00,0.00,0.00,0.00
NIVEL a3.                                          ,BARRAU PABLO                ,20164462081,16446208,"2,366,511.10","222,144.71",0.00,"2,588,655.81","-431,809.22","-17,542.00","2,139,304.59","425,641.86",0.00,0.00,0.00,"3,014,297.67","3,014,297.67","2,139,304.59","395,255.76","96,004.44",0.00,0.00,0.00,0.00,0.00,0.00,0.00,0.00,0.00,0.00,0.00,0.00,0.00,0.00,0.00,0.00,0.00,0.00,0.00,0.00,0.00,0.00,0.00,0.00,0.00,0.00,0.00,0.00,0.00,0.00,0.00,0.00,0.00,0.00,0.00,0.00,0.00,0.00,0.00,0.00,0.00,0.00,0.00,0.00,0.00,0.00,0.00,0.00,0.00,0.00,0.00,0.00,"120,005.51",GRADO  III          ,0.00,0.00,0.00,0.00,0.00,0.00,"82,542.00",0.00,0.00,30.00,12.00,0.00,0.00,0.00,0.00,0.00,0.00,0.00,0.00,0.00,0.00,0.00,"200,009.19",0.00,0.00,0.00,0.00,0.00,"16,023.88",0.00,0.00,"10,472.12",0.00,0.00,0.00,0.00,0.00,0.00,0.00,0.00,0.00,0.00,0.00,0.00,0.00,0.00,"80,003.67",0.00,0.00,0.00,0.00,0.00,0.00,0.00,0.00,"6,000.00",0.00,0.00,900.00,0.00,0.00,"260,316.22","106,493.00",0.00,0.00,0.00,0.00,0.00,0.00,0.00,0.00,"65,000.00",0.00,0.00,0.00,0.00,0.00,0.00,0.00,0.00,0.00,0.00,0.00,0.00,"240,674.18",0.00,"106,493.00","78,474.68",0.00,"10,642.00",0.00,0.00,0.00,"48,002.20","10,169.29",0.00,0.00,0.00,0.00,0.00,0.00,0.00,0.00,0.00,0.00,0.00,0.00,0.00,"138,873.64","NIVEL a3,            ","203,975.05",0.00,0.00,0.00,0.00,0.00,1,Permanente Titular,SESOP                                                                                                                                                 ,MEDICO - Niv A3                              ,Asistenciales                                               ,01/04/2026,01/04/2026,1,08/08/1963,01/11/2023,DANYU 1/1 23,NULL,NULL,NULL,NULL,164462081,8,PERSONAL PLANTA SESOP,M     ,01/11/2023,13/11/2023,MEDICO,MEDICINA                      ,Universitario 5 años          ,1298603,SI    ,A26,0.00,0.00,0.00,0.00,0.00,0.00,0.00,0.00,0.00,0.00,0.00,0.00,0.00,0.00,0.00,0.00,0.00,0.00,0.00,0.00,0.00,0.00,0.00,0.00,0.00,0.00,0.00,0.00,0.00,0.00,0.00,0.00,0.00,0.00,0.00,0.00,0.00,0.00,0.00,0.00,0.00,0.00,0.00,0.00,"8,000.37",0.00,"4,762.61",0.00,"400,018.37",0.00,"47,456.70",0.00,0.00,0.00,0.00,SinDatos,0.00,RECIBO OK,0.00,0.00,0.00,0.00,0.00,0.00,0.00,0.00,0.00,0.00,0.00,0.00,0.00,0.00,0.00,0.00,0.00,0.00,0.00,0.00,0.00,0.00,0.00,0.00,0.00,0.00,0.00,0.00,0.00,0.00,0.00,0.00,0.00,0.00,0.00,0.00,0.00,0.00,0.00,0.00,0.00,0.00,0.00,0.00,"80,003.67",0.00,0.00,0.00,0.00,0.00,0.00,"169,488.23",0.00,0.00,0.00,0.00,0.00,0.00,0.00,0.00,0.00,0.00,0.00,0.00,0.00,0.00,0.00,0.00,0.00,0.00,0.00,0.00,"311,244.40","200,009.18",0.00,0.00,0.00,0.00,0.00,0.00,0.00,0.00,0.00
NIVEL a3.                                          ,BERTOLLI SAVINO          ,23935913519,93591351,"5,876,307.25","497,711.23","5,600.00","6,379,618.48","-671,185.11","-312,091.26","5,396,342.11","961,223.91",0.00,0.00,0.00,"7,340,842.39","7,340,842.39","5,396,342.11","395,255.76","240,011.10","400,018.37",100.00,0.00,0.00,0.00,0.00,"1,483,328.77",0.00,0.00,0.00,0.00,0.00,0.00,0.00,0.00,0.00,0.00,0.00,0.00,0.00,0.00,0.00,0.00,0.00,0.00,0.00,0.00,0.00,0.00,0.00,0.00,0.00,0.00,0.00,0.00,0.00,0.00,0.00,0.00,0.00,0.00,0.00,0.00,0.00,0.00,0.00,0.00,0.00,0.00,0.00,0.00,0.00,"280,012.86",GRADO  VII          ,0.00,0.00,0.00,0.00,0.00,"294,549.26","82,542.00",0.00,0.00,30.00,30.00,0.00,0.00,0.00,0.00,0.00,0.00,0.00,0.00,0.00,0.00,0.00,"200,009.19",0.00,0.00,0.00,0.00,0.00,0.00,0.00,0.00,"10,472.12",0.00,0.00,0.00,0.00,0.00,0.00,0.00,0.00,0.00,0.00,0.00,0.00,0.00,"8,112.06","80,003.67",0.00,0.00,0.00,0.00,0.00,0.00,0.00,0.00,"6,000.00",0.00,0.00,900.00,0.00,0.00,"451,428.59","154,756.52",0.00,0.00,0.00,0.00,0.00,0.00,0.00,0.00,"65,000.00",0.00,0.00,0.00,0.00,0.00,0.00,0.00,0.00,0.00,0.00,0.00,0.00,"597,620.45",0.00,"171,567.90","192,035.56",0.00,"10,642.00",0.00,0.00,0.00,"48,002.20","10,169.29",0.00,0.00,0.00,0.00,0.00,0.00,0.00,0.00,0.00,0.00,0.00,0.00,0.00,"138,873.64","NIVEL a3,            ","451,428.59",0.00,0.00,0.00,0.00,0.00,1,Permanente Titular,SESOP                                                                                                                                                 ,DIRECTOR-Niv A3,Asistenciales                                               ,01/04/2026,01/04/2026,1,23/01/1964,01/11/2023,DANYU 1/1 23,NULL,NULL,NULL,NULL,93591351,31,PERSONAL PLANTA SESOP,M     ,01/11/2023,13/11/2023,MEDICO,MEDICINA                      ,Universitario 5 años          ,1298603,SI    ,A26,0.00,0.00,0.00,0.00,0.00,0.00,0.00,0.00,0.00,0.00,0.00,0.00,0.00,0.00,0.00,0.00,0.00,0.00,0.00,0.00,0.00,0.00,0.00,0.00,0.00,0.00,0.00,0.00,0.00,0.00,0.00,0.00,0.00,0.00,0.00,0.00,0.00,0.00,0.00,0.00,0.00,0.00,0.00,0.00,"28,001.29",0.00,"4,762.61",0.00,"400,018.37",0.00,"47,456.70",0.00,0.00,0.00,0.00,SinDatos,0.00,RECIBO OK,0.00,0.00,0.00,0.00,0.00,0.00,0.00,0.00,0.00,0.00,0.00,0.00,0.00,0.00,0.00,0.00,0.00,0.00,0.00,0.00,0.00,0.00,0.00,0.00,0.00,0.00,0.00,0.00,0.00,0.00,0.00,0.00,0.00,0.00,0.00,0.00,0.00,0.00,0.00,0.00,0.00,0.00,0.00,0.00,0.00,"320,014.69",0.00,0.00,0.00,0.00,0.00,"169,488.23",0.00,0.00,0.00,0.00,0.00,"373,586.10",0.00,0.00,0.00,0.00,0.00,0.00,0.00,0.00,0.00,0.00,0.00,0.00,0.00,0.00,"420,279.05","200,009.18","580,358.57",0.00,0.00,0.00,0.00,0.00,0.00,0.00,0.00
NIVEL d                                                     ,CARRASCO ALBO DIEGO JAVIER,20242005032,24200503,"325,119.69","523,924.63",0.00,"849,044.32","-99,143.56","-24,044.39","725,856.37","47,695.06","64,441.94",0.00,"64,441.94","961,181.32","961,181.32","790,298.31","180,802.80","75,937.30",0.00,0.00,0.00,0.00,0.00,0.00,0.00,0.00,0.00,0.00,0.00,0.00,0.00,0.00,0.00,0.00,0.00,0.00,0.00,0.00,0.00,0.00,0.00,0.00,0.00,0.00,0.00,0.00,0.00,0.00,0.00,0.00,0.00,0.00,0.00,0.00,0.00,0.00,0.00,0.00,0.00,0.00,0.00,0.00,0.00,0.00,0.00,0.00,0.00,0.00,0.00,0.00,"72,321.12",GRADO  IV            ,"162,722.70",0.00,0.00,0.00,0.00,0.00,"66,292.00",0.00,0.00,30.00,21.00,0.00,0.00,0.00,0.00,0.00,0.00,0.00,0.00,"36,160.56",0.00,0.00,0.00,0.00,0.00,0.00,0.00,0.00,0.00,0.00,"5,332.88",0.00,0.00,"6,502.39",0.00,0.00,0.00,0.00,0.00,0.00,0.00,0.00,0.00,0.00,0.00,0.00,"36,160.56",0.00,0.00,0.00,0.00,0.00,"-337,326.64",0.00,0.00,"6,000.00",0.00,0.00,900.00,0.00,0.00,"35,763.17","14,630.39",0.00,0.00,0.00,0.00,0.00,0.00,0.00,0.00,"48,750.00",0.00,0.00,0.00,0.00,0.00,0.00,0.00,0.00,0.00,0.00,0.00,0.00,"33,064.67",0.00,"14,630.39",0.00,0.00,"10,642.00",0.00,0.00,0.00,0.00,0.00,0.00,0.00,0.00,0.00,0.00,0.00,0.00,0.00,0.00,"90,401.40",0.00,"96,677.42",NIVEL d                ,0.00,0.00,0.00,0.00,0.00,0.00,0.00,0.00,20,RetVol2024-Permanente Titular,SESOP                                                                                                                                                 ,ADMINISTRATIVO - NIVEL d,No Asistenciales,01/04/2026,01/04/2026,2,14/10/1974,01/12/2024,2159/SEAC-2024,2159/SEAC-20/11/2024                                                                                                                                                                                    ,NULL,NULL,NULL,24200503,28,PERSONAL PLANTA SESOP,M     ,01/12/2024,13/11/2023,BACHILLER,SECUNDARIO                    ,Secundario                    ,1298603,SI    ,A26,0.00,0.00,0.00,0.00,0.00,0.00,0.00,0.00,0.00,0.00,0.00,0.00,0.00,0.00,0.00,0.00,0.00,0.00,0.00,0.00,0.00,0.00,0.00,0.00,0.00,0.00,0.00,0.00,0.00,0.00,0.00,0.00,0.00,0.00,0.00,0.00,0.00,0.00,0.00,0.00,0.00,0.00,0.00,0.00,"7,232.11",0.00,0.00,"180,802.80",0.00,"22,202.96",0.00,0.00,0.00,0.00,"111,272.70",SinDatos,0.00,RECIBO OK,0.00,0.00,0.00,0.00,0.00,0.00,0.00,0.00,0.00,0.00,0.00,0.00,0.00,0.00,0.00,0.00,0.00,0.00,0.00,0.00,0.00,0.00,0.00,0.00,0.00,0.00,0.00,0.00,0.00,0.00,0.00,0.00,0.00,0.00,0.00,0.00,0.00,0.00,0.00,0.00,0.00,0.00,0.00,0.00,0.00,0.00,0.00,0.00,0.00,0.00,"169,488.23",0.00,0.00,0.00,0.00,0.00,0.00,0.00,0.00,0.00,0.00,0.00,0.00,0.00,0.00,0.00,0.00,0.00,0.00,0.00,0.00,0.00,0.00,0.00,0.00,0.00,0.00,0.00,0.00,0.00,0.00,0.00,0.00
NIVEL a1.                                          ,CASTELLO AZUCENA ISADORA,27254059418,25405941,"773,617.83","1,244,421.00","41,600.00","2,059,638.83","-168,660.76","-17,542.00","1,873,436.07","179,446.07","153,338.69",0.00,"153,338.69","2,392,423.59","2,392,423.59","2,026,774.76","373,890.58","143,888.17",0.00,0.00,0.00,0.00,0.00,0.00,0.00,0.00,0.00,0.00,0.00,0.00,0.00,0.00,0.00,0.00,0.00,0.00,0.00,0.00,0.00,0.00,0.00,0.00,0.00,0.00,0.00,0.00,0.00,0.00,0.00,0.00,0.00,0.00,0.00,0.00,0.00,0.00,0.00,0.00,0.00,0.00,0.00,0.00,0.00,0.00,0.00,0.00,0.00,0.00,0.00,0.00,"151,461.27",GRADO  IV            ,0.00,0.00,0.00,0.00,0.00,0.00,"66,292.00",0.00,0.00,30.00,19.00,0.00,0.00,0.00,0.00,0.00,0.00,0.00,0.00,0.00,0.00,0.00,"189,326.59",0.00,0.00,0.00,0.00,0.00,"16,023.88",0.00,"8,298.63",0.00,0.00,0.00,0.00,0.00,0.00,0.00,0.00,0.00,0.00,0.00,0.00,0.00,0.00,0.00,"75,730.64",0.00,0.00,0.00,0.00,0.00,0.00,0.00,0.00,"6,000.00",0.00,0.00,900.00,0.00,0.00,"85,097.96","34,812.80",0.00,0.00,0.00,0.00,0.00,0.00,0.00,0.00,"48,750.00",0.00,0.00,0.00,0.00,0.00,0.00,0.00,0.00,0.00,0.00,0.00,0.00,"78,676.93",0.00,"34,812.80","65,956.34",0.00,"10,642.00",0.00,0.00,0.00,0.00,"10,169.29",0.00,0.00,0.00,0.00,0.00,0.00,0.00,0.00,0.00,"189,326.60",0.00,"100,950.46","NIVEL a1,            ",0.00,0.00,0.00,0.00,0.00,0.00,0.00,0.00,1,Permanente Titular,SESOP                                                                                                                                                 ,PSICOLOGO ASISTENTE-Niv A1,Asistenciales                                               ,01/04/2026,01/04/2026,1,03/06/1976,01/11/2023,DANYU 1/1 23,NULL,NULL,NULL,NULL,25405941,19,PERSONAL PLANTA SESOP,F     ,01/11/2023,13/11/2023,PSICOLOGO,SOCIAL                        ,Universitario 5 años          ,1298603,SI    ,A26,0.00,0.00,0.00,0.00,0.00,0.00,0.00,0.00,0.00,0.00,0.00,0.00,0.00,0.00,0.00,0.00,0.00,0.00,0.00,0.00,0.00,0.00,0.00,0.00,0.00,0.00,0.00,0.00,0.00,0.00,0.00,0.00,0.00,0.00,0.00,0.00,0.00,0.00,0.00,0.00,0.00,0.00,0.00,0.00,"11,359.60",0.00,"4,762.61","378,653.19",0.00,"43,388.98",0.00,0.00,0.00,0.00,0.00,SinDatos,0.00,RECIBO OK,0.00,0.00,0.00,0.00,0.00,0.00,0.00,0.00,0.00,0.00,0.00,0.00,0.00,0.00,0.00,0.00,0.00,0.00,0.00,0.00,0.00,0.00,0.00,0.00,0.00,0.00,0.00,0.00,0.00,0.00,0.00,0.00,0.00,0.00,0.00,0.00,0.00,0.00,0.00,0.00,0.00,0.00,0.00,0.00,0.00,0.00,0.00,0.00,0.00,0.00,"169,488.23",0.00,0.00,0.00,0.00,0.00,0.00,0.00,0.00,0.00,0.00,0.00,0.00,0.00,0.00,0.00,0.00,0.00,0.00,0.00,0.00,0.00,0.00,0.00,0.00,0.00,0.00,0.00,0.00,0.00,0.00,0.00,0.00
NIVEL a3.                                          ,CORTEZ ROMERO JOSE DARIO,23217998069,21799806,"2,844,423.95","362,147.23","5,600.00","3,212,171.18","-489,523.96","-38,662.00","2,683,985.22","497,927.40",0.00,0.00,0.00,"3,710,098.58","3,710,098.58","2,683,985.22","395,255.76","168,007.77",0.00,0.00,0.00,0.00,0.00,0.00,0.00,0.00,0.00,0.00,0.00,0.00,0.00,0.00,0.00,0.00,0.00,0.00,0.00,0.00,0.00,0.00,0.00,0.00,0.00,0.00,0.00,0.00,0.00,0.00,"363,594.43",0.00,0.00,0.00,0.00,0.00,0.00,0.00,0.00,0.00,0.00,0.00,0.00,0.00,0.00,0.00,0.00,0.00,0.00,0.00,0.00,0.00,"200,009.18",GRADO  V              ,0.00,0.00,0.00,0.00,0.00,0.00,"82,542.00",0.00,0.00,30.00,21.00,0.00,0.00,0.00,0.00,0.00,0.00,0.00,0.00,0.00,0.00,0.00,"200,009.19",0.00,0.00,0.00,0.00,0.00,"16,023.88",0.00,0.00,"10,472.12",0.00,0.00,0.00,0.00,0.00,0.00,0.00,0.00,"21,120.00",0.00,0.00,0.00,0.00,"8,112.06","80,003.67",0.00,0.00,0.00,0.00,0.00,0.00,0.00,0.00,"6,000.00",0.00,0.00,900.00,0.00,0.00,"312,886.63","111,637.33",0.00,0.00,0.00,0.00,0.00,0.00,0.00,0.00,"65,000.00",0.00,0.00,0.00,0.00,0.00,0.00,0.00,0.00,0.00,0.00,0.00,0.00,"289,277.92",0.00,"111,637.33","97,012.15",0.00,"10,642.00",0.00,0.00,0.00,"48,002.20","10,169.29",0.00,0.00,0.00,0.00,0.00,0.00,0.00,0.00,0.00,0.00,0.00,0.00,0.00,"138,873.64","NIVEL a3,            ","250,529.27",0.00,0.00,0.00,0.00,0.00,1,Permanente Titular,SESOP                                                                                                                                                 ,MEDICO - Niv A3                              ,Asistenciales                                               ,01/04/2026,01/04/2026,7,03/02/1971,01/11/2023,DANYU 1/1 23,NULL,NULL,NULL,NULL,21799806,1,PERSONAL PLANTA SESOP,M     ,01/11/2023,05/02/2015,MEDICO,MEDICINA                      ,Universitario 5 años          ,1298603,SI    ,A26,0.00,0.00,0.00,0.00,0.00,0.00,0.00,0.00,0.00,0.00,0.00,0.00,0.00,0.00,0.00,0.00,0.00,0.00,0.00,0.00,0.00,0.00,0.00,0.00,0.00,0.00,0.00,0.00,0.00,0.00,0.00,0.00,0.00,0.00,0.00,0.00,0.00,0.00,0.00,0.00,0.00,0.00,0.00,0.00,"16,000.73",0.00,"4,762.61",0.00,"400,018.37",0.00,"47,456.70",0.00,0.00,0.00,0.00,SinDatos,0.00,RECIBO OK,0.00,0.00,0.00,0.00,0.00,0.00,0.00,0.00,0.00,0.00,0.00,0.00,0.00,0.00,0.00,0.00,0.00,0.00,0.00,0.00,0.00,0.00,0.00,0.00,0.00,0.00,0.00,0.00,0.00,0.00,0.00,0.00,0.00,0.00,0.00,0.00,0.00,0.00,0.00,0.00,0.00,0.00,0.00,0.00,0.00,0.00,0.00,0.00,0.00,0.00,0.00,"169,488.23",0.00,0.00,0.00,0.00,0.00,0.00,0.00,0.00,0.00,0.00,0.00,0.00,0.00,0.00,0.00,0.00,0.00,0.00,0.00,0.00,"402,437.02","200,009.18",0.00,0.00,0.00,0.00,0.00,0.00,0.00,0.00,0.00
NIVEL a3.                                          ,CHIARELLO NORA MARIELA,27176963684,17696368,"3,666,369.08","334,157.78",0.00,"4,000,526.86","-595,684.68","-61,632.57","3,343,209.61","628,649.76",0.00,0.00,0.00,"4,629,176.62","4,629,176.62","3,343,209.61","395,255.76","208,009.62","180,008.26",45.00,0.00,0.00,0.00,0.00,"667,497.95",0.00,0.00,0.00,0.00,0.00,0.00,0.00,0.00,0.00,0.00,0.00,0.00,0.00,0.00,0.00,0.00,0.00,0.00,0.00,0.00,0.00,0.00,0.00,0.00,0.00,0.00,0.00,0.00,0.00,0.00,0.00,0.00,0.00,0.00,0.00,0.00,0.00,0.00,0.00,0.00,0.00,0.00,0.00,0.00,0.00,"240,011.02",GRADO  VI            ,0.00,0.00,0.00,0.00,0.00,"44,090.57","82,542.00",0.00,0.00,30.00,26.00,0.00,0.00,0.00,0.00,0.00,0.00,0.00,0.00,0.00,0.00,0.00,"200,009.19",0.00,0.00,0.00,0.00,0.00,"16,023.88",0.00,0.00,"10,472.12",0.00,0.00,0.00,0.00,0.00,0.00,0.00,0.00,0.00,0.00,0.00,0.00,0.00,0.00,"80,003.67",0.00,0.00,0.00,0.00,0.00,0.00,0.00,0.00,"6,000.00",0.00,0.00,900.00,0.00,0.00,"403,300.60","127,384.08",0.00,0.00,0.00,0.00,0.00,0.00,0.00,0.00,"65,000.00",0.00,0.00,0.00,0.00,0.00,0.00,0.00,0.00,0.00,0.00,0.00,0.00,"372,869.74",0.00,"134,949.20","120,830.82",0.00,"10,642.00",0.00,0.00,0.00,"48,002.20","10,169.29",0.00,0.00,0.00,0.00,0.00,0.00,0.00,0.00,0.00,0.00,0.00,0.00,0.00,"138,873.64","NIVEL a3,            ","303,987.57",0.00,0.00,0.00,0.00,0.00,1,Permanente Titular,SESOP                                                                                                                                                 ,JEFE SUPERVISOR MEDICO CAPITAL-Niv A3,Asistenciales                                               ,01/04/2026,01/04/2026,2,12/02/1966,01/08/2024,855/SPS/2024,NULL,NULL,NULL,NULL,17696368,23,PERSONAL PLANTA SESOP,F     ,01/08/2024,13/11/2023,MEDICO,MEDICINA                      ,Universitario 5 años          ,1298603,SI    ,A26,0.00,0.00,0.00,0.00,0.00,0.00,0.00,0.00,0.00,0.00,0.00,0.00,0.00,0.00,0.00,0.00,0.00,0.00,0.00,0.00,0.00,0.00,0.00,0.00,0.00,0.00,0.00,0.00,0.00,0.00,0.00,0.00,0.00,0.00,0.00,0.00,0.00,0.00,0.00,0.00,0.00,0.00,0.00,0.00,"20,000.92",0.00,"4,762.61",0.00,"400,018.37",0.00,"47,456.70",0.00,0.00,0.00,0.00,SinDatos,0.00,RECIBO OK,0.00,0.00,0.00,0.00,0.00,0.00,0.00,0.00,0.00,0.00,0.00,0.00,0.00,0.00,0.00,0.00,0.00,0.00,0.00,0.00,0.00,0.00,0.00,0.00,0.00,0.00,0.00,0.00,0.00,0.00,0.00,0.00,0.00,0.00,0.00,0.00,0.00,0.00,0.00,0.00,0.00,0.00,0.00,0.00,"80,003.67",0.00,0.00,0.00,0.00,0.00,0.00,"169,488.23",0.00,0.00,0.00,0.00,0.00,"168,113.75",0.00,0.00,0.00,0.00,0.00,0.00,0.00,0.00,0.00,0.00,0.00,0.00,0.00,0.00,"412,349.26","200,009.18",0.00,0.00,0.00,0.00,0.00,0.00,0.00,0.00,0.00
NIVEL a3.                                          ,DIAZ KURAN CARLOS FABIAN,20213398890,21339889,"2,533,290.64","232,826.52",0.00,"2,766,117.16","-457,660.05","-38,662.00","2,269,795.11","455,432.26",0.00,0.00,0.00,"3,221,549.42","3,221,549.42","2,269,795.11","395,255.76","152,007.03",0.00,0.00,0.00,0.00,0.00,0.00,0.00,0.00,0.00,0.00,0.00,0.00,0.00,0.00,0.00,0.00,0.00,0.00,0.00,0.00,0.00,0.00,0.00,0.00,0.00,0.00,0.00,0.00,0.00,0.00,0.00,0.00,0.00,0.00,0.00,0.00,0.00,0.00,0.00,0.00,0.00,0.00,0.00,0.00,0.00,0.00,0.00,0.00,0.00,0.00,0.00,0.00,"160,007.35",GRADO  IV            ,0.00,0.00,0.00,0.00,0.00,0.00,"82,542.00",0.00,0.00,30.00,19.00,0.00,0.00,0.00,0.00,0.00,0.00,0.00,0.00,0.00,0.00,0.00,"200,009.19",0.00,0.00,0.00,0.00,0.00,"16,023.88",0.00,0.00,"10,472.12",0.00,0.00,0.00,0.00,0.00,0.00,0.00,0.00,"21,120.00",0.00,0.00,0.00,0.00,"8,112.06","80,003.67",0.00,0.00,0.00,0.00,0.00,0.00,0.00,0.00,"6,000.00",0.00,0.00,900.00,0.00,0.00,"278,661.97","113,998.08",0.00,0.00,0.00,0.00,0.00,0.00,0.00,0.00,"65,000.00",0.00,0.00,0.00,0.00,0.00,0.00,0.00,0.00,0.00,0.00,0.00,0.00,"257,635.66",0.00,"113,998.08","83,798.52",0.00,"10,642.00",0.00,0.00,0.00,"48,002.20","10,169.29",0.00,0.00,0.00,0.00,0.00,0.00,0.00,0.00,0.00,0.00,0.00,0.00,0.00,"138,873.64","NIVEL a3,            ","202,544.62",0.00,0.00,0.00,0.00,0.00,1,Permanente Titular,SESOP                                                                                                                                                 ,MEDICO - Niv A3                              ,Asistenciales                                               ,01/04/2026,01/04/2026,5,26/07/1970,01/11/2023,DANYU 1/1 23,NULL,NULL,NULL,NULL,21339889,6,PERSONAL PLANTA SESOP,M     ,01/11/2023,01/03/2008,SIN DATOS                                                                                           ,SIN DATOS                     ,Ninguno                       ,1298603,SI    ,A26,0.00,0.00,0.00,0.00,0.00,0.00,0.00,0.00,0.00,0.00,0.00,0.00,0.00,0.00,0.00,0.00,0.00,0.00,0.00,0.00,0.00,0.00,0.00,0.00,0.00,0.00,0.00,0.00,0.00,0.00,0.00,0.00,0.00,0.00,0.00,0.00,0.00,0.00,0.00,0.00,0.00,0.00,0.00,0.00,"12,000.55",0.00,"4,762.61",0.00,"400,018.37",0.00,"47,456.70",0.00,0.00,0.00,0.00,SinDatos,0.00,RECIBO OK,0.00,0.00,0.00,0.00,0.00,0.00,0.00,0.00,0.00,0.00,0.00,0.00,0.00,0.00,0.00,0.00,0.00,0.00,0.00,0.00,0.00,0.00,0.00,0.00,0.00,0.00,0.00,0.00,0.00,0.00,0.00,0.00,0.00,0.00,0.00,0.00,0.00,0.00,0.00,0.00,0.00,0.00,0.00,0.00,0.00,"160,007.35",0.00,0.00,0.00,0.00,0.00,"169,488.23",0.00,0.00,0.00,0.00,0.00,0.00,0.00,0.00,0.00,0.00,0.00,0.00,0.00,0.00,0.00,0.00,0.00,0.00,0.00,0.00,"350,893.36","200,009.18",0.00,0.00,0.00,0.00,0.00,0.00,0.00,0.00,0.00
NIVEL c                                                     ,DIAZ LORENA NATALIA  ,27248033253,24803325,"1,719,795.36","177,418.78","83,200.00","1,980,414.14","-315,318.28","-17,542.00","1,647,553.86","310,025.41",0.00,0.00,0.00,"2,290,439.55","2,290,439.55","1,647,553.86","267,064.70","112,167.09",0.00,0.00,0.00,0.00,0.00,0.00,0.00,0.00,0.00,0.00,0.00,0.00,0.00,0.00,0.00,0.00,0.00,0.00,0.00,0.00,0.00,0.00,0.00,0.00,0.00,0.00,0.00,0.00,0.00,0.00,0.00,0.00,0.00,0.00,0.00,0.00,0.00,0.00,0.00,0.00,0.00,0.00,0.00,0.00,0.00,0.00,0.00,0.00,0.00,0.00,0.00,0.00,"106,825.88",GRADO  IV            ,0.00,0.00,0.00,0.00,0.00,0.00,"66,292.00",0.00,0.00,30.00,21.00,0.00,0.00,0.00,0.00,0.00,0.00,0.00,0.00,0.00,"80,119.41",0.00,0.00,0.00,0.00,0.00,0.00,0.00,"16,023.88",0.00,0.00,"8,464.12",0.00,0.00,0.00,0.00,0.00,0.00,0.00,0.00,0.00,0.00,0.00,0.00,0.00,0.00,"53,412.94",0.00,0.00,0.00,0.00,0.00,0.00,0.00,0.00,"6,000.00",0.00,0.00,900.00,0.00,0.00,"189,177.49","77,390.79",0.00,0.00,0.00,0.00,0.00,0.00,0.00,0.00,"48,750.00",0.00,0.00,0.00,0.00,0.00,0.00,0.00,0.00,0.00,0.00,0.00,0.00,"174,903.19",0.00,"77,390.79","57,731.43",0.00,"10,642.00",0.00,0.00,0.00,0.00,0.00,0.00,0.00,0.00,0.00,0.00,0.00,0.00,0.00,0.00,0.00,0.00,0.00,0.00,"96,677.42",NIVEL c                ,"166,736.19",0.00,0.00,0.00,0.00,0.00,1,Permanente Titular,SESOP                                                                                                                                                 ,ADMINISTRATIVO - NIVEL c,No Asistenciales,01/04/2026,01/04/2026,1,05/08/1975,01/11/2023,DANYU 1/1 23,NULL,NULL,NULL,NULL,24803325,30,PERSONAL PLANTA SESOP,F     ,01/11/2023,01/11/2023,FONOAUDIOLOGO TERCIARIO                                     ,MEDICINA                      ,Terciario                     ,1298603,SI    ,A26,0.00,0.00,0.00,0.00,0.00,0.00,0.00,0.00,0.00,0.00,0.00,0.00,0.00,0.00,0.00,0.00,0.00,0.00,0.00,0.00,0.00,0.00,0.00,0.00,0.00,0.00,0.00,0.00,0.00,0.00,0.00,0.00,0.00,0.00,0.00,0.00,0.00,0.00,0.00,0.00,0.00,0.00,0.00,0.00,"10,682.59",0.00,0.00,0.00,"267,064.70",0.00,"28,304.53",0.00,0.00,0.00,0.00,SinDatos,0.00,RECIBO OK,0.00,0.00,0.00,0.00,"76,196.01",0.00,0.00,0.00,0.00,0.00,0.00,0.00,0.00,0.00,0.00,0.00,0.00,0.00,0.00,0.00,0.00,0.00,0.00,0.00,0.00,0.00,0.00,0.00,0.00,0.00,0.00,0.00,0.00,0.00,0.00,0.00,0.00,0.00,0.00,0.00,0.00,0.00,0.00,0.00,0.00,0.00,0.00,0.00,0.00,0.00,0.00,"169,488.23",0.00,0.00,0.00,0.00,0.00,0.00,0.00,0.00,0.00,0.00,0.00,0.00,0.00,0.00,0.00,0.00,0.00,0.00,0.00,0.00,"304,454.10","133,532.35",0.00,0.00,0.00,0.00,0.00,0.00,0.00,0.00,0.00
NIVEL a3.                                          ,ESPER CRISTINA VICTORIA,27257981776,25798177,"654,210.41","1,050,296.08","81,600.00","1,786,106.49","-148,918.58","-30,626.21","1,606,561.70","150,562.80","129,393.10",0.00,"129,393.10","2,066,062.39","2,066,062.39","1,735,954.80","317,700.17","58,043.33",0.00,0.00,0.00,0.00,0.00,0.00,0.00,0.00,0.00,0.00,0.00,0.00,0.00,0.00,0.00,0.00,0.00,0.00,0.00,0.00,0.00,0.00,0.00,0.00,0.00,0.00,0.00,0.00,0.00,0.00,0.00,0.00,0.00,0.00,0.00,0.00,0.00,0.00,0.00,0.00,0.00,0.00,0.00,0.00,0.00,0.00,0.00,0.00,0.00,0.00,0.00,0.00,"48,369.42",GRADO  II            ,"202,957.58",0.00,0.00,0.00,0.00,0.00,"66,292.00",0.00,0.00,30.00,9.00,0.00,0.00,0.00,0.00,0.00,0.00,0.00,0.00,0.00,0.00,0.00,"161,231.39",0.00,0.00,0.00,0.00,0.00,"16,023.88",0.00,"8,298.63",0.00,0.00,0.00,0.00,0.00,0.00,0.00,0.00,0.00,"13,084.21",0.00,0.00,0.00,0.00,0.00,"64,492.56",0.00,0.00,0.00,0.00,0.00,0.00,0.00,0.00,"6,000.00",0.00,0.00,900.00,0.00,0.00,"71,963.15","28,205.43",0.00,0.00,0.00,0.00,0.00,0.00,0.00,0.00,"48,750.00",0.00,0.00,0.00,0.00,0.00,0.00,0.00,0.00,0.00,0.00,0.00,0.00,"66,533.20",0.00,"28,205.43","55,824.17",0.00,"10,642.00",0.00,0.00,0.00,"38,695.53","10,169.29",0.00,0.00,0.00,0.00,0.00,0.00,0.00,0.00,0.00,"161,231.39",0.00,"100,950.46","NIVEL a3,            ",0.00,0.00,0.00,0.00,0.00,0.00,0.00,0.00,2,Permanente Interino,SESOP                                                                                                                                                 ,MEDICO - Niv A3                              ,Asistenciales                                               ,01/04/2026,01/04/2026,2,19/04/1977,01/01/2026,1503/SPS/2025,PASE A PLANTA INTERINA.-                                                                                                                                                                                ,NULL,NULL,NULL,25798177,14,PERSONAL PLANTA SESOP,F     ,01/01/2026,13/11/2023,MEDICO,MEDICINA                      ,Universitario 5 años          ,1298603,SI    ,A26,0.00,0.00,0.00,0.00,0.00,0.00,0.00,0.00,0.00,0.00,0.00,0.00,0.00,0.00,0.00,0.00,0.00,0.00,0.00,0.00,0.00,0.00,0.00,"33,218.27",0.00,0.00,0.00,0.00,0.00,0.00,0.00,0.00,0.00,0.00,0.00,0.00,0.00,0.00,0.00,0.00,0.00,0.00,0.00,0.00,"3,224.63",0.00,"4,762.61","322,462.78",0.00,"47,456.70",0.00,0.00,0.00,0.00,0.00,SinDatos,0.00,RECIBO OK,0.00,0.00,0.00,0.00,0.00,0.00,0.00,0.00,0.00,0.00,0.00,0.00,0.00,0.00,0.00,0.00,0.00,0.00,0.00,0.00,0.00,0.00,0.00,0.00,0.00,0.00,0.00,0.00,0.00,0.00,0.00,0.00,0.00,0.00,0.00,0.00,0.00,0.00,0.00,0.00,0.00,0.00,0.00,0.00,"64,492.56",0.00,0.00,0.00,0.00,0.00,"169,488.23",0.00,0.00,0.00,0.00,0.00,0.00,0.00,0.00,0.00,0.00,0.00,0.00,0.00,0.00,0.00,0.00,0.00,0.00,0.00,0.00,0.00,0.00,0.00,0.00,0.00,0.00,0.00,0.00,0.00,0.00,0.00,0.00
NIVEL d                                                     ,FERNANDEZ ALEJANDRO PLACIDO,20207177068,20717706,"1,352,024.52","147,600.29","5,600.00","1,505,224.81","-331,438.80","-507,000.09","666,785.92","244,145.74",0.00,0.00,0.00,"1,749,370.55","1,749,370.55","666,785.92","213,651.76","85,460.80",0.00,0.00,0.00,0.00,0.00,0.00,0.00,0.00,0.00,0.00,0.00,0.00,0.00,0.00,0.00,0.00,0.00,0.00,0.00,0.00,0.00,0.00,0.00,0.00,0.00,0.00,0.00,0.00,0.00,0.00,0.00,0.00,0.00,0.00,0.00,0.00,0.00,0.00,0.00,0.00,0.00,0.00,0.00,0.00,0.00,0.00,0.00,0.00,0.00,0.00,0.00,0.00,"85,460.70",GRADO  IV            ,0.00,0.00,0.00,0.00,0.00,0.00,"143,017.00","22,095.78",1.00,30.00,20.00,0.00,0.00,0.00,0.00,0.00,0.00,0.00,0.00,"42,730.35",0.00,0.00,0.00,0.00,0.00,0.00,0.00,0.00,0.00,0.00,0.00,"6,962.34",0.00,"27,040.49",0.00,0.00,0.00,0.00,0.00,0.00,0.00,0.00,0.00,0.00,0.00,0.00,"42,730.35",0.00,0.00,0.00,0.00,0.00,0.00,0.00,0.00,"6,000.00","3,600.00",0.00,900.00,0.00,0.00,"148,722.70","60,841.10","48,750.00",0.00,0.00,0.00,0.00,0.00,0.00,0.00,"48,750.00","24,375.00",0.00,0.00,0.00,0.00,0.00,0.00,0.00,0.00,0.00,0.00,0.00,"137,500.89",0.00,"60,841.10","45,803.75",0.00,"10,642.00",0.00,0.00,0.00,0.00,0.00,0.00,0.00,0.00,0.00,0.00,0.00,0.00,0.00,0.00,0.00,0.00,0.00,0.00,"93,454.84",NIVEL d                ,"139,054.22",0.00,0.00,0.00,0.00,0.00,1,Permanente Titular,SESOP                                                                                                                                                 ,ADMINISTRATIVO - NIVEL d,No Asistenciales,01/04/2026,01/04/2026,1,24/02/1969,01/11/2023,DANYU 1/1-23,NULL,NULL,NULL,NULL,20717706,20,PERSONAL PLANTA SESOP,M     ,01/11/2023,14/11/2023,BACHILLER,SECUNDARIO                    ,Secundario                    ,1298603,SI    ,A26,0.00,0.00,0.00,0.00,0.00,0.00,0.00,0.00,0.00,0.00,0.00,0.00,0.00,0.00,0.00,0.00,0.00,0.00,0.00,0.00,0.00,0.00,0.00,0.00,0.00,0.00,0.00,0.00,0.00,0.00,0.00,0.00,0.00,0.00,0.00,0.00,0.00,0.00,0.00,0.00,0.00,0.00,0.00,0.00,"8,546.07",0.00,0.00,0.00,"213,651.76",0.00,"22,202.96",0.00,0.00,0.00,0.00,SinDatos,0.00,RECIBO OK,0.00,0.00,0.00,0.00,"111,272.70",0.00,0.00,0.00,0.00,0.00,0.00,0.00,0.00,0.00,0.00,0.00,0.00,0.00,0.00,0.00,0.00,0.00,0.00,0.00,0.00,0.00,0.00,0.00,0.00,0.00,0.00,0.00,0.00,0.00,0.00,0.00,0.00,0.00,0.00,0.00,0.00,0.00,0.00,0.00,0.00,0.00,0.00,0.00,0.00,0.00,0.00,"163,838.62",0.00,0.00,0.00,0.00,0.00,0.00,0.00,0.00,0.00,0.00,0.00,0.00,0.00,0.00,0.00,0.00,0.00,0.00,0.00,0.00,"185,877.24","106,825.88",0.00,0.00,0.00,0.00,0.00,0.00,0.00,0.00,0.00
NIVEL d                                                     ,GONZALEZ VICTOR EXEQUIEL,20324599712,32459971,"235,583.82","820,820.78","209,920.00","1,266,324.60","-69,015.49","-813,664.79","383,644.32","68,468.14","46,695.05","28,017.03","18,678.02","1,381,487.79","1,381,487.79","402,322.34","180,802.80","57,856.99",0.00,0.00,0.00,0.00,0.00,0.00,0.00,0.00,0.00,0.00,0.00,0.00,0.00,0.00,0.00,0.00,0.00,0.00,0.00,0.00,0.00,0.00,0.00,0.00,0.00,0.00,0.00,0.00,0.00,0.00,0.00,0.00,0.00,0.00,0.00,0.00,0.00,0.00,0.00,0.00,0.00,0.00,0.00,0.00,0.00,0.00,0.00,0.00,0.00,0.00,0.00,0.00,0.00,0.00,"139,218.31",0.00,0.00,0.00,0.00,0.00,"50,042.00",0.00,0.00,30.00,16.00,0.00,0.00,0.00,0.00,0.00,0.00,0.00,0.00,0.00,0.00,0.00,0.00,0.00,0.00,0.00,0.00,0.00,"16,023.88",0.00,"5,332.88",0.00,0.00,"4,711.68",0.00,0.00,0.00,0.00,0.00,"5,182.84",0.00,0.00,0.00,0.00,0.00,0.00,"36,160.56",0.00,0.00,0.00,0.00,0.00,0.00,0.00,0.00,"6,000.00",0.00,0.00,900.00,0.00,0.00,"25,914.22","10,601.27",0.00,0.00,0.00,0.00,0.00,0.00,0.00,0.00,"32,500.00",0.00,0.00,0.00,0.00,0.00,0.00,0.00,0.00,0.00,0.00,0.00,0.00,"23,958.87",0.00,"10,601.27","33,908.00",0.00,"10,642.00",0.00,0.00,0.00,0.00,0.00,0.00,0.00,0.00,0.00,0.00,0.00,0.00,0.00,0.00,"90,401.40",0.00,"96,677.42",NIVEL d                ,0.00,0.00,0.00,0.00,0.00,0.00,0.00,0.00,1,Permanente Titular,SESOP                                                                                                                                                 ,ADMINISTRATIVO - NIVEL d,No Asistenciales,01/04/2026,01/04/2026,2,29/11/1986,01/04/2025,RESUMEN MENSUAL,NOTA N°845 DEL 09/01/22025 DE SALUD OCUPACIONAL.-                                                                                                                                                       ,NULL,NULL,NULL,32459971,32,PERSONAL PLANTA SESOP,M     ,01/04/2025,01/03/2008,SIN DATOS                                                                                           ,SIN DATOS                     ,Ninguno                       ,1298603,SI    ,A26,0.00,0.00,0.00,0.00,0.00,0.00,0.00,0.00,0.00,0.00,0.00,0.00,0.00,0.00,0.00,0.00,0.00,0.00,0.00,0.00,0.00,0.00,0.00,0.00,0.00,0.00,0.00,0.00,0.00,0.00,0.00,0.00,0.00,0.00,0.00,0.00,0.00,0.00,0.00,0.00,0.00,0.00,0.00,0.00,"5,424.08",0.00,0.00,"180,802.80",0.00,"22,202.96",0.00,0.00,0.00,0.00,"111,272.70",SinDatos,0.00,RECIBO OK,0.00,0.00,0.00,0.00,0.00,0.00,0.00,0.00,0.00,0.00,0.00,0.00,0.00,0.00,0.00,0.00,0.00,0.00,0.00,0.00,0.00,0.00,0.00,0.00,0.00,0.00,0.00,0.00,0.00,0.00,0.00,0.00,0.00,0.00,0.00,0.00,0.00,0.00,0.00,0.00,0.00,0.00,0.00,0.00,0.00,0.00,0.00,0.00,0.00,0.00,"169,488.23",0.00,0.00,0.00,0.00,0.00,0.00,0.00,0.00,0.00,0.00,0.00,0.00,0.00,0.00,0.00,0.00,0.00,0.00,0.00,0.00,0.00,0.00,0.00,0.00,0.00,0.00,0.00,0.00,0.00,0.00,0.00,0.00
NIVEL d                                                     ,GRECCO MARCELO FEDERICO,20275943860,27594386,"134,734.19","426,682.65","159,680.00","721,096.84","-53,383.80","-449,686.75","218,026.29","38,224.19","26,705.64","14,688.10","12,017.54","786,026.67","786,026.67","230,043.83","90,401.40","39,776.54",0.00,0.00,0.00,0.00,0.00,0.00,0.00,0.00,0.00,0.00,0.00,0.00,0.00,0.00,0.00,0.00,0.00,0.00,0.00,0.00,0.00,0.00,0.00,0.00,0.00,0.00,0.00,0.00,0.00,0.00,0.00,0.00,0.00,0.00,0.00,0.00,0.00,0.00,0.00,0.00,0.00,0.00,0.00,0.00,0.00,0.00,0.00,0.00,0.00,0.00,0.00,0.00,0.00,0.00,"81,361.35",0.00,0.00,0.00,0.00,0.00,"50,042.00",0.00,0.00,15.00,22.00,0.00,0.00,0.00,0.00,0.00,0.00,0.00,0.00,"18,080.28",0.00,0.00,0.00,0.00,0.00,0.00,0.00,0.00,0.00,0.00,"2,666.44",0.00,0.00,"2,694.68",0.00,0.00,0.00,0.00,0.00,0.00,0.00,0.00,0.00,0.00,0.00,0.00,"18,080.28",0.00,0.00,0.00,0.00,0.00,0.00,0.00,0.00,"6,000.00",0.00,0.00,900.00,0.00,0.00,"14,820.76","6,063.04",0.00,0.00,0.00,0.00,0.00,0.00,0.00,0.00,"32,500.00",0.00,0.00,0.00,0.00,0.00,0.00,0.00,0.00,0.00,0.00,0.00,0.00,"13,702.47",0.00,"6,063.04","18,458.68",0.00,"10,642.00",0.00,0.00,0.00,0.00,0.00,0.00,0.00,0.00,0.00,0.00,0.00,0.00,0.00,0.00,"45,200.70",0.00,"48,338.71",NIVEL d                ,0.00,0.00,0.00,0.00,0.00,0.00,0.00,0.00,1,Permanente Titular,SESOP                                                                                                                                                 ,ADMINISTRATIVO - NIVEL d,No Asistenciales,01/04/2026,01/04/2026,1,10/09/1979,01/11/2023,DANYU 1/1-23,NULL,NULL,NULL,NULL,227594386,26,PERSONAL PLANTA SESOP,M     ,01/11/2023,14/11/2023,BACHILLER,SECUNDARIO                    ,Secundario                    ,1298603,SI    ,A26,0.00,0.00,0.00,0.00,0.00,0.00,0.00,0.00,0.00,0.00,0.00,0.00,0.00,0.00,0.00,0.00,0.00,0.00,0.00,0.00,0.00,0.00,0.00,0.00,0.00,0.00,0.00,0.00,0.00,0.00,0.00,0.00,0.00,0.00,0.00,0.00,0.00,0.00,0.00,0.00,0.00,0.00,0.00,0.00,"7,232.11",0.00,0.00,"90,401.40",0.00,"11,101.48",0.00,0.00,0.00,0.00,"55,636.35",SinDatos,0.00,RECIBO OK,0.00,0.00,0.00,0.00,0.00,0.00,0.00,0.00,0.00,0.00,0.00,0.00,0.00,0.00,0.00,0.00,0.00,0.00,0.00,0.00,0.00,0.00,0.00,0.00,0.00,0.00,0.00,0.00,0.00,0.00,0.00,0.00,0.00,0.00,0.00,0.00,0.00,0.00,0.00,0.00,0.00,0.00,0.00,0.00,0.00,0.00,0.00,0.00,0.00,0.00,"84,744.11",0.00,0.00,0.00,0.00,0.00,0.00,0.00,0.00,0.00,0.00,0.00,0.00,0.00,0.00,0.00,0.00,0.00,0.00,0.00,0.00,0.00,0.00,0.00,0.00,0.00,0.00,0.00,0.00,0.00,0.00,0.00,0.00
NIVEL a3.                                          ,GUTIERREZ MIRTA ESTELA,27288848365,28884836,"647,763.27","1,085,519.11","325,440.00","2,058,722.38","-149,153.31","-31,397.27","1,878,171.80","151,692.14","128,393.08",0.00,"128,393.08","2,338,807.60","2,338,807.60","2,006,564.88","317,700.17","83,840.37",0.00,0.00,0.00,0.00,0.00,0.00,0.00,0.00,0.00,0.00,0.00,0.00,0.00,0.00,0.00,0.00,0.00,0.00,0.00,0.00,0.00,0.00,0.00,0.00,0.00,0.00,0.00,0.00,0.00,0.00,0.00,0.00,0.00,0.00,0.00,0.00,0.00,0.00,0.00,0.00,0.00,0.00,0.00,0.00,0.00,0.00,0.00,0.00,0.00,0.00,0.00,0.00,0.00,0.00,"250,900.31",0.00,0.00,0.00,0.00,0.00,"67,192.00",0.00,0.00,30.00,13.00,0.00,0.00,0.00,0.00,0.00,0.00,0.00,0.00,0.00,0.00,0.00,"161,231.39",0.00,0.00,0.00,0.00,0.00,0.00,0.00,"8,298.63",0.00,0.00,0.00,0.00,0.00,0.00,0.00,0.00,0.00,"12,955.27",0.00,0.00,0.00,0.00,"8,112.06","64,492.56",0.00,0.00,0.00,0.00,0.00,0.00,0.00,0.00,"6,000.00",0.00,0.00,900.00,900.00,0.00,"71,253.96","29,149.35",0.00,0.00,0.00,0.00,0.00,0.00,0.00,0.00,"48,750.00",0.00,0.00,0.00,0.00,0.00,0.00,0.00,0.00,0.00,0.00,0.00,0.00,"65,877.52",0.00,"29,149.35","56,665.27",0.00,"10,642.00",0.00,0.00,0.00,"38,695.53","10,169.29",0.00,0.00,0.00,0.00,0.00,0.00,0.00,0.00,0.00,"161,231.39",0.00,"100,950.46","NIVEL a3,            ",0.00,0.00,0.00,0.00,0.00,0.00,0.00,0.00,1,Permanente Titular,SESOP                                                                                                                                                 ,MEDICO - Niv A3                              ,Asistenciales                                               ,01/04/2026,01/04/2026,18,02/09/1981,01/11/2023,DANYU 1/1-23,NULL,NULL,NULL,NULL,28884836,43,PERSONAL PLANTA SESOP,F     ,01/11/2023,20/03/2009,MEDICO,MEDICINA                      ,Universitario 5 años          ,1298603,SI    ,A26,0.00,0.00,0.00,0.00,0.00,0.00,0.00,0.00,0.00,0.00,0.00,0.00,0.00,0.00,0.00,0.00,0.00,0.00,0.00,0.00,0.00,0.00,0.00,0.00,0.00,0.00,0.00,0.00,0.00,0.00,0.00,0.00,0.00,0.00,0.00,0.00,0.00,0.00,0.00,0.00,0.00,0.00,0.00,0.00,"6,449.26",0.00,"4,762.61","322,462.78",0.00,"47,456.70",0.00,0.00,0.00,0.00,0.00,SinDatos,0.00,RECIBO OK,0.00,0.00,0.00,0.00,0.00,0.00,0.00,0.00,0.00,0.00,0.00,0.00,0.00,0.00,0.00,0.00,0.00,0.00,0.00,0.00,0.00,0.00,0.00,0.00,0.00,0.00,0.00,0.00,0.00,0.00,0.00,0.00,0.00,0.00,0.00,0.00,0.00,0.00,0.00,0.00,0.00,0.00,0.00,0.00,"128,985.11",0.00,0.00,0.00,0.00,0.00,"169,488.23",0.00,0.00,0.00,0.00,0.00,0.00,0.00,0.00,0.00,0.00,0.00,0.00,0.00,0.00,0.00,0.00,0.00,0.00,0.00,0.00,0.00,0.00,0.00,0.00,0.00,0.00,0.00,0.00,0.00,0.00,0.00,0.00
NIVEL a1.                                          ,HONORATO DESCALS PILAR,27414259702,41425970,"432,003.71","1,025,758.44",0.00,"1,457,762.15","-115,710.58","-17,364.00","1,324,687.57","110,491.65","85,627.42",0.00,"85,627.42","1,653,881.22","1,653,881.22","1,410,314.99","299,539.77",0.00,0.00,0.00,0.00,0.00,0.00,0.00,0.00,0.00,0.00,0.00,0.00,0.00,0.00,0.00,0.00,0.00,0.00,0.00,0.00,0.00,0.00,0.00,0.00,0.00,0.00,0.00,0.00,0.00,0.00,0.00,0.00,0.00,0.00,0.00,0.00,0.00,0.00,0.00,0.00,0.00,0.00,0.00,0.00,0.00,0.00,0.00,0.00,0.00,0.00,0.00,0.00,0.00,0.00,0.00,"231,802.60",0.00,0.00,0.00,0.00,0.00,"66,114.00",0.00,0.00,30.00,0.00,0.00,0.00,0.00,0.00,0.00,0.00,0.00,0.00,0.00,0.00,0.00,"152,151.19",0.00,0.00,0.00,0.00,0.00,"16,023.88",0.00,"8,298.63",0.00,0.00,0.00,0.00,0.00,0.00,0.00,0.00,0.00,0.00,0.00,0.00,0.00,0.00,0.00,"60,860.48",0.00,0.00,0.00,0.00,0.00,0.00,0.00,0.00,"6,000.00",0.00,0.00,900.00,900.00,0.00,"47,520.41","19,440.17",0.00,0.00,0.00,0.00,0.00,0.00,0.00,0.00,"48,750.00",0.00,0.00,0.00,0.00,0.00,0.00,0.00,0.00,0.00,0.00,0.00,0.00,"43,934.78",0.00,"19,440.17","47,116.70",0.00,"9,564.00",0.00,0.00,0.00,0.00,"10,169.29",0.00,0.00,0.00,0.00,0.00,0.00,0.00,0.00,0.00,"152,151.19",0.00,"100,950.46","NIVEL a1,            ",0.00,0.00,0.00,0.00,0.00,0.00,0.00,0.00,6,Reemplazante no permanente,SESOP                                                                                                                                                 ,PSICOLOGO-Niv A1,Asistenciales                                               ,01/03/2026,01/04/2026,11,09/09/1998,01/03/2026,RESUMEN MENSUAL,COB.-                                                                                                                                                                                                   ,31/03/2026,CP,NULL,41425970,2,PERSONAL PLANTA SESOP,F     ,01/03/2026,09/09/2008,EGB II - 4to GRADO,PRIMARIO                      ,Primario                      ,1298603,SI    ,A26,0.00,0.00,0.00,0.00,0.00,0.00,0.00,0.00,0.00,0.00,0.00,0.00,0.00,0.00,0.00,0.00,0.00,0.00,0.00,0.00,0.00,0.00,0.00,0.00,0.00,0.00,0.00,0.00,0.00,0.00,0.00,0.00,0.00,0.00,0.00,0.00,0.00,0.00,0.00,0.00,0.00,0.00,0.00,0.00,0.00,0.00,"4,762.61","304,302.38",0.00,"48,595.66",0.00,0.00,0.00,0.00,0.00,SinDatos,0.00,RECIBO OK,0.00,0.00,0.00,0.00,0.00,0.00,0.00,0.00,0.00,0.00,0.00,0.00,0.00,0.00,0.00,0.00,0.00,0.00,0.00,0.00,0.00,0.00,0.00,0.00,0.00,0.00,0.00,0.00,0.00,0.00,0.00,0.00,0.00,0.00,0.00,0.00,0.00,0.00,0.00,0.00,0.00,0.00,0.00,0.00,0.00,0.00,0.00,0.00,0.00,0.00,"169,488.23",0.00,0.00,0.00,0.00,0.00,0.00,0.00,0.00,0.00,0.00,0.00,0.00,0.00,0.00,0.00,0.00,0.00,0.00,0.00,0.00,0.00,0.00,0.00,0.00,0.00,0.00,0.00,0.00,0.00,0.00,0.00,0.00
NIVEL d                                                     ,INOCHEA DANIEL ALBERTO,20137844061,13784406,"1,423,586.35","-255,900.86","5,600.00","1,173,285.49","-269,405.89","-17,542.00","886,337.60","208,840.12",0.00,0.00,0.00,"1,382,125.61","1,382,125.61","886,337.60","213,651.76","98,279.92",0.00,0.00,0.00,0.00,0.00,0.00,0.00,0.00,0.00,0.00,0.00,0.00,0.00,0.00,0.00,0.00,0.00,0.00,0.00,0.00,0.00,0.00,0.00,0.00,0.00,0.00,0.00,0.00,0.00,0.00,0.00,0.00,0.00,0.00,0.00,0.00,0.00,0.00,0.00,0.00,0.00,0.00,0.00,0.00,0.00,0.00,0.00,0.00,0.00,0.00,0.00,0.00,"106,825.88",GRADO  V              ,0.00,0.00,0.00,0.00,0.00,0.00,"66,292.00",0.00,0.00,30.00,23.00,0.00,0.00,0.00,0.00,0.00,0.00,0.00,0.00,"42,730.35",0.00,0.00,0.00,0.00,0.00,0.00,0.00,0.00,0.00,0.00,0.00,"6,962.34",0.00,0.00,0.00,0.00,0.00,0.00,0.00,0.00,0.00,0.00,0.00,0.00,0.00,0.00,"42,730.35",0.00,0.00,0.00,0.00,0.00,"-472,066.59",0.00,0.00,"6,000.00",0.00,0.00,900.00,0.00,0.00,"156,594.50","64,061.39",0.00,0.00,0.00,0.00,0.00,0.00,0.00,0.00,"48,750.00",0.00,0.00,0.00,0.00,0.00,0.00,0.00,0.00,0.00,0.00,0.00,0.00,"144,778.73",0.00,"64,061.39",0.00,0.00,"10,642.00",0.00,0.00,0.00,0.00,0.00,0.00,0.00,0.00,0.00,0.00,0.00,0.00,0.00,0.00,0.00,0.00,0.00,0.00,"96,677.42",NIVEL d                ,"141,422.89",0.00,0.00,0.00,0.00,0.00,20,RetVol2024-Permanente Titular,SESOP                                                                                                                                                 ,ADMINISTRATIVO - NIVEL d,No Asistenciales,01/04/2026,01/04/2026,2,28/12/1959,01/12/2024,2164/SEAC-2024,2164/SEAC-20/11/2024                                                                                                                                                                                    ,NULL,NULL,NULL,13784406,11,PERSONAL PLANTA SESOP,M     ,01/12/2024,14/11/2023,BACHILLER,SECUNDARIO                    ,Secundario                    ,1298603,SI    ,A26,0.00,0.00,0.00,0.00,0.00,0.00,0.00,0.00,0.00,0.00,0.00,0.00,0.00,0.00,0.00,0.00,0.00,0.00,0.00,0.00,0.00,0.00,0.00,0.00,0.00,0.00,0.00,0.00,0.00,0.00,0.00,0.00,0.00,0.00,0.00,0.00,0.00,0.00,0.00,0.00,0.00,0.00,0.00,0.00,"8,546.07",0.00,0.00,0.00,"213,651.76",0.00,"22,202.96",0.00,0.00,0.00,0.00,SinDatos,0.00,RECIBO OK,0.00,0.00,0.00,0.00,"111,272.70",0.00,0.00,0.00,0.00,0.00,0.00,0.00,0.00,0.00,0.00,0.00,0.00,0.00,0.00,0.00,0.00,0.00,0.00,0.00,0.00,0.00,0.00,0.00,0.00,0.00,0.00,0.00,0.00,0.00,0.00,0.00,0.00,0.00,0.00,0.00,0.00,0.00,0.00,0.00,0.00,0.00,0.00,0.00,0.00,0.00,0.00,"169,488.23",0.00,0.00,0.00,0.00,0.00,0.00,0.00,0.00,0.00,0.00,0.00,0.00,0.00,0.00,0.00,0.00,0.00,0.00,0.00,0.00,"192,286.80","106,825.88",0.00,0.00,0.00,0.00,0.00,0.00,0.00,0.00,0.00
NIVEL a3.                                          ,JORRAT JUAN JOSE        ,20202182314,20218231,"2,314,710.55","250,352.55",0.00,"2,565,063.10","-423,780.13","-442,290.19","1,698,992.78","417,334.93",0.00,0.00,0.00,"2,982,398.03","2,982,398.03","1,698,992.78","395,255.76","208,009.62",0.00,0.00,0.00,0.00,0.00,0.00,0.00,0.00,0.00,0.00,0.00,0.00,0.00,0.00,0.00,0.00,0.00,0.00,0.00,0.00,0.00,0.00,0.00,0.00,0.00,0.00,0.00,0.00,0.00,0.00,0.00,0.00,0.00,0.00,0.00,0.00,0.00,0.00,0.00,0.00,0.00,0.00,0.00,0.00,0.00,0.00,0.00,0.00,0.00,0.00,0.00,0.00,0.00,0.00,0.00,0.00,0.00,0.00,0.00,0.00,"82,542.00",0.00,0.00,30.00,26.00,0.00,0.00,0.00,0.00,0.00,0.00,0.00,0.00,0.00,0.00,0.00,"200,009.19",0.00,0.00,0.00,0.00,0.00,0.00,0.00,0.00,"10,472.12",0.00,0.00,0.00,0.00,0.00,0.00,0.00,0.00,0.00,0.00,0.00,0.00,0.00,"8,112.06","80,003.67",0.00,0.00,0.00,0.00,0.00,0.00,0.00,0.00,"6,000.00",0.00,0.00,900.00,0.00,0.00,"254,618.16","104,161.97",0.00,0.00,0.00,0.00,0.00,0.00,0.00,0.00,"65,000.00",0.00,0.00,0.00,0.00,0.00,0.00,0.00,0.00,0.00,0.00,0.00,0.00,"235,406.06",0.00,"104,161.97","77,766.90",0.00,"10,642.00",0.00,0.00,0.00,"48,002.20","10,169.29",0.00,0.00,0.00,0.00,0.00,0.00,0.00,0.00,0.00,0.00,0.00,0.00,0.00,"138,873.64","NIVEL a3,            ","212,070.28",0.00,0.00,0.00,0.00,0.00,1,Permanente Titular,SESOP                                                                                                                                                 ,MEDICO - Niv A3                              ,Asistenciales                                               ,01/04/2026,01/04/2026,1,01/06/1968,01/11/2023,DANYU 1/1-23,NULL,NULL,NULL,NULL,20218231,42,PERSONAL PLANTA SESOP,M     ,01/11/2023,14/11/2023,MEDICO,MEDICINA                      ,Universitario 5 años          ,1298603,SI    ,A26,0.00,0.00,0.00,0.00,0.00,0.00,0.00,0.00,0.00,0.00,0.00,0.00,0.00,0.00,0.00,0.00,0.00,0.00,0.00,0.00,0.00,0.00,0.00,0.00,0.00,0.00,0.00,0.00,0.00,0.00,0.00,0.00,0.00,0.00,0.00,0.00,0.00,0.00,0.00,0.00,0.00,0.00,0.00,0.00,"20,000.92",0.00,"4,762.61",0.00,"400,018.37",0.00,"47,456.70",0.00,0.00,0.00,0.00,SinDatos,0.00,RECIBO OK,0.00,0.00,0.00,0.00,0.00,0.00,0.00,0.00,0.00,0.00,0.00,0.00,0.00,0.00,0.00,0.00,0.00,0.00,0.00,0.00,0.00,0.00,0.00,0.00,0.00,0.00,0.00,0.00,0.00,0.00,0.00,0.00,0.00,0.00,0.00,0.00,0.00,0.00,0.00,0.00,0.00,0.00,0.00,0.00,0.00,0.00,0.00,0.00,0.00,0.00,0.00,"169,488.23",0.00,0.00,0.00,0.00,0.00,0.00,0.00,0.00,0.00,0.00,0.00,0.00,0.00,0.00,0.00,0.00,0.00,0.00,0.00,0.00,"412,349.26","200,009.18",0.00,0.00,0.00,0.00,0.00,0.00,0.00,0.00,0.00
NIVEL d                                                     ,MARTINEZ MIGUEL ANGEL,20277328217,27732821,"332,241.01","1,404,299.98","47,200.00","1,783,740.99","-100,247.36","-17,542.00","1,665,951.63","103,626.60","65,853.45",0.00,"65,853.45","1,953,221.04","1,953,221.04","1,731,805.08","180,802.80","68,705.17",0.00,0.00,0.00,0.00,0.00,0.00,0.00,0.00,0.00,0.00,0.00,0.00,0.00,0.00,0.00,0.00,0.00,0.00,0.00,0.00,0.00,0.00,0.00,0.00,0.00,0.00,0.00,0.00,0.00,0.00,0.00,0.00,0.00,0.00,0.00,0.00,0.00,0.00,0.00,0.00,0.00,0.00,0.00,0.00,0.00,0.00,0.00,0.00,0.00,0.00,0.00,0.00,"72,321.12",GRADO  IV            ,"139,218.31",0.00,0.00,0.00,0.00,0.00,"66,292.00",0.00,0.00,30.00,19.00,0.00,0.00,0.00,0.00,0.00,0.00,0.00,0.00,"36,160.56",0.00,0.00,0.00,0.00,0.00,0.00,0.00,0.00,"16,023.88",0.00,"5,332.88",0.00,0.00,0.00,0.00,0.00,0.00,0.00,0.00,0.00,0.00,0.00,0.00,0.00,0.00,0.00,"36,160.56",0.00,0.00,0.00,0.00,0.00,0.00,0.00,0.00,"6,000.00",0.00,0.00,900.00,0.00,0.00,"36,546.51","14,950.85",0.00,0.00,0.00,0.00,0.00,0.00,0.00,0.00,"48,750.00",0.00,0.00,0.00,0.00,0.00,0.00,0.00,0.00,0.00,0.00,0.00,0.00,"33,788.91",0.00,"14,950.85","54,886.84",0.00,"10,642.00",0.00,0.00,0.00,0.00,0.00,0.00,0.00,0.00,0.00,0.00,0.00,0.00,0.00,0.00,"90,401.40",0.00,"96,677.42",NIVEL d                ,0.00,0.00,0.00,0.00,0.00,0.00,0.00,0.00,1,Permanente Titular,SESOP                                                                                                                                                 ,ADMINISTRATIVO - NIVEL d,No Asistenciales,01/04/2026,01/04/2026,1,05/02/1980,01/11/2023,DANYU 1/1-23,NULL,NULL,NULL,NULL,27732821,18,PERSONAL PLANTA SESOP,M     ,01/11/2023,14/11/2023,BACHILLER,SECUNDARIO                    ,Secundario                    ,1298603,SI    ,A26,0.00,0.00,0.00,0.00,0.00,0.00,0.00,0.00,0.00,0.00,0.00,0.00,0.00,0.00,0.00,0.00,0.00,0.00,0.00,0.00,0.00,0.00,0.00,0.00,0.00,0.00,0.00,0.00,0.00,0.00,0.00,0.00,0.00,0.00,0.00,0.00,0.00,0.00,0.00,0.00,0.00,0.00,0.00,0.00,"5,424.08",0.00,0.00,"180,802.80",0.00,"22,202.96",0.00,0.00,0.00,0.00,"111,272.70",SinDatos,0.00,RECIBO OK,0.00,0.00,0.00,0.00,0.00,0.00,0.00,0.00,0.00,0.00,0.00,0.00,0.00,0.00,0.00,0.00,0.00,"476,924.20",0.00,0.00,0.00,0.00,0.00,0.00,0.00,0.00,0.00,0.00,0.00,0.00,0.00,0.00,0.00,0.00,0.00,0.00,0.00,0.00,0.00,0.00,0.00,0.00,0.00,0.00,0.00,0.00,0.00,0.00,0.00,0.00,"169,488.23",0.00,0.00,0.00,0.00,0.00,0.00,0.00,0.00,0.00,0.00,0.00,0.00,0.00,0.00,0.00,0.00,0.00,0.00,0.00,0.00,0.00,0.00,0.00,0.00,0.00,0.00,0.00,0.00,0.00,0.00,0.00,0.00
NIVEL a3.                                          ,MENA MARIA LAURA        ,27248027830,24802783,"2,453,286.96","232,826.52",0.00,"2,686,113.48","-445,259.48","-42,262.00","2,198,592.00","441,295.60",0.00,0.00,0.00,"3,127,409.08","3,127,409.08","2,198,592.00","395,255.76","152,007.03",0.00,0.00,0.00,0.00,0.00,0.00,0.00,0.00,0.00,0.00,0.00,0.00,0.00,0.00,0.00,0.00,0.00,0.00,0.00,0.00,0.00,0.00,0.00,0.00,0.00,0.00,0.00,0.00,0.00,0.00,0.00,0.00,0.00,0.00,0.00,0.00,0.00,0.00,0.00,0.00,0.00,0.00,0.00,0.00,0.00,0.00,0.00,0.00,0.00,0.00,0.00,0.00,"160,007.35",GRADO  IV            ,0.00,0.00,0.00,0.00,0.00,0.00,"86,142.00",0.00,0.00,30.00,19.00,0.00,0.00,0.00,0.00,0.00,0.00,0.00,0.00,0.00,0.00,0.00,"200,009.19",0.00,0.00,0.00,0.00,0.00,"16,023.88",0.00,0.00,"10,472.12",0.00,0.00,0.00,0.00,0.00,0.00,0.00,0.00,"21,120.00",0.00,0.00,0.00,0.00,"8,112.06","80,003.67",0.00,0.00,0.00,0.00,0.00,0.00,0.00,0.00,"6,000.00","3,600.00",0.00,900.00,0.00,0.00,"269,861.57","110,397.91",0.00,0.00,0.00,0.00,0.00,0.00,0.00,0.00,"65,000.00",0.00,0.00,0.00,0.00,0.00,0.00,0.00,0.00,0.00,0.00,0.00,0.00,"249,499.28",0.00,"110,397.91","81,398.41",0.00,"10,642.00",0.00,0.00,0.00,"48,002.20","10,169.29",0.00,0.00,0.00,0.00,0.00,0.00,0.00,0.00,0.00,0.00,0.00,0.00,0.00,"138,873.64","NIVEL a3,            ","202,544.62",0.00,0.00,0.00,0.00,0.00,1,Permanente Titular,SESOP                                                                                                                                                 ,MEDICO - Niv A3                              ,Asistenciales                                               ,01/04/2026,01/04/2026,16,19/09/1975,01/11/2023,DANYU 1/1-23,NULL,NULL,NULL,NULL,24802783,4,PERSONAL PLANTA SESOP,F     ,01/11/2023,01/03/2008,SIN DATOS                                                                                           ,SIN DATOS                     ,Ninguno                       ,1298603,SI    ,A26,0.00,0.00,0.00,0.00,0.00,0.00,0.00,0.00,0.00,0.00,0.00,0.00,0.00,0.00,0.00,0.00,0.00,0.00,0.00,0.00,0.00,0.00,0.00,0.00,0.00,0.00,0.00,0.00,0.00,0.00,0.00,0.00,0.00,0.00,0.00,0.00,0.00,0.00,0.00,0.00,0.00,0.00,0.00,0.00,"12,000.55",0.00,"4,762.61",0.00,"400,018.37",0.00,"47,456.70",0.00,0.00,0.00,0.00,SinDatos,0.00,RECIBO OK,0.00,0.00,0.00,0.00,0.00,0.00,0.00,0.00,0.00,0.00,0.00,0.00,0.00,0.00,0.00,0.00,0.00,0.00,0.00,0.00,0.00,0.00,0.00,0.00,0.00,0.00,0.00,0.00,0.00,0.00,0.00,0.00,0.00,0.00,0.00,0.00,0.00,0.00,0.00,0.00,0.00,0.00,0.00,0.00,"80,003.67",0.00,0.00,0.00,0.00,0.00,0.00,"169,488.23",0.00,0.00,0.00,0.00,0.00,0.00,0.00,0.00,0.00,0.00,0.00,0.00,0.00,0.00,0.00,0.00,0.00,0.00,0.00,0.00,"350,893.36","200,009.18",0.00,0.00,0.00,0.00,0.00,0.00,0.00,0.00,0.00
NIVEL d                                                     ,MORENO ALBERTO DANIEL,20149848984,14984898,"1,379,129.84","151,853.95","165,280.00","1,696,263.79","-262,515.12","-17,542.00","1,416,206.67","249,062.86",0.00,0.00,0.00,"1,945,326.65","1,945,326.65","1,416,206.67","213,651.76","89,733.84",0.00,0.00,0.00,0.00,0.00,0.00,0.00,0.00,0.00,0.00,0.00,0.00,0.00,0.00,0.00,0.00,0.00,0.00,0.00,0.00,0.00,0.00,0.00,0.00,0.00,0.00,0.00,0.00,0.00,0.00,0.00,0.00,0.00,0.00,0.00,0.00,0.00,0.00,0.00,0.00,0.00,0.00,0.00,0.00,0.00,0.00,0.00,0.00,0.00,0.00,0.00,0.00,"85,460.70",GRADO  IV            ,0.00,0.00,0.00,0.00,0.00,0.00,"66,292.00",0.00,0.00,30.00,21.00,0.00,0.00,0.00,0.00,0.00,0.00,0.00,0.00,0.00,0.00,0.00,0.00,0.00,0.00,0.00,0.00,0.00,"16,023.88",0.00,0.00,"6,962.34",0.00,0.00,0.00,0.00,0.00,0.00,0.00,0.00,0.00,0.00,0.00,0.00,0.00,0.00,"42,730.35",0.00,0.00,0.00,0.00,0.00,0.00,0.00,0.00,"6,000.00",0.00,0.00,900.00,0.00,0.00,"151,704.28","62,060.84",0.00,0.00,0.00,0.00,0.00,0.00,0.00,0.00,"48,750.00",0.00,0.00,0.00,0.00,0.00,0.00,0.00,0.00,0.00,0.00,0.00,0.00,"140,257.50",0.00,"62,060.84","46,744.52",0.00,"10,642.00",0.00,0.00,0.00,0.00,0.00,0.00,0.00,0.00,0.00,0.00,0.00,0.00,0.00,0.00,0.00,0.00,0.00,0.00,"96,677.42",NIVEL d                ,"143,307.88",0.00,0.00,0.00,0.00,0.00,1,Permanente Titular,SESOP                                                                                                                                                 ,ADMINISTRATIVO - NIVEL d,No Asistenciales,01/04/2026,01/04/2026,1,27/11/1962,01/11/2023,DANYU 1/1-23,NULL,NULL,NULL,NULL,14984898,3,PERSONAL PLANTA SESOP,M     ,01/11/2023,NULL,NULL,NULL,NULL,1298603,SI    ,A26,0.00,0.00,0.00,0.00,0.00,0.00,0.00,0.00,0.00,0.00,0.00,0.00,0.00,0.00,0.00,0.00,0.00,0.00,0.00,0.00,0.00,0.00,0.00,0.00,0.00,0.00,0.00,0.00,0.00,0.00,0.00,0.00,0.00,0.00,0.00,0.00,0.00,0.00,0.00,0.00,0.00,0.00,0.00,0.00,"8,546.07",0.00,0.00,0.00,"213,651.76",0.00,"22,202.96",0.00,0.00,0.00,0.00,SinDatos,0.00,RECIBO OK,0.00,0.00,0.00,0.00,"111,272.70",0.00,0.00,0.00,0.00,0.00,0.00,0.00,0.00,0.00,0.00,0.00,0.00,0.00,0.00,0.00,0.00,0.00,0.00,0.00,0.00,0.00,0.00,0.00,0.00,0.00,0.00,0.00,0.00,0.00,0.00,0.00,0.00,0.00,0.00,0.00,0.00,0.00,0.00,0.00,0.00,0.00,0.00,0.00,0.00,0.00,0.00,"169,488.23",0.00,0.00,0.00,0.00,0.00,0.00,0.00,0.00,0.00,0.00,0.00,0.00,0.00,0.00,0.00,0.00,0.00,0.00,0.00,0.00,"192,286.80","106,825.88",0.00,0.00,0.00,0.00,0.00,0.00,0.00,0.00,0.00
NIVEL a1.                                          ,MORERO PABLO                ,20270170596,27017059,"681,978.88","1,094,246.92","47,200.00","1,823,425.80","-75,017.68","-17,542.00","1,730,866.12","127,514.28","135,174.95",0.00,"135,174.95","2,086,115.03","2,086,115.03","1,866,041.07","305,735.67","111,779.33",0.00,0.00,0.00,0.00,0.00,0.00,0.00,0.00,0.00,0.00,0.00,0.00,0.00,0.00,0.00,0.00,0.00,0.00,0.00,0.00,0.00,0.00,0.00,0.00,0.00,0.00,0.00,0.00,0.00,0.00,0.00,0.00,0.00,0.00,0.00,0.00,0.00,0.00,0.00,0.00,0.00,0.00,0.00,0.00,0.00,0.00,0.00,0.00,0.00,0.00,0.00,0.00,"124,199.31",GRADO  IV            ,"272,383.49",0.00,0.00,0.00,0.00,0.00,"17,542.00",0.00,0.00,30.00,18.00,0.00,0.00,0.00,0.00,0.00,0.00,0.00,0.00,0.00,0.00,0.00,"155,249.14",0.00,0.00,0.00,0.00,0.00,"16,023.88",0.00,"8,298.63",0.00,0.00,0.00,0.00,0.00,0.00,0.00,0.00,0.00,0.00,0.00,0.00,0.00,0.00,0.00,"62,099.65",0.00,0.00,0.00,0.00,0.00,0.00,0.00,0.00,"6,000.00",0.00,0.00,900.00,0.00,0.00,"75,017.68",0.00,0.00,0.00,0.00,0.00,0.00,0.00,0.00,0.00,0.00,0.00,0.00,0.00,0.00,0.00,0.00,0.00,0.00,0.00,0.00,0.00,0.00,"69,357.25",0.00,0.00,"58,157.03",0.00,"10,642.00",0.00,0.00,0.00,0.00,"10,169.29",0.00,0.00,0.00,0.00,0.00,0.00,0.00,0.00,0.00,"155,249.14",0.00,"100,950.46","NIVEL a1,            ",0.00,0.00,0.00,0.00,0.00,0.00,0.00,0.00,1,Permanente Titular,SESOP                                                                                                                                                 ,PSICOLOGO-Niv A1,Asistenciales                                               ,01/04/2026,01/04/2026,1,31/12/1978,01/11/2023,DANYU 1/1-23,NULL,NULL,NULL,NULL,27017059,10,PERSONAL PLANTA SESOP,M     ,01/11/2023,14/11/2023,PSICOLOGO,SOCIAL                        ,Universitario 5 años          ,1298603,SI    ,A26,0.00,0.00,0.00,0.00,0.00,0.00,0.00,0.00,0.00,0.00,0.00,0.00,0.00,0.00,0.00,0.00,0.00,0.00,0.00,0.00,0.00,0.00,0.00,0.00,0.00,0.00,0.00,0.00,0.00,0.00,0.00,0.00,0.00,0.00,0.00,0.00,0.00,0.00,0.00,0.00,0.00,0.00,0.00,0.00,"9,314.95",0.00,"4,762.61","310,498.28",0.00,"43,388.98",0.00,0.00,0.00,0.00,0.00,SinDatos,0.00,RECIBO OK,0.00,0.00,0.00,0.00,0.00,0.00,0.00,0.00,0.00,0.00,0.00,0.00,0.00,0.00,0.00,0.00,0.00,0.00,0.00,0.00,0.00,0.00,0.00,0.00,0.00,0.00,0.00,0.00,0.00,0.00,0.00,0.00,0.00,0.00,0.00,0.00,0.00,0.00,0.00,0.00,0.00,0.00,0.00,0.00,"62,099.65",0.00,0.00,0.00,0.00,0.00,"169,488.23",0.00,0.00,0.00,0.00,0.00,0.00,0.00,0.00,0.00,0.00,0.00,0.00,0.00,0.00,0.00,0.00,0.00,0.00,0.00,0.00,0.00,0.00,0.00,0.00,0.00,0.00,0.00,0.00,0.00,0.00,0.00,0.00
NIVEL a3.                                          ,NARESE SUSANA GABRIELA,27127336100,12733610,"1,827,047.06","194,451.37","159,680.00","2,181,178.43","-405,067.30","-57,682.94","1,718,428.19","329,487.77",0.00,0.00,0.00,"2,510,666.20","2,510,666.20","1,718,428.19","317,700.17","103,188.16",0.00,0.00,0.00,0.00,0.00,0.00,0.00,0.00,0.00,0.00,0.00,0.00,0.00,0.00,0.00,0.00,0.00,0.00,0.00,0.00,0.00,0.00,0.00,0.00,0.00,0.00,0.00,0.00,0.00,0.00,0.00,0.00,0.00,0.00,0.00,0.00,0.00,0.00,0.00,0.00,0.00,0.00,0.00,0.00,0.00,0.00,0.00,0.00,0.00,0.00,0.00,0.00,0.00,0.00,0.00,"282,862.14",0.00,0.00,0.00,0.00,"143,017.00",0.00,0.00,30.00,16.00,0.00,0.00,0.00,0.00,0.00,0.00,0.00,0.00,0.00,0.00,0.00,"161,231.39",0.00,0.00,0.00,0.00,0.00,0.00,0.00,0.00,"10,472.12",0.00,"36,540.94",0.00,0.00,0.00,0.00,0.00,0.00,0.00,0.00,0.00,0.00,0.00,0.00,"64,492.56",0.00,0.00,0.00,0.00,0.00,0.00,0.00,0.00,"6,000.00","3,600.00",0.00,900.00,0.00,0.00,"200,975.18","82,217.12","48,750.00",0.00,0.00,0.00,0.00,0.00,0.00,0.00,"48,750.00","24,375.00",0.00,0.00,0.00,0.00,0.00,0.00,0.00,0.00,0.00,0.00,0.00,"185,810.69",0.00,"82,217.12","61,459.96",0.00,"10,642.00",0.00,0.00,0.00,"38,695.53","10,169.29",0.00,0.00,0.00,0.00,0.00,0.00,0.00,0.00,0.00,0.00,0.00,0.00,0.00,"138,873.64","NIVEL a3,            ","174,608.20",0.00,0.00,0.00,0.00,0.00,1,Permanente Titular,SESOP                                                                                                                                                 ,MEDICO - Niv A3                              ,Asistenciales                                               ,01/04/2026,01/04/2026,1,09/11/1958,01/11/2023,DANYU 1/1-23,NULL,NULL,NULL,NULL,12733610,34,PERSONAL PLANTA SESOP,F     ,01/11/2023,14/11/2023,MEDICO,MEDICINA                      ,Universitario 5 años          ,1298603,SI    ,A26,0.00,0.00,0.00,0.00,0.00,0.00,0.00,0.00,0.00,0.00,0.00,0.00,0.00,0.00,0.00,0.00,0.00,0.00,0.00,0.00,0.00,0.00,0.00,0.00,0.00,0.00,0.00,0.00,0.00,0.00,0.00,0.00,0.00,0.00,0.00,0.00,0.00,0.00,0.00,0.00,0.00,0.00,0.00,0.00,"9,673.88",0.00,"4,762.61",0.00,"322,462.78",0.00,"47,456.70",0.00,0.00,0.00,0.00,SinDatos,0.00,RECIBO OK,0.00,0.00,0.00,0.00,0.00,0.00,0.00,0.00,0.00,0.00,0.00,0.00,0.00,0.00,0.00,0.00,0.00,0.00,0.00,0.00,0.00,0.00,0.00,0.00,0.00,0.00,0.00,0.00,0.00,0.00,0.00,0.00,0.00,0.00,0.00,0.00,0.00,0.00,0.00,0.00,0.00,0.00,0.00,0.00,0.00,0.00,0.00,0.00,0.00,0.00,0.00,"169,488.23",0.00,0.00,0.00,0.00,0.00,0.00,0.00,0.00,0.00,0.00,0.00,0.00,0.00,0.00,0.00,0.00,0.00,0.00,0.00,0.00,0.00,"161,231.39",0.00,0.00,0.00,0.00,0.00,0.00,0.00,0.00,0.00
NIVEL a3.                                          ,NAVARRO RITA PAOLA    ,27221956937,22195693,"2,380,832.24","245,222.75",0.00,"2,626,054.99","-515,167.25","-21,142.00","2,089,745.74","412,503.00",0.00,0.00,0.00,"3,038,557.99","3,038,557.99","2,089,745.74","317,700.17","90,289.64",0.00,0.00,0.00,0.00,0.00,0.00,0.00,0.00,0.00,0.00,0.00,0.00,0.00,0.00,0.00,0.00,0.00,0.00,0.00,0.00,0.00,0.00,0.00,0.00,0.00,0.00,0.00,0.00,0.00,0.00,"363,594.43",0.00,0.00,0.00,0.00,0.00,0.00,0.00,0.00,0.00,0.00,0.00,0.00,0.00,0.00,0.00,0.00,0.00,0.00,0.00,0.00,0.00,"96,738.83",GRADO  III          ,0.00,"250,900.31",0.00,0.00,0.00,0.00,"183,642.00",0.00,0.00,30.00,14.00,0.00,0.00,0.00,0.00,0.00,0.00,0.00,0.00,0.00,0.00,0.00,"161,231.39",0.00,0.00,0.00,0.00,0.00,"16,023.88",0.00,0.00,"10,472.12",0.00,0.00,0.00,0.00,0.00,0.00,0.00,0.00,0.00,0.00,0.00,0.00,0.00,0.00,"64,492.56",0.00,0.00,0.00,0.00,0.00,0.00,0.00,0.00,"6,000.00","3,600.00",0.00,900.00,0.00,0.00,"261,891.55","90,775.70","65,000.00",0.00,0.00,0.00,0.00,0.00,0.00,0.00,"65,000.00","32,500.00",0.00,0.00,0.00,0.00,0.00,0.00,0.00,0.00,0.00,0.00,0.00,"242,130.64",0.00,"90,775.70","79,596.66",0.00,"10,642.00",0.00,0.00,0.00,"38,695.53","10,169.29",0.00,0.00,0.00,0.00,0.00,0.00,0.00,0.00,0.00,0.00,0.00,0.00,0.00,"138,873.64","NIVEL a3,            ","228,604.20",0.00,0.00,0.00,0.00,0.00,1,Permanente Titular,SESOP                                                                                                                                                 ,MEDICO - Niv A3                              ,Asistenciales                                               ,01/04/2026,01/04/2026,11,21/05/1971,01/11/2023,DANYU 1/1-23,NULL,NULL,NULL,NULL,22195693,13,PERSONAL PLANTA SESOP,F     ,01/11/2023,10/06/2010,MEDICO,MEDICINA                      ,Universitario 5 años          ,1298603,SI    ,A26,0.00,0.00,0.00,0.00,0.00,0.00,0.00,0.00,0.00,0.00,0.00,0.00,0.00,0.00,0.00,0.00,0.00,0.00,0.00,0.00,0.00,0.00,0.00,0.00,0.00,0.00,0.00,0.00,0.00,0.00,0.00,0.00,0.00,0.00,0.00,0.00,0.00,0.00,0.00,0.00,0.00,0.00,0.00,0.00,"6,449.26",0.00,"4,762.61",0.00,"322,462.78",0.00,"47,456.70",0.00,0.00,0.00,0.00,SinDatos,0.00,RECIBO OK,0.00,0.00,0.00,0.00,0.00,0.00,0.00,0.00,0.00,0.00,0.00,0.00,0.00,0.00,0.00,0.00,0.00,0.00,0.00,0.00,0.00,0.00,0.00,0.00,0.00,0.00,0.00,0.00,0.00,0.00,0.00,0.00,0.00,0.00,0.00,0.00,0.00,0.00,0.00,0.00,0.00,0.00,0.00,0.00,0.00,0.00,0.00,0.00,0.00,0.00,0.00,"169,488.23",0.00,0.00,0.00,0.00,0.00,0.00,0.00,0.00,0.00,0.00,0.00,0.00,0.00,0.00,0.00,0.00,0.00,0.00,0.00,0.00,0.00,"161,231.39",0.00,0.00,0.00,0.00,0.00,0.00,0.00,0.00,0.00
NIVEL a3.                                          ,NEME ISAM                      ,20187149143,18714914,"3,578,365.04","334,157.78",0.00,"3,912,522.82","-582,044.05","-56,433.67","3,274,045.10","613,099.43",0.00,0.00,0.00,"4,525,622.25","4,525,622.25","3,274,045.10","395,255.76","200,009.25","180,008.26",45.00,0.00,0.00,0.00,0.00,"667,497.95",0.00,0.00,0.00,0.00,0.00,0.00,0.00,0.00,0.00,0.00,0.00,0.00,0.00,0.00,0.00,0.00,0.00,0.00,0.00,0.00,0.00,0.00,0.00,0.00,0.00,0.00,0.00,0.00,0.00,0.00,0.00,0.00,0.00,0.00,0.00,0.00,0.00,0.00,0.00,0.00,0.00,0.00,0.00,0.00,0.00,"240,011.02",GRADO  VI            ,0.00,0.00,0.00,0.00,0.00,"38,891.67","82,542.00",0.00,0.00,30.00,25.00,0.00,0.00,0.00,0.00,0.00,0.00,0.00,0.00,0.00,0.00,0.00,"200,009.19",0.00,0.00,0.00,0.00,0.00,"16,023.88",0.00,0.00,"10,472.12",0.00,0.00,0.00,0.00,0.00,0.00,0.00,0.00,0.00,0.00,0.00,0.00,0.00,0.00,"80,003.67",0.00,0.00,0.00,0.00,0.00,0.00,0.00,0.00,"6,000.00",0.00,0.00,900.00,0.00,0.00,"393,620.15","123,423.90",0.00,0.00,0.00,0.00,0.00,0.00,0.00,0.00,"65,000.00",0.00,0.00,0.00,0.00,0.00,0.00,0.00,0.00,0.00,0.00,0.00,0.00,"363,919.72",0.00,"130,989.02","118,190.69",0.00,"10,642.00",0.00,0.00,0.00,"48,002.20","10,169.29",0.00,0.00,0.00,0.00,0.00,0.00,0.00,0.00,0.00,0.00,0.00,0.00,0.00,"138,873.64","NIVEL a3,            ","303,987.57",0.00,0.00,0.00,0.00,0.00,1,Permanente Titular,SESOP                                                                                                                                                 ,JEFE SUPERVISOR MEDICO INTERIOR-Niv A3,Asistenciales                                               ,01/04/2026,01/04/2026,5,10/02/1964,01/08/2024,910/SPS/2024,NULL,NULL,NULL,NULL,194738,7,PERSONAL PLANTA SESOP,M     ,01/08/2024,15/08/2006,MEDICO,MEDICINA                      ,Universitario 5 años          ,1298603,SI    ,A26,0.00,0.00,0.00,0.00,0.00,0.00,0.00,0.00,0.00,0.00,0.00,0.00,0.00,0.00,0.00,0.00,0.00,0.00,0.00,0.00,0.00,0.00,0.00,0.00,0.00,0.00,0.00,0.00,0.00,0.00,0.00,0.00,0.00,0.00,0.00,0.00,0.00,0.00,0.00,0.00,0.00,0.00,0.00,0.00,"20,000.92",0.00,"4,762.61",0.00,"400,018.37",0.00,"47,456.70",0.00,0.00,0.00,0.00,SinDatos,0.00,RECIBO OK,0.00,0.00,0.00,0.00,0.00,0.00,0.00,0.00,0.00,0.00,0.00,0.00,0.00,0.00,0.00,0.00,0.00,0.00,0.00,0.00,0.00,0.00,0.00,0.00,0.00,0.00,0.00,0.00,0.00,0.00,0.00,0.00,0.00,0.00,0.00,0.00,0.00,0.00,0.00,0.00,0.00,0.00,0.00,0.00,0.00,0.00,0.00,0.00,0.00,0.00,0.00,"169,488.23",0.00,0.00,0.00,0.00,0.00,"168,113.75",0.00,0.00,0.00,0.00,0.00,0.00,0.00,0.00,0.00,0.00,0.00,0.00,0.00,0.00,"412,349.26","200,009.18",0.00,0.00,0.00,0.00,0.00,0.00,0.00,0.00,0.00
NIVEL a1.                                          ,NUÑEZ LUIS ANTONIO    ,20126589418,12658941,"3,060,835.28","292,719.02",0.00,"3,353,554.30","-696,826.94","-24,742.00","2,631,985.36","520,408.77",0.00,0.00,0.00,"3,873,963.07","3,873,963.07","2,631,985.36","373,890.58","106,022.84","170,393.94",45.00,0.00,0.00,0.00,0.00,"667,497.95",0.00,0.00,0.00,0.00,0.00,0.00,0.00,0.00,0.00,0.00,0.00,0.00,0.00,0.00,0.00,0.00,0.00,0.00,0.00,0.00,0.00,0.00,0.00,0.00,0.00,0.00,0.00,0.00,0.00,0.00,0.00,0.00,0.00,0.00,0.00,0.00,0.00,0.00,0.00,0.00,0.00,0.00,0.00,0.00,0.00,"113,595.96",GRADO  III          ,0.00,0.00,0.00,0.00,0.00,0.00,"284,742.00",0.00,0.00,30.00,14.00,0.00,0.00,0.00,0.00,0.00,0.00,0.00,0.00,0.00,0.00,0.00,"189,326.60",0.00,0.00,0.00,0.00,0.00,0.00,0.00,0.00,"10,472.12",0.00,0.00,0.00,0.00,0.00,0.00,0.00,0.00,0.00,0.00,0.00,0.00,0.00,0.00,"75,730.64",0.00,0.00,0.00,0.00,0.00,0.00,0.00,0.00,"6,000.00","7,200.00",0.00,900.00,0.00,0.00,"336,691.88","100,135.06","130,000.00",0.00,0.00,0.00,0.00,0.00,0.00,0.00,"65,000.00","65,000.00",0.00,0.00,0.00,0.00,0.00,0.00,0.00,0.00,0.00,0.00,0.00,"311,286.95",0.00,"107,700.18","101,421.64",0.00,"10,642.00",0.00,0.00,0.00,0.00,"10,169.29",0.00,0.00,0.00,0.00,0.00,0.00,0.00,0.00,0.00,0.00,0.00,0.00,0.00,"100,950.46","NIVEL a1,            ","274,976.67",0.00,0.00,0.00,0.00,0.00,2,Permanente Interino,SESOP                                                                                                                                                 ,SUPERVISOR-Niv A1,No Asistenciales,01/04/2026,01/04/2026,12,15/06/1959,01/07/2024,1157/SEAC-2024,1157/SEAC-2024: ASIG. FUNCIONES DE SUPERVISOR ADMINISTRATIVO.                                                                                                                                           ,NULL,NULL,NULL,12658941,38,PERSONAL PLANTA SESOP,M     ,01/07/2024,02/06/2011,CONTADOR PUBLICO NACIONAL,CONTABLE                      ,Universitario 5 años          ,1298603,SI    ,A26,0.00,0.00,0.00,0.00,0.00,0.00,0.00,0.00,0.00,0.00,0.00,0.00,0.00,0.00,0.00,0.00,0.00,0.00,0.00,0.00,0.00,0.00,0.00,0.00,0.00,0.00,0.00,0.00,0.00,0.00,0.00,0.00,0.00,0.00,0.00,0.00,0.00,0.00,0.00,0.00,0.00,0.00,0.00,0.00,"7,573.06",0.00,"4,762.61",0.00,"378,653.19",0.00,"47,971.25",0.00,0.00,0.00,0.00,SinDatos,0.00,RECIBO OK,0.00,0.00,0.00,0.00,0.00,0.00,0.00,0.00,0.00,0.00,0.00,0.00,0.00,0.00,0.00,0.00,0.00,0.00,0.00,0.00,0.00,0.00,0.00,0.00,0.00,0.00,0.00,0.00,0.00,0.00,0.00,0.00,0.00,0.00,0.00,0.00,0.00,0.00,0.00,0.00,0.00,0.00,0.00,0.00,0.00,0.00,0.00,0.00,0.00,0.00,0.00,"169,488.23",0.00,0.00,0.00,0.00,0.00,"168,113.75",0.00,0.00,0.00,0.00,0.00,0.00,0.00,0.00,0.00,0.00,0.00,0.00,0.00,0.00,"294,638.56","189,326.60",0.00,0.00,0.00,0.00,0.00,0.00,0.00,0.00,0.00
NIVEL d                                                     ,PAEZ PABLO ANTONIO    ,20247669192,24766919,"332,241.01","820,820.78",0.00,"1,153,061.79","-100,247.36","-24,186.82","1,028,627.61","86,122.23","65,853.45",0.00,"65,853.45","1,305,037.47","1,305,037.47","1,094,481.06","180,802.80","68,705.17",0.00,0.00,0.00,0.00,0.00,0.00,0.00,0.00,0.00,0.00,0.00,0.00,0.00,0.00,0.00,0.00,0.00,0.00,0.00,0.00,0.00,0.00,0.00,0.00,0.00,0.00,0.00,0.00,0.00,0.00,0.00,0.00,0.00,0.00,0.00,0.00,0.00,0.00,0.00,0.00,0.00,0.00,0.00,0.00,0.00,0.00,0.00,0.00,0.00,0.00,0.00,0.00,"72,321.12",GRADO  IV            ,"139,218.31",0.00,0.00,0.00,0.00,0.00,"66,292.00",0.00,0.00,30.00,19.00,0.00,0.00,0.00,0.00,0.00,0.00,0.00,0.00,"36,160.56",0.00,0.00,0.00,0.00,0.00,0.00,0.00,0.00,"16,023.88",0.00,"5,332.88",0.00,0.00,"6,644.82",0.00,0.00,0.00,0.00,0.00,0.00,0.00,0.00,0.00,0.00,0.00,0.00,"36,160.56",0.00,0.00,0.00,0.00,0.00,0.00,0.00,0.00,"6,000.00",0.00,0.00,900.00,0.00,0.00,"36,546.51","14,950.85",0.00,0.00,0.00,0.00,0.00,0.00,0.00,0.00,"48,750.00",0.00,0.00,0.00,0.00,0.00,0.00,0.00,0.00,0.00,0.00,0.00,0.00,"33,788.91",0.00,"14,950.85","37,382.47",0.00,"10,642.00",0.00,0.00,0.00,0.00,0.00,0.00,0.00,0.00,0.00,0.00,0.00,0.00,0.00,0.00,"90,401.40",0.00,"96,677.42",NIVEL d                ,0.00,0.00,0.00,0.00,0.00,0.00,0.00,0.00,1,Permanente Titular,SESOP                                                                                                                                                 ,ADMINISTRATIVO - NIVEL d,No Asistenciales,01/04/2026,01/04/2026,1,17/03/1976,01/11/2023,DANYU 1/1-23,NULL,NULL,NULL,NULL,24766919,40,PERSONAL PLANTA SESOP,M     ,01/11/2023,14/11/2023,BACHILLER,SECUNDARIO                    ,Secundario                    ,1298603,SI    ,A26,0.00,0.00,0.00,0.00,0.00,0.00,0.00,0.00,0.00,0.00,0.00,0.00,0.00,0.00,0.00,0.00,0.00,0.00,0.00,0.00,0.00,0.00,0.00,0.00,0.00,0.00,0.00,0.00,0.00,0.00,0.00,0.00,0.00,0.00,0.00,0.00,0.00,0.00,0.00,0.00,0.00,0.00,0.00,0.00,"5,424.08",0.00,0.00,"180,802.80",0.00,"22,202.96",0.00,0.00,0.00,0.00,"111,272.70",SinDatos,0.00,RECIBO OK,0.00,0.00,0.00,0.00,0.00,0.00,0.00,0.00,0.00,0.00,0.00,0.00,0.00,0.00,0.00,0.00,0.00,0.00,0.00,0.00,0.00,0.00,0.00,0.00,0.00,0.00,0.00,0.00,0.00,0.00,0.00,0.00,0.00,0.00,0.00,0.00,0.00,0.00,0.00,0.00,0.00,0.00,0.00,0.00,0.00,0.00,0.00,0.00,0.00,0.00,"169,488.23",0.00,0.00,0.00,0.00,0.00,0.00,0.00,0.00,0.00,0.00,0.00,0.00,0.00,0.00,0.00,0.00,0.00,0.00,0.00,0.00,0.00,0.00,0.00,0.00,0.00,0.00,0.00,0.00,0.00,0.00,0.00,0.00
NIVEL a3.                                          ,PALACIOS DORA ANDREA,27208891117,20889111,"2,512,469.84","256,744.86",0.00,"2,769,214.70","-438,071.07","-17,542.00","2,313,601.63","436,109.02",0.00,0.00,0.00,"3,205,323.72","3,205,323.72","2,313,601.63","317,700.17","70,941.86",0.00,0.00,0.00,0.00,0.00,0.00,0.00,0.00,0.00,0.00,0.00,0.00,0.00,0.00,0.00,0.00,0.00,0.00,0.00,0.00,0.00,0.00,0.00,0.00,0.00,0.00,0.00,0.00,0.00,0.00,"363,594.43",0.00,0.00,0.00,0.00,0.00,0.00,0.00,0.00,0.00,0.00,0.00,0.00,0.00,0.00,0.00,0.00,0.00,0.00,0.00,0.00,0.00,"96,738.83",GRADO  III          ,0.00,"250,900.31",0.00,0.00,0.00,0.00,"82,542.00",0.00,0.00,30.00,11.00,0.00,0.00,0.00,0.00,0.00,0.00,0.00,0.00,0.00,0.00,0.00,"161,231.39",0.00,0.00,0.00,0.00,0.00,"16,023.88",0.00,0.00,"10,472.12",0.00,0.00,0.00,0.00,0.00,0.00,0.00,0.00,0.00,0.00,0.00,0.00,0.00,"8,112.06","64,492.56",0.00,0.00,0.00,0.00,0.00,0.00,0.00,0.00,"6,000.00",0.00,0.00,900.00,0.00,0.00,"276,371.68","96,699.39",0.00,0.00,0.00,0.00,0.00,0.00,0.00,0.00,"65,000.00",0.00,0.00,0.00,0.00,0.00,0.00,0.00,0.00,0.00,0.00,0.00,0.00,"255,518.18",0.00,"96,699.39","83,891.45",0.00,"10,642.00",0.00,0.00,0.00,"38,695.53","10,169.29",0.00,0.00,0.00,0.00,0.00,0.00,0.00,0.00,0.00,0.00,0.00,0.00,0.00,"138,873.64","NIVEL a3,            ","232,014.25",0.00,0.00,0.00,0.00,0.00,1,Permanente Titular,SESOP                                                                                                                                                 ,MEDICO - Niv A3                              ,Asistenciales                                               ,01/04/2026,01/04/2026,1,28/07/1969,01/11/2023,DCTO 1/1 2023,DCTO 1/1  ARTICULO 10 # DEL 30/10/2023 #CMR                                                                                                                                                            ,NULL,NULL,NULL,20889111,17,PERSONAL PLANTA SESOP,F     ,01/11/2023,13/11/2023,MEDICO,MEDICINA                      ,Universitario 5 años          ,1298603,SI    ,A26,0.00,0.00,0.00,0.00,0.00,0.00,0.00,0.00,0.00,0.00,0.00,0.00,0.00,0.00,0.00,0.00,0.00,0.00,0.00,0.00,0.00,0.00,0.00,0.00,0.00,0.00,0.00,0.00,0.00,0.00,0.00,0.00,0.00,0.00,0.00,0.00,0.00,0.00,0.00,0.00,0.00,0.00,0.00,0.00,"6,449.26",0.00,"4,762.61",0.00,"322,462.78",0.00,"47,456.70",0.00,0.00,0.00,0.00,SinDatos,0.00,RECIBO OK,0.00,0.00,0.00,0.00,0.00,0.00,0.00,0.00,0.00,0.00,0.00,0.00,0.00,0.00,0.00,0.00,0.00,0.00,0.00,0.00,0.00,0.00,0.00,0.00,0.00,0.00,0.00,0.00,0.00,0.00,0.00,0.00,0.00,0.00,0.00,0.00,0.00,0.00,0.00,0.00,0.00,0.00,0.00,0.00,0.00,"128,985.11",0.00,0.00,0.00,0.00,0.00,"169,488.23",0.00,0.00,0.00,0.00,0.00,0.00,0.00,0.00,0.00,0.00,0.00,0.00,0.00,0.00,0.00,0.00,0.00,0.00,0.00,0.00,0.00,"161,231.39",0.00,0.00,0.00,0.00,0.00,0.00,0.00,0.00,0.00
NIVEL d                                                     ,PAPA MARIA BELEN        ,27387445574,38744557,"226,796.74","816,116.67",0.00,"1,042,913.41","-67,653.49","-18,442.00","956,817.92","66,722.09","44,953.37",0.00,"44,953.37","1,154,588.87","1,154,588.87","1,001,771.29","180,802.80","10,848.19",0.00,0.00,0.00,0.00,0.00,0.00,0.00,0.00,0.00,0.00,0.00,0.00,0.00,0.00,0.00,0.00,0.00,0.00,0.00,0.00,0.00,0.00,0.00,0.00,0.00,0.00,0.00,0.00,0.00,0.00,0.00,0.00,0.00,0.00,0.00,0.00,0.00,0.00,0.00,0.00,0.00,0.00,0.00,0.00,0.00,0.00,0.00,0.00,0.00,0.00,0.00,0.00,0.00,0.00,"131,711.39",0.00,0.00,0.00,0.00,0.00,"50,942.00",0.00,0.00,30.00,3.00,0.00,0.00,0.00,0.00,0.00,0.00,0.00,0.00,"36,160.56",0.00,0.00,0.00,0.00,0.00,0.00,0.00,0.00,"16,023.88",0.00,"5,332.88",0.00,0.00,0.00,0.00,0.00,0.00,0.00,0.00,0.00,0.00,0.00,0.00,0.00,0.00,0.00,"36,160.56",0.00,0.00,0.00,0.00,0.00,0.00,0.00,0.00,"6,000.00",0.00,0.00,900.00,900.00,0.00,"24,947.64","10,205.85",0.00,0.00,0.00,0.00,0.00,0.00,0.00,0.00,"32,500.00",0.00,0.00,0.00,0.00,0.00,0.00,0.00,0.00,0.00,0.00,0.00,0.00,"23,065.23",0.00,"10,205.85","33,451.01",0.00,"10,642.00",0.00,0.00,0.00,0.00,0.00,0.00,0.00,0.00,0.00,0.00,0.00,0.00,0.00,0.00,"90,401.40",0.00,"96,677.42",NIVEL d                ,0.00,0.00,0.00,0.00,0.00,0.00,0.00,0.00,2,Permanente Interino,SESOP                                                                                                                                                 ,ADMINISTRATIVO - NIVEL d,No Asistenciales,01/04/2026,01/04/2026,2,23/03/1995,01/01/2026,1503/SPS/2025,PASE A PLANTA INTERINA.-                                                                                                                                                                                ,NULL,NULL,NULL,38744557,24,PERSONAL PLANTA SESOP,F     ,01/01/2026,17/11/2023,BACHILLER,SECUNDARIO                    ,Secundario                    ,1298603,SI    ,A26,0.00,0.00,0.00,0.00,0.00,0.00,0.00,0.00,0.00,0.00,0.00,0.00,0.00,0.00,0.00,0.00,0.00,0.00,0.00,0.00,0.00,0.00,0.00,0.00,0.00,0.00,0.00,0.00,0.00,0.00,0.00,0.00,0.00,0.00,0.00,0.00,0.00,0.00,0.00,0.00,0.00,0.00,0.00,0.00,0.00,0.00,0.00,"180,802.80",0.00,"22,202.96",0.00,0.00,0.00,0.00,"111,272.70",SinDatos,0.00,RECIBO OK,0.00,0.00,0.00,0.00,0.00,0.00,0.00,0.00,0.00,0.00,0.00,0.00,0.00,0.00,0.00,0.00,0.00,0.00,0.00,0.00,0.00,0.00,0.00,0.00,0.00,0.00,0.00,0.00,0.00,0.00,0.00,0.00,0.00,0.00,0.00,0.00,0.00,0.00,0.00,0.00,0.00,0.00,0.00,0.00,0.00,0.00,0.00,0.00,0.00,0.00,"169,488.23",0.00,0.00,0.00,0.00,0.00,0.00,0.00,0.00,0.00,0.00,0.00,0.00,0.00,0.00,0.00,0.00,0.00,0.00,0.00,0.00,0.00,0.00,0.00,0.00,0.00,0.00,0.00,0.00,0.00,0.00,0.00,0.00
NIVEL a3.                                          ,PETRONI ELENA BEATRIZ,27124148796,12414879,"2,546,721.20","242,240.49",0.00,"2,788,961.69","-459,741.78","-17,542.00","2,311,677.91","458,087.86",0.00,0.00,0.00,"3,247,049.55","3,247,049.55","2,311,677.91","395,255.76","200,009.25",0.00,0.00,0.00,0.00,0.00,0.00,0.00,0.00,0.00,0.00,0.00,0.00,0.00,0.00,0.00,0.00,0.00,0.00,0.00,0.00,0.00,0.00,0.00,0.00,0.00,0.00,0.00,0.00,0.00,0.00,0.00,0.00,0.00,0.00,0.00,0.00,0.00,0.00,0.00,0.00,0.00,0.00,0.00,0.00,0.00,0.00,0.00,0.00,0.00,0.00,0.00,0.00,"240,011.02",GRADO  VI            ,0.00,0.00,0.00,0.00,0.00,0.00,"82,542.00",0.00,0.00,30.00,25.00,0.00,0.00,0.00,0.00,0.00,0.00,0.00,0.00,0.00,0.00,0.00,"200,009.19",0.00,0.00,0.00,0.00,0.00,0.00,0.00,0.00,"10,472.12",0.00,0.00,0.00,0.00,0.00,0.00,0.00,0.00,0.00,0.00,0.00,0.00,0.00,0.00,"80,003.67",0.00,0.00,0.00,0.00,0.00,0.00,0.00,0.00,"6,000.00",0.00,0.00,900.00,0.00,0.00,"280,139.33","114,602.45",0.00,0.00,0.00,0.00,0.00,0.00,0.00,0.00,"65,000.00",0.00,0.00,0.00,0.00,0.00,0.00,0.00,0.00,0.00,0.00,0.00,0.00,"259,001.55",0.00,"114,602.45","84,483.86",0.00,"10,642.00",0.00,0.00,0.00,"48,002.20","10,169.29",0.00,0.00,0.00,0.00,0.00,0.00,0.00,0.00,0.00,0.00,0.00,0.00,0.00,"138,873.64","NIVEL a3,            ","212,070.28",0.00,0.00,0.00,0.00,0.00,1,Permanente Titular,SESOP                                                                                                                                                 ,MEDICO-Niv A3,Asistenciales                                               ,01/04/2026,01/04/2026,1,17/08/1956,01/11/2023,DCTO A. 1/1- 23,DECRETO ACUERDO Nª 1/1# ART 10 DEL 30/10/2023 # CMR                                                                                                                                                     ,NULL,NULL,NULL,12414879,21,PERSONAL PLANTA SESOP,F     ,01/11/2023,17/11/2023,MEDICINA DEL TRABAJO                                                                                ,MEDICINA                      ,Universitario 5 años          ,1298603,SI    ,A26,0.00,0.00,0.00,0.00,0.00,0.00,0.00,0.00,0.00,0.00,0.00,0.00,0.00,0.00,0.00,0.00,0.00,0.00,0.00,0.00,0.00,0.00,0.00,0.00,0.00,0.00,0.00,0.00,0.00,0.00,0.00,0.00,0.00,0.00,0.00,0.00,0.00,0.00,0.00,0.00,0.00,0.00,0.00,0.00,"20,000.92",0.00,"4,762.61",0.00,"400,018.37",0.00,"47,456.70",0.00,0.00,0.00,0.00,SinDatos,0.00,RECIBO OK,0.00,0.00,0.00,0.00,0.00,0.00,0.00,0.00,0.00,0.00,0.00,0.00,0.00,0.00,0.00,0.00,0.00,0.00,0.00,0.00,0.00,0.00,0.00,0.00,0.00,0.00,0.00,0.00,0.00,0.00,0.00,0.00,0.00,0.00,0.00,0.00,0.00,0.00,0.00,0.00,0.00,0.00,0.00,0.00,0.00,0.00,0.00,0.00,0.00,0.00,0.00,"169,488.23",0.00,0.00,0.00,0.00,0.00,0.00,0.00,0.00,0.00,0.00,0.00,0.00,0.00,0.00,0.00,0.00,0.00,0.00,0.00,0.00,"412,349.26","200,009.18",0.00,0.00,0.00,0.00,0.00,0.00,0.00,0.00,0.00
NIVEL d                                                     ,PONCE VERONICA ELIZABETH,27230159136,23015913,"1,219,968.10","130,983.97","162,720.00","1,513,672.07","-189,095.05","-17,542.00","1,307,035.02","220,312.89",0.00,0.00,0.00,"1,733,984.96","1,733,984.96","1,307,035.02","180,802.80","61,473.02",0.00,0.00,0.00,0.00,0.00,0.00,0.00,0.00,0.00,0.00,0.00,0.00,0.00,0.00,0.00,0.00,0.00,0.00,0.00,0.00,0.00,0.00,0.00,0.00,0.00,0.00,0.00,0.00,0.00,0.00,0.00,0.00,0.00,0.00,0.00,0.00,0.00,0.00,0.00,0.00,0.00,0.00,0.00,0.00,0.00,0.00,0.00,0.00,0.00,0.00,0.00,0.00,"72,321.12",GRADO  IV            ,0.00,"139,218.31",0.00,0.00,0.00,0.00,"17,542.00",0.00,0.00,30.00,17.00,0.00,0.00,0.00,0.00,0.00,0.00,0.00,0.00,"36,160.56",0.00,0.00,0.00,0.00,0.00,0.00,0.00,0.00,"16,023.88",0.00,0.00,"6,962.34",0.00,0.00,0.00,0.00,0.00,0.00,0.00,0.00,0.00,0.00,0.00,0.00,0.00,0.00,"36,160.56",0.00,0.00,0.00,0.00,0.00,0.00,0.00,0.00,"6,000.00",0.00,0.00,900.00,0.00,0.00,"134,196.49","54,898.56",0.00,0.00,0.00,0.00,0.00,0.00,0.00,0.00,0.00,0.00,0.00,0.00,0.00,0.00,0.00,0.00,0.00,0.00,0.00,0.00,0.00,"124,070.76",0.00,"54,898.56","41,343.57",0.00,"10,642.00",0.00,0.00,0.00,0.00,0.00,0.00,0.00,0.00,0.00,0.00,0.00,0.00,0.00,0.00,0.00,0.00,0.00,0.00,"96,677.42",NIVEL d                ,"125,559.89",0.00,0.00,0.00,0.00,0.00,1,Permanente Titular,SESOP                                                                                                                                                 ,ADMINISTRATIVO - NIVEL d,No Asistenciales,01/04/2026,01/04/2026,1,12/10/1972,01/11/2023,DCTO 1/1 2023,X DECRETO 1/1 ART 10 DEL 30/10/2023# CMR                                                                                                                                                                ,NULL,NULL,NULL,23015913,35,PERSONAL PLANTA SESOP,F     ,01/11/2023,14/11/2023,SECUNDARIO                                                  ,SECUNDARIO                    ,Secundario                    ,1298603,SI    ,A26,0.00,0.00,0.00,0.00,0.00,0.00,0.00,0.00,0.00,0.00,0.00,0.00,0.00,0.00,0.00,0.00,0.00,0.00,0.00,0.00,0.00,0.00,0.00,0.00,0.00,0.00,0.00,0.00,0.00,0.00,0.00,0.00,0.00,0.00,0.00,0.00,0.00,0.00,0.00,0.00,0.00,0.00,0.00,0.00,"5,424.08",0.00,0.00,0.00,"180,802.80",0.00,"22,202.96",0.00,0.00,0.00,0.00,SinDatos,0.00,RECIBO OK,0.00,0.00,0.00,0.00,"111,272.70",0.00,0.00,0.00,0.00,0.00,0.00,0.00,0.00,0.00,0.00,0.00,0.00,0.00,0.00,0.00,0.00,0.00,0.00,0.00,0.00,0.00,0.00,0.00,0.00,0.00,0.00,0.00,0.00,0.00,0.00,0.00,0.00,0.00,0.00,0.00,0.00,0.00,0.00,0.00,0.00,0.00,0.00,0.00,0.00,0.00,0.00,"169,488.23",0.00,0.00,0.00,0.00,0.00,0.00,0.00,0.00,0.00,0.00,0.00,0.00,0.00,0.00,0.00,0.00,0.00,0.00,0.00,0.00,0.00,"90,401.40",0.00,0.00,0.00,0.00,0.00,0.00,0.00,0.00,0.00
NIVEL a3.                                          ,SALDAÑO ADOLFO JOSE  ,20182033104,18203310,"2,650,749.12","242,240.49",0.00,"2,892,989.61","-670,866.11","-28,342.00","2,193,781.50","476,469.60",0.00,0.00,0.00,"3,369,459.21","3,369,459.21","2,193,781.50","395,255.76","208,009.62",0.00,0.00,0.00,0.00,0.00,0.00,0.00,0.00,0.00,0.00,0.00,0.00,0.00,0.00,0.00,0.00,0.00,0.00,0.00,0.00,0.00,0.00,0.00,0.00,0.00,0.00,0.00,0.00,0.00,0.00,0.00,0.00,0.00,0.00,0.00,0.00,0.00,0.00,0.00,0.00,0.00,0.00,0.00,0.00,0.00,0.00,0.00,0.00,0.00,0.00,0.00,0.00,"240,011.02",GRADO  VI            ,0.00,0.00,0.00,0.00,0.00,0.00,"288,342.00",0.00,0.00,30.00,26.00,0.00,0.00,0.00,0.00,0.00,0.00,0.00,0.00,0.00,0.00,0.00,"200,009.19",0.00,0.00,0.00,0.00,0.00,"16,023.88",0.00,0.00,"10,472.12",0.00,0.00,0.00,0.00,0.00,0.00,0.00,0.00,0.00,0.00,0.00,0.00,0.00,0.00,"80,003.67",0.00,0.00,0.00,0.00,0.00,0.00,0.00,0.00,"6,000.00","10,800.00",0.00,900.00,0.00,0.00,"291,582.40","119,283.71","130,000.00",0.00,0.00,0.00,0.00,0.00,0.00,0.00,"65,000.00","65,000.00",0.00,0.00,0.00,0.00,0.00,0.00,0.00,0.00,0.00,0.00,0.00,"269,581.19",0.00,"119,283.71","87,604.70",0.00,"10,642.00",0.00,0.00,0.00,"48,002.20","10,169.29",0.00,0.00,0.00,0.00,0.00,0.00,0.00,0.00,0.00,0.00,0.00,0.00,0.00,"138,873.64","NIVEL a3,            ","212,070.28",0.00,0.00,0.00,0.00,0.00,1,Permanente Titular,SESOP                                                                                                                                                 ,MEDICO-Niv A3,Asistenciales                                               ,01/04/2026,01/04/2026,1,21/04/1967,01/11/2023,DCTO 1/1 2023,DCTO 1/1  ARTICULO 10 # DEL 30/10/2023# CMR.                                                                                                                                                           ,NULL,NULL,NULL,18203310,37,PERSONAL PLANTA SESOP,M     ,01/11/2023,14/11/2023,MEDICO,MEDICINA                      ,Universitario 5 años          ,1298603,SI    ,A26,0.00,0.00,0.00,0.00,0.00,0.00,0.00,0.00,0.00,0.00,0.00,0.00,0.00,0.00,0.00,0.00,0.00,0.00,0.00,0.00,0.00,0.00,0.00,0.00,0.00,0.00,0.00,0.00,0.00,0.00,0.00,0.00,0.00,0.00,0.00,0.00,0.00,0.00,0.00,0.00,0.00,0.00,0.00,0.00,"20,000.92",0.00,"4,762.61",0.00,"400,018.37",0.00,"47,456.70",0.00,0.00,0.00,0.00,SinDatos,0.00,RECIBO OK,0.00,0.00,0.00,0.00,0.00,0.00,0.00,0.00,0.00,0.00,0.00,0.00,0.00,0.00,0.00,0.00,0.00,0.00,0.00,0.00,0.00,0.00,0.00,0.00,0.00,0.00,0.00,0.00,0.00,0.00,0.00,0.00,0.00,0.00,0.00,0.00,0.00,0.00,0.00,0.00,0.00,0.00,0.00,0.00,"80,003.67",0.00,0.00,0.00,0.00,0.00,0.00,"169,488.23",0.00,0.00,0.00,0.00,0.00,0.00,0.00,0.00,0.00,0.00,0.00,0.00,0.00,0.00,0.00,0.00,0.00,0.00,0.00,0.00,"412,349.26","200,009.18",0.00,0.00,0.00,0.00,0.00,0.00,0.00,0.00,0.00
NIVEL d                                                     ,SANCHEZ ADRIANA MONICA,27209075496,20907549,"1,334,072.59","146,541.90","41,600.00","1,522,214.49","-328,656.25","-55,023.45","1,138,534.79","240,941.89",0.00,0.00,0.00,"1,763,156.38","1,763,156.38","1,138,534.79","213,651.76","81,187.76",0.00,0.00,0.00,0.00,0.00,0.00,0.00,0.00,0.00,0.00,0.00,0.00,0.00,0.00,0.00,0.00,0.00,0.00,0.00,0.00,0.00,0.00,0.00,0.00,0.00,0.00,0.00,0.00,0.00,0.00,0.00,0.00,0.00,0.00,0.00,0.00,0.00,0.00,0.00,0.00,0.00,0.00,0.00,0.00,0.00,0.00,0.00,0.00,0.00,0.00,0.00,0.00,"85,460.70",GRADO  IV            ,0.00,0.00,0.00,0.00,0.00,0.00,"150,217.00",0.00,0.00,30.00,19.00,0.00,0.00,0.00,0.00,0.00,0.00,0.00,0.00,0.00,0.00,0.00,0.00,0.00,0.00,0.00,0.00,0.00,0.00,0.00,0.00,"6,962.34",0.00,"26,681.45",0.00,0.00,0.00,0.00,0.00,0.00,0.00,0.00,0.00,0.00,0.00,0.00,"42,730.35",0.00,0.00,0.00,0.00,0.00,0.00,0.00,0.00,"6,000.00","10,800.00",0.00,900.00,0.00,0.00,"146,747.98","60,033.27","48,750.00",0.00,0.00,0.00,0.00,0.00,0.00,0.00,"48,750.00","24,375.00",0.00,0.00,0.00,0.00,0.00,0.00,0.00,0.00,0.00,0.00,0.00,"135,675.18",0.00,"60,033.27","45,233.44",0.00,"10,642.00",0.00,0.00,0.00,0.00,0.00,0.00,0.00,0.00,0.00,0.00,0.00,0.00,0.00,0.00,0.00,0.00,0.00,0.00,"96,677.42",NIVEL d                ,"140,132.35",0.00,0.00,0.00,0.00,0.00,1,Permanente Titular,SESOP                                                                                                                                                 ,ADMINISTRATIVO - NIVEL d,No Asistenciales,01/04/2026,01/04/2026,1,06/05/1969,01/11/2023,20907549,DCTO 1/1  ARTICULO 10 # DEL 30/10/2023# CMR.                                                                                                                                                           ,NULL,NULL,NULL,20907549,16,PERSONAL PLANTA SESOP,F     ,01/11/2023,NULL,NULL,NULL,NULL,1298603,SI    ,A26,0.00,0.00,0.00,0.00,0.00,0.00,0.00,0.00,0.00,0.00,0.00,0.00,0.00,0.00,0.00,0.00,0.00,0.00,0.00,0.00,0.00,0.00,0.00,0.00,0.00,0.00,0.00,0.00,0.00,0.00,0.00,0.00,0.00,0.00,0.00,0.00,0.00,0.00,0.00,0.00,0.00,0.00,0.00,0.00,"6,409.55",0.00,0.00,0.00,"213,651.76",0.00,"22,202.96",0.00,0.00,0.00,0.00,SinDatos,0.00,RECIBO OK,0.00,0.00,0.00,0.00,"111,272.70",0.00,0.00,0.00,0.00,0.00,0.00,0.00,0.00,0.00,0.00,0.00,0.00,0.00,0.00,0.00,0.00,0.00,0.00,0.00,0.00,0.00,0.00,0.00,0.00,0.00,0.00,0.00,0.00,0.00,0.00,0.00,0.00,0.00,0.00,0.00,0.00,0.00,0.00,0.00,0.00,0.00,0.00,0.00,0.00,0.00,0.00,"169,488.23",0.00,0.00,0.00,0.00,0.00,0.00,0.00,0.00,0.00,0.00,0.00,0.00,0.00,0.00,0.00,0.00,0.00,0.00,0.00,0.00,"164,512.04","106,825.88",0.00,0.00,0.00,0.00,0.00,0.00,0.00,0.00,0.00
NIVEL a3.                                          ,SENDIN MONICA MARIELA,27213387281,21338728,"1,975,232.02","188,720.12","41,600.00","2,205,552.14","-354,910.96","-38,662.00","1,811,979.18","355,500.11",0.00,0.00,0.00,"2,561,052.25","2,561,052.25","1,811,979.18","317,700.17","90,289.64",0.00,0.00,0.00,0.00,0.00,0.00,0.00,0.00,0.00,0.00,0.00,0.00,0.00,0.00,0.00,0.00,0.00,0.00,0.00,0.00,0.00,0.00,0.00,0.00,0.00,0.00,0.00,0.00,0.00,0.00,0.00,0.00,0.00,0.00,0.00,0.00,0.00,0.00,0.00,0.00,0.00,0.00,0.00,0.00,0.00,0.00,0.00,0.00,0.00,0.00,0.00,0.00,"96,738.83",GRADO  III          ,0.00,"250,900.31",0.00,0.00,0.00,0.00,"66,292.00",0.00,0.00,30.00,14.00,0.00,0.00,0.00,0.00,0.00,0.00,0.00,0.00,0.00,0.00,0.00,"161,231.39",0.00,0.00,0.00,0.00,0.00,"16,023.88",0.00,0.00,"10,472.12",0.00,0.00,0.00,0.00,0.00,0.00,0.00,0.00,"21,120.00",0.00,0.00,0.00,0.00,0.00,"64,492.56",0.00,0.00,0.00,0.00,0.00,0.00,0.00,0.00,"6,000.00",0.00,0.00,900.00,0.00,0.00,"217,275.52","88,885.44",0.00,0.00,0.00,0.00,0.00,0.00,0.00,0.00,"48,750.00",0.00,0.00,0.00,0.00,0.00,0.00,0.00,0.00,0.00,0.00,0.00,0.00,"200,881.10",0.00,"88,885.44","65,733.57",0.00,"10,642.00",0.00,0.00,0.00,"38,695.53","10,169.29",0.00,0.00,0.00,0.00,0.00,0.00,0.00,0.00,0.00,0.00,0.00,0.00,0.00,"138,873.64","NIVEL a3,            ","172,101.57",0.00,0.00,0.00,0.00,0.00,1,Permanente Titular,SESOP                                                                                                                                                 ,MEDICO-Niv A3,Asistenciales                                               ,01/04/2026,01/04/2026,1,09/06/1970,01/11/2023,DCTO 1/1 2023,DCTO 1/1  ARTICULO 10 # DEL 30/10/2023# CMR.                                                                                                                                                           ,NULL,NULL,NULL,21338728,22,PERSONAL PLANTA SESOP,F     ,01/11/2023,14/11/2023,MEDICO,MEDICINA                      ,Universitario 5 años          ,1298603,SI    ,A26,0.00,0.00,0.00,0.00,0.00,0.00,0.00,0.00,0.00,0.00,0.00,0.00,0.00,0.00,0.00,0.00,0.00,0.00,0.00,0.00,0.00,0.00,0.00,0.00,0.00,0.00,0.00,0.00,0.00,0.00,0.00,0.00,0.00,0.00,0.00,0.00,0.00,0.00,0.00,0.00,0.00,0.00,0.00,0.00,"6,449.26",0.00,"4,762.61",0.00,"322,462.78",0.00,"47,456.70",0.00,0.00,0.00,0.00,SinDatos,0.00,RECIBO OK,0.00,0.00,0.00,0.00,0.00,0.00,0.00,0.00,0.00,0.00,0.00,0.00,0.00,0.00,0.00,0.00,0.00,0.00,0.00,0.00,0.00,0.00,0.00,0.00,0.00,0.00,0.00,0.00,0.00,0.00,0.00,0.00,0.00,0.00,0.00,0.00,0.00,0.00,0.00,0.00,0.00,0.00,0.00,0.00,"64,492.56",0.00,0.00,0.00,0.00,0.00,0.00,"169,488.23",0.00,0.00,0.00,0.00,0.00,0.00,0.00,0.00,0.00,0.00,0.00,0.00,0.00,0.00,0.00,0.00,0.00,0.00,0.00,0.00,0.00,"161,231.39",0.00,0.00,0.00,0.00,0.00,0.00,0.00,0.00,0.00
NIVEL a1.                                          ,SOTELO CLAUDIO ALEJANDRO,20282239206,28223920,"559,176.31","1,378,894.52",0.00,"1,938,070.83","-208,547.32","-32,325.53","1,697,197.98","144,427.98","111,560.42",0.00,"111,560.42","2,194,059.23","2,194,059.23","1,808,758.40","305,735.67","93,149.44",0.00,0.00,0.00,0.00,0.00,0.00,0.00,0.00,0.00,0.00,0.00,0.00,0.00,0.00,0.00,0.00,0.00,0.00,0.00,0.00,0.00,0.00,0.00,0.00,0.00,0.00,0.00,0.00,0.00,0.00,0.00,0.00,0.00,0.00,0.00,0.00,0.00,0.00,0.00,0.00,0.00,0.00,0.00,0.00,0.00,0.00,0.00,0.00,0.00,0.00,0.00,0.00,"93,149.48",GRADO  III          ,"263,304.04",0.00,0.00,0.00,0.00,0.00,"143,017.00","19,281.94",1.00,30.00,15.00,0.00,0.00,0.00,0.00,0.00,0.00,0.00,0.00,0.00,0.00,0.00,"155,249.14",0.00,0.00,0.00,0.00,0.00,0.00,0.00,"8,298.63",0.00,0.00,"11,183.53",0.00,0.00,0.00,0.00,0.00,0.00,0.00,0.00,0.00,0.00,0.00,0.00,"62,099.65",0.00,0.00,0.00,0.00,0.00,0.00,0.00,0.00,"6,000.00","3,600.00",0.00,900.00,0.00,0.00,"61,509.39","25,162.93","48,750.00",0.00,0.00,0.00,0.00,0.00,0.00,0.00,"48,750.00","24,375.00",0.00,0.00,0.00,0.00,0.00,0.00,0.00,0.00,0.00,0.00,0.00,"56,868.23",0.00,"25,162.93","62,396.82",0.00,"10,642.00",0.00,0.00,0.00,0.00,"9,830.31",0.00,0.00,0.00,0.00,0.00,0.00,0.00,0.00,0.00,"155,249.14",0.00,"97,585.44","NIVEL a1,            ",0.00,0.00,0.00,0.00,0.00,0.00,0.00,0.00,1,Permanente Titular,SESOP                                                                                                                                                 ,ADMINISTRATIVO-Niv A1,No Asistenciales,01/04/2026,01/04/2026,23,08/10/1980,01/12/2023,777/SPS 11/23,NULL,NULL,NULL,NULL,28223920,36,PERSONAL PLANTA SESOP,M     ,01/12/2023,16/02/2022,INGENIERO EN SISTEMAS,INGENIERO                     ,Universitario 5 años          ,1298603,SI    ,A26,0.00,0.00,0.00,0.00,0.00,0.00,0.00,0.00,0.00,0.00,0.00,0.00,0.00,0.00,0.00,0.00,0.00,0.00,0.00,0.00,0.00,0.00,0.00,0.00,0.00,0.00,0.00,0.00,0.00,0.00,0.00,0.00,0.00,0.00,0.00,0.00,0.00,0.00,0.00,0.00,0.00,0.00,0.00,0.00,"9,314.95",0.00,"4,762.61","310,498.28",0.00,"41,942.68",0.00,0.00,0.00,0.00,0.00,SinDatos,0.00,RECIBO OK,0.00,0.00,0.00,0.00,0.00,0.00,0.00,0.00,0.00,0.00,0.00,0.00,0.00,"319,032.43",0.00,0.00,0.00,0.00,0.00,0.00,0.00,0.00,0.00,0.00,0.00,0.00,0.00,0.00,0.00,0.00,0.00,0.00,0.00,0.00,0.00,0.00,0.00,0.00,0.00,0.00,0.00,0.00,0.00,0.00,0.00,0.00,0.00,0.00,0.00,0.00,"163,838.62",0.00,0.00,0.00,0.00,0.00,0.00,0.00,0.00,0.00,0.00,0.00,0.00,0.00,0.00,0.00,0.00,0.00,0.00,0.00,0.00,0.00,0.00,0.00,0.00,0.00,0.00,0.00,0.00,0.00,0.00,0.00,0.00
NIVEL a3.                                          ,SULAIMAN CLAUDIA INES,27220306513,22030651,"2,570,056.69","234,136.96",0.00,"2,804,193.65","-398,358.79","-62,043.13","2,343,791.73","461,968.14",0.00,0.00,0.00,"3,266,161.79","3,266,161.79","2,343,791.73","395,255.76","144,006.66",0.00,0.00,0.00,0.00,0.00,0.00,0.00,0.00,0.00,0.00,0.00,0.00,0.00,0.00,0.00,0.00,0.00,0.00,0.00,0.00,0.00,0.00,0.00,0.00,0.00,0.00,0.00,0.00,0.00,0.00,0.00,0.00,0.00,0.00,0.00,0.00,0.00,0.00,0.00,0.00,0.00,0.00,0.00,0.00,0.00,0.00,0.00,0.00,0.00,0.00,0.00,0.00,"160,007.35",GRADO  IV            ,0.00,0.00,0.00,0.00,0.00,0.00,"10,642.00",0.00,0.00,30.00,18.00,0.00,0.00,0.00,0.00,0.00,0.00,0.00,0.00,0.00,0.00,0.00,"200,009.19",0.00,0.00,0.00,0.00,0.00,0.00,0.00,0.00,"10,472.12",0.00,"51,401.13",0.00,0.00,0.00,0.00,0.00,0.00,0.00,0.00,0.00,0.00,0.00,0.00,"80,003.67",0.00,0.00,0.00,0.00,0.00,0.00,0.00,0.00,0.00,0.00,0.00,0.00,0.00,0.00,"282,706.24","115,652.55",0.00,0.00,0.00,0.00,0.00,0.00,0.00,0.00,0.00,0.00,0.00,0.00,0.00,0.00,0.00,0.00,0.00,0.00,0.00,0.00,0.00,"261,374.77",0.00,"115,652.55","84,940.82",0.00,"10,642.00",0.00,0.00,0.00,"48,002.20","10,169.29",0.00,0.00,0.00,0.00,0.00,0.00,0.00,0.00,0.00,0.00,0.00,0.00,0.00,"138,873.64","NIVEL a3,            ","211,967.12",0.00,0.00,0.00,0.00,0.00,1,Permanente Titular,SESOP                                                                                                                                                 ,MEDICO-Niv A3,Asistenciales                                               ,01/04/2026,01/04/2026,4,03/02/1971,01/11/2023,DCTO 1/1 2023,DCTO 1/1  ARTICULO 10 # DEL 30/10/2023# CMR.                                                                                                                                                           ,NULL,NULL,NULL,22030651,12,PERSONAL PLANTA SESOP,F     ,01/11/2023,01/03/2008,SIN DATOS                                                                                           ,SIN DATOS                     ,Ninguno                       ,1298603,SI    ,A26,0.00,0.00,0.00,0.00,0.00,0.00,0.00,0.00,0.00,0.00,0.00,0.00,0.00,0.00,0.00,0.00,0.00,0.00,0.00,0.00,0.00,0.00,0.00,0.00,0.00,0.00,0.00,0.00,0.00,0.00,0.00,0.00,0.00,0.00,0.00,0.00,0.00,0.00,0.00,0.00,0.00,0.00,0.00,0.00,"12,000.55",0.00,"4,762.61",0.00,"400,018.37",0.00,"53,151.51",0.00,0.00,0.00,0.00,SinDatos,0.00,RECIBO OK,0.00,0.00,0.00,0.00,0.00,0.00,0.00,0.00,0.00,0.00,0.00,0.00,0.00,0.00,0.00,0.00,0.00,0.00,0.00,0.00,0.00,0.00,0.00,0.00,0.00,0.00,0.00,0.00,0.00,0.00,0.00,0.00,0.00,0.00,0.00,0.00,0.00,0.00,0.00,0.00,0.00,0.00,0.00,0.00,"160,007.35",0.00,0.00,0.00,0.00,0.00,0.00,"169,488.23",0.00,0.00,0.00,0.00,0.00,0.00,0.00,0.00,0.00,0.00,0.00,0.00,0.00,0.00,0.00,0.00,0.00,0.00,0.00,0.00,"350,893.36","200,009.18",0.00,0.00,0.00,0.00,0.00,0.00,0.00,0.00,0.00
NIVEL a3.                                          ,VERA SANDRA ALICIA    ,23170743784,17074378,"2,484,092.80","237,213.30","83,200.00","2,804,506.10","-547,534.39","-21,142.00","2,235,829.71","446,870.61",0.00,0.00,0.00,"3,251,376.71","3,251,376.71","2,235,829.71","395,255.76","184,008.51",0.00,0.00,0.00,0.00,0.00,0.00,0.00,0.00,0.00,0.00,0.00,0.00,0.00,0.00,0.00,0.00,0.00,0.00,0.00,0.00,0.00,0.00,0.00,0.00,0.00,0.00,0.00,0.00,0.00,0.00,0.00,0.00,0.00,0.00,0.00,0.00,0.00,0.00,0.00,0.00,0.00,0.00,0.00,0.00,0.00,0.00,0.00,0.00,0.00,0.00,0.00,0.00,"200,009.18",GRADO  V              ,0.00,0.00,0.00,0.00,0.00,0.00,"183,642.00",0.00,0.00,30.00,23.00,0.00,0.00,0.00,0.00,0.00,0.00,0.00,0.00,0.00,0.00,0.00,"200,009.19",0.00,0.00,0.00,0.00,0.00,0.00,0.00,0.00,"10,472.12",0.00,0.00,0.00,0.00,0.00,0.00,0.00,0.00,0.00,0.00,0.00,0.00,0.00,0.00,"80,003.67",0.00,0.00,0.00,0.00,0.00,0.00,0.00,0.00,"6,000.00","3,600.00",0.00,900.00,0.00,0.00,"273,250.21","111,784.18","65,000.00",0.00,0.00,0.00,0.00,0.00,0.00,0.00,"65,000.00","32,500.00",0.00,0.00,0.00,0.00,0.00,0.00,0.00,0.00,0.00,0.00,0.00,"252,632.24",0.00,"111,784.18","82,454.19",0.00,"10,642.00",0.00,0.00,0.00,"48,002.20","10,169.29",0.00,0.00,0.00,0.00,0.00,0.00,0.00,0.00,0.00,0.00,0.00,0.00,0.00,"138,873.64","NIVEL a3,            ","211,043.28",0.00,0.00,0.00,0.00,0.00,1,Permanente Titular,SESOP                                                                                                                                                 ,MEDICO-Niv A3,Asistenciales                                               ,01/04/2026,01/04/2026,1,17/09/1964,01/11/2023,Dcto 1/1 2023,DCTO 1/1  ARTICULO 10 # DEL 30/10/2023# CMR.                                                                                                                                                           ,NULL,NULL,NULL,17074378,15,PERSONAL PLANTA SESOP,F     ,01/11/2023,14/11/2023,MEDICO,MEDICINA                      ,Universitario 5 años          ,1298603,SI    ,A26,0.00,0.00,0.00,0.00,0.00,0.00,0.00,0.00,0.00,0.00,0.00,0.00,0.00,0.00,0.00,0.00,0.00,0.00,0.00,0.00,0.00,0.00,0.00,0.00,0.00,0.00,0.00,0.00,0.00,0.00,0.00,0.00,0.00,0.00,0.00,0.00,0.00,0.00,0.00,0.00,0.00,0.00,0.00,0.00,"16,000.73",0.00,"4,762.61",0.00,"400,018.37",0.00,"47,456.70",0.00,0.00,0.00,0.00,SinDatos,0.00,RECIBO OK,0.00,0.00,0.00,0.00,0.00,0.00,0.00,0.00,0.00,0.00,0.00,0.00,0.00,0.00,0.00,0.00,0.00,0.00,0.00,0.00,0.00,0.00,0.00,0.00,0.00,0.00,0.00,0.00,0.00,0.00,0.00,0.00,0.00,0.00,0.00,0.00,0.00,0.00,0.00,0.00,0.00,0.00,0.00,0.00,0.00,0.00,0.00,0.00,0.00,0.00,0.00,"169,488.23",0.00,0.00,0.00,0.00,0.00,0.00,0.00,0.00,0.00,0.00,0.00,0.00,0.00,0.00,0.00,0.00,0.00,0.00,0.00,0.00,"402,437.02","200,009.18",0.00,0.00,0.00,0.00,0.00,0.00,0.00,0.00,0.00
NIVEL a3.                                          ,VERGARA HECTOR MARTIN,23209912619,20991261,"2,841,060.87","272,177.84",0.00,"3,113,238.71","-489,002.69","-38,662.00","2,585,574.02","494,634.05",0.00,0.00,0.00,"3,607,872.76","3,607,872.76","2,585,574.02","395,255.76","128,005.92",0.00,0.00,0.00,0.00,0.00,0.00,0.00,0.00,0.00,0.00,0.00,0.00,0.00,0.00,0.00,0.00,0.00,0.00,0.00,0.00,0.00,0.00,0.00,0.00,0.00,0.00,0.00,0.00,0.00,0.00,"363,594.43",0.00,0.00,0.00,0.00,0.00,0.00,0.00,0.00,0.00,0.00,0.00,0.00,0.00,0.00,0.00,0.00,0.00,0.00,0.00,0.00,0.00,"160,007.35",GRADO  IV            ,0.00,0.00,0.00,0.00,0.00,0.00,"82,542.00",0.00,0.00,30.00,16.00,0.00,0.00,0.00,0.00,0.00,0.00,0.00,0.00,0.00,0.00,0.00,"200,009.19",0.00,0.00,0.00,0.00,0.00,"16,023.88",0.00,0.00,"10,472.12",0.00,0.00,0.00,0.00,0.00,0.00,0.00,0.00,"21,120.00",0.00,0.00,0.00,0.00,0.00,"80,003.67",0.00,0.00,0.00,0.00,0.00,0.00,0.00,0.00,"6,000.00",0.00,0.00,900.00,0.00,0.00,"312,516.70","111,485.99",0.00,0.00,0.00,0.00,0.00,0.00,0.00,0.00,"65,000.00",0.00,0.00,0.00,0.00,0.00,0.00,0.00,0.00,0.00,0.00,0.00,0.00,"288,935.89",0.00,"111,485.99","94,212.17",0.00,"10,642.00",0.00,0.00,0.00,"48,002.20","10,169.29",0.00,0.00,0.00,0.00,0.00,0.00,0.00,0.00,0.00,0.00,0.00,0.00,0.00,"138,873.64","NIVEL a3,            ","250,008.00",0.00,0.00,0.00,0.00,0.00,1,Permanente Titular,SESOP                                                                                                                                                 ,MEDICO-Niv A3,Asistenciales                                               ,01/04/2026,01/04/2026,1,17/08/1969,01/11/2023,Dcto 1/1  2023,DCTO 1/1  ARTICULO 10 # DEL 30/10/2023# CMR.                                                                                                                                                           ,NULL,NULL,NULL,20991261,25,PERSONAL PLANTA SESOP,M     ,01/11/2023,14/11/2023,MEDICO,MEDICINA                      ,Universitario 5 años          ,1298603,SI    ,A26,0.00,0.00,0.00,0.00,0.00,0.00,0.00,0.00,0.00,0.00,0.00,0.00,0.00,0.00,0.00,0.00,0.00,0.00,0.00,0.00,0.00,0.00,0.00,0.00,0.00,0.00,0.00,0.00,0.00,0.00,0.00,0.00,0.00,0.00,0.00,0.00,0.00,0.00,0.00,0.00,0.00,0.00,0.00,0.00,"12,000.55",0.00,"4,762.61",0.00,"400,018.37",0.00,"47,456.70",0.00,0.00,0.00,0.00,SinDatos,0.00,RECIBO OK,0.00,0.00,0.00,0.00,0.00,0.00,0.00,0.00,0.00,0.00,0.00,0.00,0.00,0.00,0.00,0.00,0.00,0.00,0.00,0.00,0.00,0.00,0.00,0.00,0.00,0.00,0.00,0.00,0.00,0.00,0.00,0.00,0.00,0.00,0.00,0.00,0.00,0.00,0.00,0.00,0.00,0.00,0.00,0.00,"80,003.67",0.00,0.00,0.00,0.00,0.00,0.00,"169,488.23",0.00,0.00,0.00,0.00,0.00,0.00,0.00,0.00,0.00,0.00,0.00,0.00,0.00,0.00,0.00,0.00,0.00,0.00,0.00,0.00,"350,893.36","200,009.18",0.00,0.00,0.00,0.00,0.00,0.00,0.00,0.00,0.00
NIVEL a3.                                          ,YAZBEK DE NOFAL ETHEL INES DEL CARMEN,27127901851,12790185,"1,890,019.84","208,048.73",0.00,"2,098,068.57","-341,703.07","-17,542.00","1,738,823.50","341,022.98",0.00,0.00,0.00,"2,439,091.55","2,439,091.55","1,738,823.50","317,700.17",0.00,0.00,0.00,0.00,0.00,0.00,0.00,0.00,0.00,0.00,0.00,0.00,0.00,0.00,0.00,0.00,0.00,0.00,0.00,0.00,0.00,0.00,0.00,0.00,0.00,0.00,0.00,0.00,0.00,0.00,0.00,0.00,0.00,0.00,0.00,0.00,0.00,0.00,0.00,0.00,0.00,0.00,0.00,0.00,0.00,0.00,0.00,0.00,0.00,0.00,0.00,0.00,0.00,0.00,0.00,0.00,"338,795.32",0.00,0.00,0.00,0.00,"66,292.00",0.00,0.00,30.00,0.00,0.00,0.00,0.00,0.00,0.00,0.00,0.00,0.00,0.00,0.00,0.00,"161,231.39",0.00,0.00,0.00,0.00,0.00,"16,023.88",0.00,0.00,"10,472.12",0.00,0.00,0.00,0.00,0.00,0.00,0.00,0.00,0.00,0.00,0.00,0.00,0.00,0.00,"64,492.56",0.00,0.00,0.00,0.00,0.00,0.00,0.00,0.00,"6,000.00",0.00,0.00,900.00,0.00,0.00,"207,902.18","85,050.89",0.00,0.00,0.00,0.00,0.00,0.00,0.00,0.00,"48,750.00",0.00,0.00,0.00,0.00,0.00,0.00,0.00,0.00,0.00,0.00,0.00,0.00,"192,215.02",0.00,"85,050.89","63,757.07",0.00,"10,642.00",0.00,0.00,0.00,"38,695.53","10,169.29",0.00,0.00,0.00,0.00,0.00,0.00,0.00,0.00,0.00,0.00,0.00,0.00,0.00,"138,873.64","NIVEL a3,            ","197,879.44",0.00,0.00,0.00,0.00,0.00,6,Reemplazante no permanente,SESOP                                                                                                                                                 ,MEDICO - Niv A3                              ,Asistenciales                                               ,01/04/2026,01/04/2026,2,06/12/1958,01/06/2025,RESUMEN MENSUAL,NULL,NULL,NULL,NULL,12790185,33,PERSONAL PLANTA SESOP,F     ,01/06/2025,13/11/2023,MEDICO,MEDICINA                      ,Universitario 5 años          ,1298603,SI    ,A26,0.00,0.00,0.00,0.00,0.00,0.00,0.00,0.00,0.00,0.00,0.00,0.00,0.00,0.00,0.00,0.00,0.00,0.00,0.00,0.00,0.00,0.00,0.00,0.00,0.00,0.00,0.00,0.00,0.00,0.00,0.00,0.00,0.00,0.00,0.00,0.00,0.00,0.00,0.00,0.00,0.00,0.00,0.00,0.00,0.00,0.00,"4,762.61",0.00,"322,462.78",0.00,"53,151.51",0.00,0.00,0.00,0.00,SinDatos,0.00,RECIBO OK,0.00,0.00,0.00,0.00,0.00,0.00,0.00,0.00,0.00,0.00,0.00,0.00,0.00,0.00,0.00,0.00,0.00,0.00,0.00,0.00,0.00,0.00,0.00,0.00,0.00,0.00,0.00,0.00,0.00,0.00,0.00,0.00,0.00,0.00,0.00,0.00,0.00,0.00,0.00,0.00,0.00,0.00,0.00,0.00,0.00,0.00,0.00,0.00,0.00,0.00,0.00,"169,488.23",0.00,0.00,0.00,0.00,0.00,0.00,0.00,0.00,0.00,0.00,0.00,0.00,0.00,0.00,0.00,0.00,0.00,0.00,0.00,0.00,0.00,"161,231.39",0.00,0.00,0.00,0.00,0.00,0.00,0.00,0.00,0.00
NIVEL d                                                     ,ZEBALLOS ROBERTI ALVARO JULIAN,27438483697,43848369,"214,617.78","921,770.92",0.00,"1,136,388.70","-65,765.76","-17,364.00","1,053,258.94","67,667.28","42,539.36",0.00,"42,539.36","1,246,595.34","1,246,595.34","1,095,798.30","177,811.68",0.00,0.00,0.00,0.00,0.00,0.00,0.00,0.00,0.00,0.00,0.00,0.00,0.00,0.00,0.00,0.00,0.00,0.00,0.00,0.00,0.00,0.00,0.00,0.00,0.00,0.00,0.00,0.00,0.00,0.00,0.00,0.00,0.00,0.00,0.00,0.00,0.00,0.00,0.00,0.00,0.00,0.00,0.00,0.00,0.00,0.00,0.00,0.00,0.00,0.00,0.00,0.00,0.00,0.00,0.00,"129,532.41",0.00,0.00,0.00,0.00,0.00,"49,864.00",0.00,0.00,30.00,0.00,0.00,0.00,0.00,0.00,0.00,0.00,0.00,0.00,"35,562.33",0.00,0.00,0.00,0.00,0.00,0.00,0.00,0.00,"16,023.88",0.00,"5,332.88",0.00,0.00,0.00,0.00,0.00,0.00,0.00,0.00,0.00,0.00,0.00,0.00,0.00,0.00,0.00,"35,562.33",0.00,0.00,0.00,0.00,0.00,0.00,0.00,0.00,"6,000.00",0.00,0.00,900.00,900.00,0.00,"23,607.96","9,657.80",0.00,0.00,0.00,0.00,0.00,0.00,0.00,0.00,"32,500.00",0.00,0.00,0.00,0.00,0.00,0.00,0.00,0.00,0.00,0.00,0.00,0.00,"21,826.63",0.00,"9,657.80","36,182.85",0.00,"9,564.00",0.00,0.00,0.00,0.00,0.00,0.00,0.00,0.00,0.00,0.00,0.00,0.00,0.00,0.00,"88,905.84",0.00,"96,677.42",NIVEL d                ,0.00,0.00,0.00,0.00,0.00,0.00,0.00,0.00,6,Reemplazante no permanente,SESOP                                                                                                                                                 ,ADMINISTRATIVO - NIVEL d,No Asistenciales,01/03/2026,01/04/2026,6,06/02/2002,01/03/2026,RESUMEN MENSUAL,COB.-                                                                                                                                                                                                   ,31/03/2026,CP,NULL,27438483697,9,PERSONAL PLANTA SESOP,F     ,01/03/2026,08/10/2025,SECUNDARIO                                                  ,SECUNDARIO                    ,Secundario                    ,1298603,SI    ,A26,0.00,0.00,0.00,0.00,0.00,0.00,0.00,0.00,0.00,0.00,0.00,0.00,0.00,0.00,0.00,0.00,0.00,0.00,0.00,0.00,0.00,0.00,0.00,0.00,0.00,0.00,0.00,0.00,0.00,0.00,0.00,0.00,0.00,0.00,0.00,0.00,0.00,0.00,0.00,0.00,0.00,0.00,0.00,0.00,0.00,0.00,0.00,"177,811.68",0.00,"24,867.31",0.00,0.00,0.00,"117,882.45","111,272.70",SinDatos,0.00,RECIBO OK,0.00,0.00,0.00,0.00,0.00,0.00,0.00,0.00,0.00,0.00,0.00,0.00,0.00,0.00,0.00,0.00,0.00,0.00,0.00,0.00,0.00,0.00,0.00,0.00,0.00,0.00,0.00,0.00,0.00,0.00,0.00,0.00,0.00,0.00,0.00,0.00,0.00,0.00,0.00,0.00,0.00,0.00,0.00,0.00,0.00,0.00,0.00,0.00,0.00,0.00,"169,488.23",0.00,0.00,0.00,0.00,0.00,0.00,0.00,0.00,0.00,0.00,0.00,0.00,0.00,0.00,0.00,0.00,0.00,0.00,0.00,0.00,0.00,0.00,0.00,0.00,0.00,0.00,0.00,0.00,0.00,0.00,0.00,0.00