NIVEL,DESCAGENTE,CUIT_CUIL,NRO_DOCUMENTO,HAB_C_AP,HAB_S_AP,ASIG_FAM,TOT_HAB,RETENCIONES,DESCUENTOS,LIQUIDO,CARGA_PATRONAL,BRUTO_LEY7991,PENSION_229_92,LIQUIDO_LEY7991,COSTO_LABORAL_01,COSTO_LABORAL_02,SUELDO_MANO,SUELDO,MONTO_ANTIGUEDAD,FUNCION_JERARQUICA,PORC_FUNC,LIB_003_30,LIB_003_31,LIB_003_32,LIB_003_33,LIB_003_34,LIB_003_35,LIB_003_36,LIB_003_37,LIB_003_38,LIB_003_39,LIB_003_40,GC_003_41,LIB_003_42,LIB_003_43,LIB_003_44,LIB_003_45,LIB_003_46,LIB_003_47,LIB_003_48,GC_003_49,LIB_003_50,LIB_003_51,LIB_003_52,LIB_003_55,LIB_003_56,GC_003_57,LIB_003_58,LIB_003_59,LIB_003_60,GC_003_65,GC_003_66,GC_003_67,GC_003_68,LIB_003_70,LIB_003_71,GC_003_72,GC_003_73,LIB_003_74,LIB_003_75,GC_003_76,GC_003_77,GC_003_78,GC_003_79,LIB_003_80,GC_003_81,LIB_003_82,LIB_003_83,LIB_003_84,GC_003_85,GC_003_86,Esc_Horizontal,Grado_Esc_Horizontal,AP_SOCIAL_S_APORTE,AP_SOCIAL_C_APORTE,AY_SOCIAL_090_10,AY_SOCIAL_090_13,DGI_171_02,DGI_171_50,DESC_GANANCIA,INASISTENCIA_GANANCIA,DIAS_INASIST,D_TRAB,ANTIGUEDAD,_007_20_ZONA_DESFABORABLE,_021_00_ACTIVIDAD_CRITICA,Dif_Zona,_007_23_ZonaDesfavorable,_007_24_ZonaDesfavorable,MALA_PRAXI,BLOQUEO_TITULO,TITULO_POSPRIMARIO,TITULO_SECUNDARIO,TITULO_TERCIARIO,TITULO_UNI_4_ANO,TITULO_UNI_5_ANO,TITULO_UNI_3_ANO,COMP_MINIMA_099_65,IncrementoMinimo_099_75,DifCompensatoria_099_26,VI_000_03,Presentismo,TKT150,DCTO1782_099_20,DCTO1782_099_21,ATE_114,UPCN,MUTPROV,ATSA,SUMAR,AME,AMEN,ATE_448,SITAS,ESP_MEDICA,RETRO_ESP_MEDICA,ACTA_SALARIAL_MARZO_2013,SEGUROS_MALAS_PRAXISS,SEGURO_MALA_PRAXIS_MEDICO,RESPONSABILIDAD_SANITARIA,FAMILIAR_DISCAPACITADO_AL_50,FAMILIAR_DISCAPACITADO_AL_100,FAMILIAR_DISCAPACITADO_AL_50RETRO,FAMILIAR_DISCAPACITADO_AL_100RETRO,ENTIERRO_Y_LUTO,RETENCION_SUELDO,RETENCION_1700,DIF_SAC_000_29,O_147_00,O_147_01,O_147_02,O_148_00,O_148_01,O_148_02,ApJubPer,ObSocPer,O_170_01,O_170_02,O_170_04,O_170_10,O_170_12,O_170_13,O_170_14,O_170_15,O_170_16,O_170_17,O_170_18,O_170_20,O_170_21,O_170_22,O_170_24,O_170_25,O_170_26,O_170_27,O_170_28,O_170_29,O_170_50,ApJubPatronal,ApJubPatronal_17,ObSocPatronal,Art_Patronal,DescCajaPopular,SegColectivo,AdicSegColectivo_00,AdicSegColectivo_01,AdicSegColectivo_06,RespSantMedica,RecGastoCap,SITRAS,DctNac561,Dto6_1CG,Dto6_1CG_CAP,Dto620_03_1800,Dto620_03_1800_CAP,AportePersonalCargoProv,_092_03_Dto_26_3_2021ME,_092_04_Dto_26_3_2021ME,_092_05_ActRiesgo,_092_12_DifPerEnf,_092_13_DtoSanidadSAp,SubNivel_092_13,_092_14_DtoSanidadCAp,SubNivel_092_14,_090_40_ApPersACargoProv,_092_17GuardiaActivaSAp,_092_15_Art1,_092_16_Art1,_092_25,_900_15,PLANTASS,PLANTA,ORGANISMO,FUNCION,AGRUPAMIENTO,PERIODO_IMPUTADO,PERIODO_LIQUIDADO,NUMERO_CARGO,FECHA_NACIMIENTO,FECHA_ALTA_CARGO,INST_LEGAL_ALTA,OB_ALTA,FECHA_BAJA_CARGO,INST_LEGAL_BAJA,OB_BAJA,NUMERO_LEGAJO,NRO_REC,AREA,SEXO,FECHA_CARGO_PRINCIPAL,FECHA_ALTA_TITULO,TIT_EDUCATIVO,AREA_TEMATICA,DURACION,NUMERO_LIQ,ESTADO_LIQUIDACION,Area2,tt_100_51_FD,Obs_tt_100_51_FD,tt_100_52_FD,Obs_tt_100_52_FD,tt_100_53_FD,Obs_tt_100_53_FD,tt_100_54_FD,Obs_tt_100_54_FD,tt_100_55_FD,Obs_tt_100_55_FD,tt_100_56_FD,Obs_tt_100_56_FD,tt_100_57_FD,Obs_tt_100_57_FD,tt_100_58_FD,Obs_tt_100_58_FD,GC_003_89,GC_003_90,GC_003_87,GC_003_88,LIB_003_91,LIB_003_92,LIB_003_93,LIB_003_94,LIB_003_95,LIB_031_65,LIB_031_66,GC_031_72,GC_031_73,GC_031_76,GC_031_77,GC_031_80,GC_031_81,GC_031_85,GC_031_86,GC_031_87,GC_031_88,GC_031_89,GC_031_90,LIB_003_96,LIB_031_96,LIB_032_91,LIB_032_92,LIB_032_93,DifEscalafon_092_26,DifEnferia_092_18,DifBasicoNivelA_000_31,ProgFortRetTalentoSAp_092_21,ProgFortRetTalentoCAp_092_22,Dto2150IncArt1SAp_092_30,Dto2150IncArt1SAp_092_31,_091_27ResNacionales,_tt_099_30,_tt_099_81,_tt_092_27,Nivel_Ley,_tt_Svuelo_090_51,ESTADO_RECIBO,LIB_003_61,LIB_003_62,LIB_003_63,LIB_003_64,Dto_2987_3_ME_Art8CAp,AjusteBecaNac,DiferenciaFuncionJerarquica,Dedicacion_Exclusiva,Compen_DIPOS,Retencion_Sueldo_16,LIB_031_34,LIB_031_84,LIB_031_50,LIB_031_60,LIB_031_59,LIB_031_37,LIB_031_36,LIB_031_33,LIB_031_38,LIB_031_39,LIB_031_42,LIB_031_43,LIB_031_44,LIB_031_45,LIB_031_46,LIB_031_47,LIB_031_61,LIB_031_62,LIB_031_63,LIB_031_64,LIB_031_70,Pension_229T73,Pension_229T74,LIB_031_40,LIB_031_41,GC_032_80,GC_032_81,LIB_B32_80,LIB_B32_81,GC_031_48,LIB_031_49,LIB_032_48,LIB_032_49,Esp_10Porc,Esp_20Porc,Esp_40Porc,LIB_031_57,LIB_031_58,LIB_031_54,LIB_032_55,ttp_092_33,ttp_092_34,LIB_031_53,LIB_032_94,LIB_SC1_25,LIB_SC2_25,LIB_032_95,LIB_032_34,LIB_033_34,LIB_D31_48,LIB_N31_48,LIB_D31_49,LIB_N31_49,LIB_D32_94,LIB_N32_94,LIB_COB_85,LIB_COB_86,ZONA_007_27,ZONA_007R02,ZONA_007R03,ZONA_007R04,ZONA_007_28,AP100_090_54,ActRiesgo_092_06,LIB_003_97,LIB_003_99,LIB_031_97,LIB_031_99,LIB_003F66,LIB_003F73,LIB_003F86,LIB_COBF86,LIB_032F55,LIB_003G46,LIB_003G47,LIB_031G46,LIB_031G47
NIVEL a3.                                          ,ALMARAZ MIRTA GRACIELA,27174580834,17458083,"2,455,511.22","234,411.34","41,600.00","2,731,522.56","-452,804.23","-38,662.00","2,240,056.33","456,051.82",0.00,0.00,0.00,"3,187,574.38","3,187,574.38","2,240,056.33","395,255.76","144,006.66",0.00,0.00,0.00,0.00,0.00,0.00,0.00,0.00,0.00,0.00,0.00,0.00,0.00,0.00,0.00,0.00,0.00,0.00,0.00,0.00,0.00,0.00,0.00,0.00,0.00,0.00,0.00,0.00,0.00,0.00,0.00,0.00,0.00,0.00,0.00,0.00,0.00,0.00,0.00,0.00,0.00,0.00,0.00,0.00,0.00,0.00,0.00,0.00,0.00,0.00,0.00,0.00,"160,007.35",GRADO  IV            ,0.00,0.00,0.00,0.00,0.00,0.00,"89,742.00",0.00,0.00,30.00,18.00,0.00,0.00,0.00,0.00,0.00,0.00,0.00,0.00,0.00,0.00,0.00,"200,009.19",0.00,0.00,0.00,0.00,0.00,"16,023.88",0.00,0.00,"10,472.12",0.00,0.00,0.00,0.00,0.00,0.00,0.00,0.00,"21,120.00",0.00,0.00,0.00,0.00,"8,112.06","80,003.67",0.00,0.00,0.00,0.00,0.00,0.00,0.00,0.00,"6,000.00",0.00,0.00,900.00,0.00,0.00,"270,106.23","110,498.00",0.00,0.00,0.00,0.00,0.00,0.00,0.00,0.00,"72,200.00",0.00,0.00,0.00,0.00,0.00,0.00,0.00,0.00,0.00,0.00,0.00,0.00,"264,041.13",0.00,"110,498.00","81,512.69",0.00,"10,642.00",0.00,0.00,0.00,"48,002.20","10,169.29",0.00,0.00,0.00,0.00,0.00,0.00,0.00,0.00,0.00,0.00,0.00,0.00,0.00,"138,873.64","NIVEL a3,            ","204,129.44",0.00,0.00,0.00,0.00,0.00,1,Permanente Titular,SESOP                                                                                                                                                 ,MEDICO - Niv A3                              ,Asistenciales                                               ,01/05/2026,01/05/2026,1,02/08/1965,01/11/2023,DANYU 1/1 23,NULL,NULL,NULL,NULL,17458083,9,PERSONAL PLANTA SESOP,F     ,01/11/2023,13/11/2023,MEDICO,MEDICINA                      ,Universitario 5 años          ,1307791,DE    ,A26,0.00,0.00,0.00,0.00,0.00,0.00,0.00,0.00,0.00,0.00,0.00,0.00,0.00,0.00,0.00,0.00,0.00,0.00,0.00,0.00,0.00,0.00,0.00,0.00,0.00,0.00,0.00,0.00,0.00,0.00,0.00,0.00,0.00,0.00,0.00,0.00,0.00,0.00,0.00,0.00,0.00,0.00,0.00,0.00,"12,000.55",0.00,"4,762.61",0.00,"400,018.37",0.00,"47,456.70",0.00,0.00,0.00,0.00,SinDatos,0.00,RECIBO OK,0.00,0.00,0.00,0.00,0.00,0.00,0.00,0.00,0.00,0.00,0.00,0.00,0.00,0.00,0.00,0.00,0.00,0.00,0.00,0.00,0.00,0.00,0.00,0.00,0.00,0.00,0.00,0.00,0.00,0.00,0.00,0.00,0.00,0.00,0.00,0.00,0.00,0.00,0.00,0.00,0.00,0.00,0.00,0.00,"80,003.67",0.00,0.00,0.00,0.00,0.00,0.00,"169,488.23",0.00,0.00,0.00,0.00,0.00,0.00,0.00,0.00,0.00,0.00,0.00,0.00,0.00,0.00,0.00,0.00,0.00,0.00,0.00,0.00,"350,893.36","200,009.18",0.00,0.00,0.00,0.00,0.00,0.00,0.00,0.00,0.00,0.00,0.00,0.00,0.00
NIVEL a3.                                          ,ALVAREZ MARCELO FABIAN,20182031160,18203116,"5,676,445.42","507,568.48",0.00,"6,184,013.90","-917,615.05","-354,423.09","4,911,975.76","967,270.80",0.00,0.00,0.00,"7,151,284.70","7,151,284.70","4,911,975.76","395,255.76","232,010.73","360,016.53",90.00,0.00,0.00,0.00,0.00,"1,364,185.00",0.00,0.00,0.00,0.00,0.00,0.00,0.00,0.00,0.00,0.00,0.00,0.00,0.00,0.00,0.00,0.00,0.00,0.00,0.00,0.00,0.00,0.00,0.00,0.00,0.00,0.00,0.00,0.00,0.00,0.00,0.00,0.00,0.00,0.00,0.00,0.00,0.00,0.00,0.00,0.00,0.00,0.00,0.00,0.00,0.00,"280,012.86",GRADO  VII          ,0.00,0.00,0.00,0.00,0.00,"329,681.09","313,542.00",0.00,0.00,30.00,29.00,0.00,0.00,0.00,0.00,0.00,0.00,0.00,0.00,0.00,1.00,0.00,"200,009.19",0.00,0.00,0.00,0.00,0.00,0.00,0.00,0.00,"10,472.12",0.00,0.00,0.00,0.00,0.00,0.00,0.00,0.00,0.00,0.00,0.00,0.00,0.00,0.00,"80,003.67",0.00,0.00,0.00,0.00,0.00,0.00,0.00,0.00,"6,000.00","7,200.00",0.00,900.00,0.00,0.00,"473,398.09","155,416.96","144,400.00",0.00,0.00,0.00,0.00,0.00,0.00,0.00,"72,200.00","72,200.00",0.00,0.00,0.00,0.00,0.00,0.00,0.00,0.00,0.00,0.00,0.00,"610,388.17",0.00,"170,547.20","186,335.43",0.00,"10,642.00",0.00,0.00,0.00,"48,002.20","10,169.29",0.00,0.00,0.00,0.00,0.00,0.00,0.00,0.00,0.00,0.00,0.00,0.00,0.00,"138,873.64","NIVEL a3,            ","473,398.09",0.00,0.00,0.00,0.00,0.00,1,Permanente Titular,SESOP                                                                                                                                                 ,SUB-DIRECTOR-Niv A3,Asistenciales                                               ,01/05/2026,01/05/2026,2,12/10/1966,01/12/2023,.,NULL,NULL,NULL,NULL,18203116,35,PERSONAL PLANTA SESOP,M     ,01/12/2023,13/11/2023,MEDICO,MEDICINA                      ,Universitario 5 años          ,1307791,DE    ,A26,0.00,0.00,0.00,0.00,0.00,0.00,0.00,0.00,0.00,0.00,0.00,0.00,0.00,0.00,0.00,0.00,0.00,0.00,0.00,0.00,0.00,0.00,0.00,0.00,0.00,0.00,0.00,0.00,0.00,0.00,0.00,0.00,0.00,0.00,0.00,0.00,0.00,0.00,0.00,0.00,0.00,0.00,0.00,0.00,"24,001.10",0.00,"4,762.61",0.00,"400,018.37",0.00,"47,456.70",0.00,0.00,0.00,0.00,SinDatos,0.00,RECIBO OK,0.00,0.00,0.00,0.00,0.00,0.00,0.00,0.00,0.00,0.00,0.00,0.00,0.00,0.00,0.00,0.00,0.00,0.00,0.00,0.00,0.00,0.00,0.00,0.00,0.00,0.00,0.00,0.00,0.00,0.00,0.00,0.00,0.00,0.00,0.00,0.00,0.00,0.00,0.00,0.00,0.00,0.00,0.00,0.00,0.00,"320,014.69",0.00,0.00,0.00,0.00,0.00,"169,488.23",0.00,0.00,0.00,0.00,0.00,"336,227.49",0.00,0.00,0.00,0.00,0.00,0.00,0.00,0.00,0.00,0.00,0.00,0.00,0.00,0.00,"416,314.16","200,009.18","522,322.71",0.00,0.00,0.00,0.00,0.00,0.00,0.00,0.00,0.00,0.00,0.00,0.00
NIVEL d                                                     ,ARANCIBIA MONICA VIVIANA,27273644941,27364494,"273,926.44","853,431.56",0.00,"1,127,358.00","-78,558.60","-29,046.91","1,019,752.49","78,046.60","54,294.93",0.00,"54,294.93","1,259,699.53","1,259,699.53","1,074,047.42","183,793.93","80,869.28",0.00,0.00,0.00,0.00,0.00,0.00,0.00,0.00,0.00,0.00,0.00,0.00,0.00,0.00,0.00,0.00,0.00,0.00,0.00,0.00,0.00,0.00,0.00,0.00,0.00,0.00,0.00,0.00,0.00,0.00,0.00,0.00,0.00,0.00,0.00,0.00,0.00,0.00,0.00,0.00,0.00,0.00,0.00,0.00,0.00,0.00,0.00,0.00,0.00,0.00,0.00,0.00,0.00,0.00,"165,414.72",0.00,0.00,0.00,0.00,0.00,"53,642.00",0.00,0.00,30.00,22.00,0.00,0.00,0.00,0.00,0.00,0.00,0.00,0.00,"36,758.79",0.00,0.00,0.00,0.00,0.00,0.00,0.00,0.00,0.00,0.00,"5,332.88",0.00,0.00,"5,478.53",0.00,0.00,0.00,0.00,0.00,"6,026.38",0.00,0.00,0.00,0.00,0.00,0.00,"36,758.79",0.00,0.00,0.00,0.00,0.00,0.00,0.00,0.00,"6,000.00",0.00,0.00,900.00,0.00,0.00,"30,131.91","12,326.69",0.00,0.00,0.00,0.00,0.00,0.00,0.00,0.00,"36,100.00",0.00,0.00,0.00,0.00,0.00,0.00,0.00,0.00,0.00,0.00,0.00,0.00,"29,455.31",0.00,"12,326.69","36,264.60",0.00,"10,642.00",0.00,0.00,0.00,0.00,0.00,0.00,0.00,0.00,0.00,0.00,0.00,0.00,0.00,0.00,"91,896.96",0.00,"96,677.42",NIVEL d                ,0.00,0.00,0.00,0.00,0.00,0.00,0.00,0.00,1,Permanente Titular,SESOP                                                                                                                                                 ,ADMINISTRATIVO - NIVEL d,No Asistenciales,01/05/2026,01/05/2026,1,30/04/1979,01/11/2023,DANYU 1/1 23,NULL,NULL,NULL,NULL,27364494,29,PERSONAL PLANTA SESOP,F     ,01/11/2023,13/11/2023,BACHILLER,SECUNDARIO                    ,Secundario                    ,1307791,DE    ,A26,0.00,0.00,0.00,0.00,0.00,0.00,0.00,0.00,0.00,0.00,0.00,0.00,0.00,0.00,0.00,0.00,0.00,0.00,0.00,0.00,0.00,0.00,0.00,0.00,0.00,0.00,0.00,0.00,0.00,0.00,0.00,0.00,0.00,0.00,0.00,0.00,0.00,0.00,0.00,0.00,0.00,0.00,0.00,0.00,"7,351.76",0.00,0.00,"183,793.93",0.00,"22,202.96",0.00,0.00,0.00,0.00,"111,272.70",SinDatos,0.00,RECIBO OK,0.00,0.00,0.00,0.00,0.00,0.00,0.00,0.00,0.00,0.00,0.00,0.00,0.00,0.00,0.00,0.00,0.00,0.00,0.00,0.00,0.00,0.00,0.00,0.00,0.00,0.00,0.00,0.00,0.00,0.00,0.00,0.00,0.00,0.00,0.00,0.00,0.00,0.00,0.00,0.00,0.00,0.00,0.00,0.00,0.00,0.00,0.00,0.00,0.00,0.00,"169,488.23",0.00,0.00,0.00,0.00,0.00,0.00,0.00,0.00,0.00,0.00,0.00,0.00,0.00,0.00,0.00,0.00,0.00,0.00,0.00,0.00,0.00,0.00,0.00,0.00,0.00,0.00,0.00,0.00,0.00,0.00,0.00,0.00,0.00,0.00,0.00,0.00
NIVEL a3.                                          ,ARTUR DE LA VILLARMOIS RICARDO ERNESTO,20172201777,17220177,"2,604,792.45","246,669.42",0.00,"2,851,461.87","-475,942.83","-17,542.00","2,357,977.04","483,667.86",0.00,0.00,0.00,"3,335,129.73","3,335,129.73","2,357,977.04","395,255.76","160,007.40",0.00,0.00,0.00,0.00,0.00,0.00,0.00,0.00,0.00,0.00,0.00,0.00,0.00,0.00,0.00,0.00,0.00,0.00,0.00,0.00,0.00,0.00,0.00,0.00,0.00,0.00,0.00,0.00,0.00,0.00,0.00,0.00,0.00,0.00,0.00,0.00,0.00,0.00,0.00,0.00,0.00,0.00,0.00,0.00,0.00,0.00,0.00,0.00,0.00,0.00,0.00,0.00,"160,007.35",GRADO  IV            ,0.00,0.00,0.00,0.00,0.00,0.00,"89,742.00",0.00,0.00,30.00,20.00,0.00,0.00,0.00,0.00,0.00,0.00,0.00,0.00,0.00,0.00,0.00,"200,009.19",0.00,0.00,0.00,0.00,0.00,"16,023.88",0.00,0.00,"10,472.12",0.00,0.00,0.00,0.00,0.00,0.00,0.00,0.00,0.00,0.00,0.00,0.00,0.00,"8,112.06","80,003.67",0.00,0.00,0.00,0.00,0.00,0.00,0.00,0.00,"6,000.00",0.00,0.00,900.00,0.00,0.00,"286,527.17","117,215.66",0.00,0.00,0.00,0.00,0.00,0.00,0.00,0.00,"72,200.00",0.00,0.00,0.00,0.00,0.00,0.00,0.00,0.00,0.00,0.00,0.00,0.00,"280,093.33",0.00,"117,215.66","86,358.87",0.00,"10,642.00",0.00,0.00,0.00,"48,002.20","10,169.29",0.00,0.00,0.00,0.00,0.00,0.00,0.00,0.00,0.00,0.00,0.00,0.00,0.00,"138,873.64","NIVEL a3,            ","212,387.34",0.00,0.00,0.00,0.00,0.00,1,Permanente Titular,SESOP                                                                                                                                                 ,MEDICO - Niv A3                              ,Asistenciales                                               ,01/05/2026,01/05/2026,34,09/10/1964,01/11/2023,DANYU 1/1 23,NULL,NULL,NULL,NULL,17220177,37,PERSONAL PLANTA SESOP,M     ,01/11/2023,08/08/2006,MEDICO,MEDICINA                      ,Universitario 5 años          ,1307791,DE    ,A26,0.00,0.00,0.00,0.00,0.00,0.00,0.00,0.00,0.00,0.00,0.00,0.00,0.00,0.00,0.00,0.00,0.00,0.00,0.00,0.00,0.00,0.00,0.00,0.00,0.00,0.00,0.00,0.00,0.00,0.00,0.00,0.00,0.00,0.00,0.00,0.00,0.00,0.00,0.00,0.00,0.00,0.00,0.00,0.00,"16,000.73",0.00,"4,762.61",0.00,"400,018.37",0.00,"47,456.70",0.00,0.00,0.00,0.00,SinDatos,0.00,RECIBO OK,0.00,0.00,0.00,0.00,0.00,0.00,0.00,0.00,0.00,0.00,0.00,0.00,0.00,0.00,0.00,0.00,0.00,0.00,0.00,0.00,0.00,0.00,0.00,0.00,0.00,0.00,0.00,0.00,0.00,0.00,0.00,0.00,0.00,0.00,0.00,0.00,0.00,0.00,0.00,0.00,0.00,0.00,0.00,0.00,0.00,"160,007.35",0.00,0.00,0.00,0.00,0.00,"169,488.23",0.00,0.00,0.00,0.00,0.00,0.00,0.00,0.00,0.00,0.00,0.00,0.00,0.00,0.00,0.00,0.00,0.00,0.00,0.00,0.00,"402,437.02","200,009.18",0.00,0.00,0.00,0.00,0.00,0.00,0.00,0.00,0.00,0.00,0.00,0.00,0.00
NIVEL a3.                                          ,AVELLANEDA ALBERTO RAMON ABEL,20208987616,20898761,"2,958,340.97","351,719.76","83,200.00","3,393,260.73","-514,381.10","-76,708.82","2,802,170.81","534,990.82",0.00,0.00,0.00,"3,928,251.55","3,928,251.55","2,802,170.81","395,255.76","192,008.88",0.00,0.00,0.00,0.00,0.00,0.00,0.00,0.00,0.00,0.00,0.00,0.00,0.00,0.00,0.00,0.00,0.00,0.00,0.00,0.00,0.00,0.00,0.00,0.00,0.00,0.00,0.00,0.00,0.00,0.00,"363,594.43",0.00,0.00,0.00,0.00,0.00,0.00,0.00,0.00,0.00,0.00,0.00,0.00,0.00,0.00,0.00,0.00,0.00,0.00,0.00,0.00,0.00,"200,009.18",GRADO  V              ,0.00,0.00,0.00,0.00,0.00,0.00,"89,742.00",0.00,0.00,30.00,24.00,0.00,0.00,0.00,0.00,0.00,0.00,0.00,0.00,0.00,0.00,0.00,"200,009.19",0.00,0.00,0.00,0.00,0.00,"16,023.88",0.00,0.00,"10,472.12",0.00,"59,166.82",0.00,0.00,0.00,0.00,0.00,0.00,0.00,0.00,0.00,0.00,0.00,"8,112.06","80,003.67",0.00,0.00,0.00,0.00,0.00,0.00,0.00,0.00,"6,000.00",0.00,0.00,900.00,0.00,0.00,"325,417.51","116,763.59",0.00,0.00,0.00,0.00,0.00,0.00,0.00,0.00,"72,200.00",0.00,0.00,0.00,0.00,0.00,0.00,0.00,0.00,0.00,0.00,0.00,0.00,"318,110.40",0.00,"116,763.59","100,116.83",0.00,"10,642.00",0.00,0.00,0.00,"48,002.20","10,169.29",0.00,0.00,0.00,0.00,0.00,0.00,0.00,0.00,0.00,0.00,0.00,0.00,0.00,"138,873.64","NIVEL a3,            ","252,065.67",0.00,0.00,0.00,0.00,0.00,1,Permanente Titular,SESOP                                                                                                                                                 ,MEDICO - Niv A3                              ,Asistenciales                                               ,01/05/2026,01/05/2026,2,28/07/1969,01/11/2023,DANYU 1/1 23,NULL,NULL,NULL,NULL,20898761,34,PERSONAL PLANTA SESOP,M     ,01/11/2023,15/12/2010,MEDICO,MEDICINA                      ,Universitario 5 años          ,1307791,DE    ,A26,0.00,0.00,0.00,0.00,0.00,0.00,0.00,0.00,0.00,0.00,0.00,0.00,0.00,0.00,0.00,0.00,0.00,0.00,0.00,0.00,0.00,0.00,0.00,0.00,0.00,0.00,0.00,0.00,0.00,0.00,0.00,0.00,0.00,0.00,0.00,0.00,0.00,0.00,0.00,0.00,0.00,0.00,0.00,0.00,"20,000.92",0.00,"4,762.61",0.00,"400,018.37",0.00,"47,456.70",0.00,0.00,0.00,0.00,SinDatos,0.00,RECIBO OK,0.00,0.00,0.00,0.00,0.00,0.00,0.00,0.00,0.00,0.00,0.00,0.00,0.00,0.00,0.00,0.00,0.00,0.00,0.00,0.00,0.00,0.00,0.00,0.00,0.00,0.00,0.00,0.00,0.00,0.00,0.00,0.00,0.00,0.00,0.00,0.00,0.00,0.00,0.00,0.00,0.00,0.00,0.00,0.00,"80,003.67",0.00,0.00,0.00,0.00,0.00,0.00,"169,488.23",0.00,0.00,0.00,0.00,0.00,0.00,0.00,0.00,0.00,0.00,0.00,0.00,0.00,0.00,0.00,0.00,0.00,0.00,0.00,0.00,"412,349.26","200,009.18",0.00,0.00,0.00,0.00,0.00,0.00,0.00,0.00,0.00,0.00,0.00,0.00,0.00
NIVEL a3.                                          ,BARRAU PABLO                ,20164462081,16446208,"2,366,511.10","222,144.71",0.00,"2,588,655.81","-439,009.22","-17,542.00","2,132,104.59","439,438.62",0.00,0.00,0.00,"3,028,094.43","3,028,094.43","2,132,104.59","395,255.76","96,004.44",0.00,0.00,0.00,0.00,0.00,0.00,0.00,0.00,0.00,0.00,0.00,0.00,0.00,0.00,0.00,0.00,0.00,0.00,0.00,0.00,0.00,0.00,0.00,0.00,0.00,0.00,0.00,0.00,0.00,0.00,0.00,0.00,0.00,0.00,0.00,0.00,0.00,0.00,0.00,0.00,0.00,0.00,0.00,0.00,0.00,0.00,0.00,0.00,0.00,0.00,0.00,0.00,"120,005.51",GRADO  III          ,0.00,0.00,0.00,0.00,0.00,0.00,"89,742.00",0.00,0.00,30.00,12.00,0.00,0.00,0.00,0.00,0.00,0.00,0.00,0.00,0.00,0.00,0.00,"200,009.19",0.00,0.00,0.00,0.00,0.00,"16,023.88",0.00,0.00,"10,472.12",0.00,0.00,0.00,0.00,0.00,0.00,0.00,0.00,0.00,0.00,0.00,0.00,0.00,0.00,"80,003.67",0.00,0.00,0.00,0.00,0.00,0.00,0.00,0.00,"6,000.00",0.00,0.00,900.00,0.00,0.00,"260,316.22","106,493.00",0.00,0.00,0.00,0.00,0.00,0.00,0.00,0.00,"72,200.00",0.00,0.00,0.00,0.00,0.00,0.00,0.00,0.00,0.00,0.00,0.00,0.00,"254,470.94",0.00,"106,493.00","78,474.68",0.00,"10,642.00",0.00,0.00,0.00,"48,002.20","10,169.29",0.00,0.00,0.00,0.00,0.00,0.00,0.00,0.00,0.00,0.00,0.00,0.00,0.00,"138,873.64","NIVEL a3,            ","203,975.05",0.00,0.00,0.00,0.00,0.00,1,Permanente Titular,SESOP                                                                                                                                                 ,MEDICO - Niv A3                              ,Asistenciales                                               ,01/05/2026,01/05/2026,1,08/08/1963,01/11/2023,DANYU 1/1 23,NULL,NULL,NULL,NULL,164462081,24,PERSONAL PLANTA SESOP,M     ,01/11/2023,13/11/2023,MEDICO,MEDICINA                      ,Universitario 5 años          ,1307791,DE    ,A26,0.00,0.00,0.00,0.00,0.00,0.00,0.00,0.00,0.00,0.00,0.00,0.00,0.00,0.00,0.00,0.00,0.00,0.00,0.00,0.00,0.00,0.00,0.00,0.00,0.00,0.00,0.00,0.00,0.00,0.00,0.00,0.00,0.00,0.00,0.00,0.00,0.00,0.00,0.00,0.00,0.00,0.00,0.00,0.00,"8,000.37",0.00,"4,762.61",0.00,"400,018.37",0.00,"47,456.70",0.00,0.00,0.00,0.00,SinDatos,0.00,RECIBO OK,0.00,0.00,0.00,0.00,0.00,0.00,0.00,0.00,0.00,0.00,0.00,0.00,0.00,0.00,0.00,0.00,0.00,0.00,0.00,0.00,0.00,0.00,0.00,0.00,0.00,0.00,0.00,0.00,0.00,0.00,0.00,0.00,0.00,0.00,0.00,0.00,0.00,0.00,0.00,0.00,0.00,0.00,0.00,0.00,"80,003.67",0.00,0.00,0.00,0.00,0.00,0.00,"169,488.23",0.00,0.00,0.00,0.00,0.00,0.00,0.00,0.00,0.00,0.00,0.00,0.00,0.00,0.00,0.00,0.00,0.00,0.00,0.00,0.00,"311,244.40","200,009.18",0.00,0.00,0.00,0.00,0.00,0.00,0.00,0.00,0.00,0.00,0.00,0.00,0.00
NIVEL a3.                                          ,BERTOLLI SAVINO          ,23935913519,93591351,"5,908,739.59","519,680.73","5,600.00","6,434,020.32","-700,354.61","-584,919.26","5,148,746.45","1,000,602.29",0.00,0.00,0.00,"7,434,622.61","7,434,622.61","5,148,746.45","395,255.76","240,011.10","400,018.37",100.00,0.00,0.00,0.00,0.00,"1,515,761.11",0.00,0.00,0.00,0.00,0.00,0.00,0.00,0.00,0.00,0.00,0.00,0.00,0.00,0.00,0.00,0.00,0.00,0.00,0.00,0.00,0.00,0.00,0.00,0.00,0.00,0.00,0.00,0.00,0.00,0.00,0.00,0.00,0.00,0.00,0.00,0.00,0.00,0.00,0.00,0.00,0.00,0.00,0.00,0.00,0.00,"280,012.86",GRADO  VII          ,0.00,0.00,0.00,0.00,0.00,"567,377.26","89,742.00",0.00,0.00,30.00,30.00,0.00,0.00,0.00,0.00,0.00,0.00,0.00,0.00,0.00,0.00,0.00,"200,009.19",0.00,0.00,0.00,0.00,0.00,0.00,0.00,0.00,"10,472.12",0.00,0.00,0.00,0.00,0.00,0.00,0.00,0.00,0.00,0.00,0.00,0.00,0.00,"8,112.06","80,003.67",0.00,0.00,0.00,0.00,0.00,0.00,0.00,0.00,"6,000.00",0.00,0.00,900.00,0.00,0.00,"473,398.09","154,756.52",0.00,0.00,0.00,0.00,0.00,0.00,0.00,0.00,"72,200.00",0.00,0.00,0.00,0.00,0.00,0.00,0.00,0.00,0.00,0.00,0.00,0.00,"635,366.77",0.00,"171,567.90","193,667.62",0.00,"10,642.00",0.00,0.00,0.00,"48,002.20","10,169.29",0.00,0.00,0.00,0.00,0.00,0.00,0.00,0.00,0.00,0.00,0.00,0.00,0.00,"138,873.64","NIVEL a3,            ","473,398.09",0.00,0.00,0.00,0.00,0.00,1,Permanente Titular,SESOP                                                                                                                                                 ,DIRECTOR-Niv A3,Asistenciales                                               ,01/05/2026,01/05/2026,1,23/01/1964,01/11/2023,DANYU 1/1 23,NULL,NULL,NULL,NULL,93591351,39,PERSONAL PLANTA SESOP,M     ,01/11/2023,13/11/2023,MEDICO,MEDICINA                      ,Universitario 5 años          ,1307791,DE    ,A26,0.00,0.00,0.00,0.00,0.00,0.00,0.00,0.00,0.00,0.00,0.00,0.00,0.00,0.00,0.00,0.00,0.00,0.00,0.00,0.00,0.00,0.00,0.00,0.00,0.00,0.00,0.00,0.00,0.00,0.00,0.00,0.00,0.00,0.00,0.00,0.00,0.00,0.00,0.00,0.00,0.00,0.00,0.00,0.00,"28,001.29",0.00,"4,762.61",0.00,"400,018.37",0.00,"47,456.70",0.00,0.00,0.00,0.00,SinDatos,0.00,RECIBO OK,0.00,0.00,0.00,0.00,0.00,0.00,0.00,0.00,0.00,0.00,0.00,0.00,0.00,0.00,0.00,0.00,0.00,0.00,0.00,0.00,0.00,0.00,0.00,0.00,0.00,0.00,0.00,0.00,0.00,0.00,0.00,0.00,0.00,0.00,0.00,0.00,0.00,0.00,0.00,0.00,0.00,0.00,0.00,0.00,0.00,"320,014.69",0.00,0.00,0.00,0.00,0.00,"169,488.23",0.00,0.00,0.00,0.00,0.00,"373,586.10",0.00,0.00,0.00,0.00,0.00,0.00,0.00,0.00,0.00,0.00,0.00,0.00,0.00,0.00,"420,279.05","200,009.18","580,358.57",0.00,0.00,0.00,0.00,0.00,0.00,0.00,0.00,0.00,0.00,0.00,0.00
NIVEL d                                                     ,CARRASCO ALBO DIEGO JAVIER,20242005032,24200503,"330,498.21","527,350.20",0.00,"857,848.41","-105,427.22","-24,151.96","728,269.23","50,410.89","65,508.02",0.00,"65,508.02","973,767.32","973,767.32","793,777.25","183,793.93","77,193.41",0.00,0.00,0.00,0.00,0.00,0.00,0.00,0.00,0.00,0.00,0.00,0.00,0.00,0.00,0.00,0.00,0.00,0.00,0.00,0.00,0.00,0.00,0.00,0.00,0.00,0.00,0.00,0.00,0.00,0.00,0.00,0.00,0.00,0.00,0.00,0.00,0.00,0.00,0.00,0.00,0.00,0.00,0.00,0.00,0.00,0.00,0.00,0.00,0.00,0.00,0.00,0.00,"73,517.57",GRADO  IV            ,"165,414.72",0.00,0.00,0.00,0.00,0.00,"71,742.00",0.00,0.00,30.00,21.00,0.00,0.00,0.00,0.00,0.00,0.00,0.00,0.00,"36,758.79",0.00,0.00,0.00,0.00,0.00,0.00,0.00,0.00,0.00,0.00,"5,332.88",0.00,0.00,"6,609.96",0.00,0.00,0.00,0.00,0.00,0.00,0.00,0.00,0.00,0.00,0.00,0.00,"36,758.79",0.00,0.00,0.00,0.00,0.00,"-341,449.53",0.00,0.00,"6,000.00",0.00,0.00,900.00,0.00,0.00,"36,354.80","14,872.42",0.00,0.00,0.00,0.00,0.00,0.00,0.00,0.00,"54,200.00",0.00,0.00,0.00,0.00,0.00,0.00,0.00,0.00,0.00,0.00,0.00,0.00,"35,538.47",0.00,"14,872.42",0.00,0.00,"10,642.00",0.00,0.00,0.00,0.00,0.00,0.00,0.00,0.00,0.00,0.00,0.00,0.00,0.00,0.00,"91,896.96",0.00,"96,677.42",NIVEL d                ,0.00,0.00,0.00,0.00,0.00,0.00,0.00,0.00,20,RetVol2024-Permanente Titular,SESOP                                                                                                                                                 ,ADMINISTRATIVO - NIVEL d,No Asistenciales,01/05/2026,01/05/2026,2,14/10/1974,01/12/2024,2159/SEAC-2024,2159/SEAC-20/11/2024                                                                                                                                                                                    ,NULL,NULL,NULL,24200503,43,PERSONAL PLANTA SESOP,M     ,01/12/2024,13/11/2023,BACHILLER,SECUNDARIO                    ,Secundario                    ,1307791,DE    ,A26,0.00,0.00,0.00,0.00,0.00,0.00,0.00,0.00,0.00,0.00,0.00,0.00,0.00,0.00,0.00,0.00,0.00,0.00,0.00,0.00,0.00,0.00,0.00,0.00,0.00,0.00,0.00,0.00,0.00,0.00,0.00,0.00,0.00,0.00,0.00,0.00,0.00,0.00,0.00,0.00,0.00,0.00,0.00,0.00,"7,351.76",0.00,0.00,"183,793.93",0.00,"22,202.96",0.00,0.00,0.00,0.00,"111,272.70",SinDatos,0.00,RECIBO OK,0.00,0.00,0.00,0.00,0.00,0.00,0.00,0.00,0.00,0.00,0.00,0.00,0.00,0.00,0.00,0.00,0.00,0.00,0.00,0.00,0.00,0.00,0.00,0.00,0.00,0.00,0.00,0.00,0.00,0.00,0.00,0.00,0.00,0.00,0.00,0.00,0.00,0.00,0.00,0.00,0.00,0.00,0.00,0.00,0.00,0.00,0.00,0.00,0.00,0.00,"169,488.23",0.00,0.00,0.00,0.00,0.00,0.00,0.00,0.00,0.00,0.00,0.00,0.00,0.00,0.00,0.00,0.00,0.00,0.00,0.00,0.00,0.00,0.00,0.00,0.00,0.00,0.00,0.00,0.00,0.00,0.00,0.00,0.00,0.00,0.00,0.00,0.00
NIVEL a1.                                          ,CASTELLO AZUCENA ISADORA,27254059418,25405941,"773,617.83","1,244,421.00","41,600.00","2,059,638.83","-174,110.76","-17,542.00","1,867,986.07","183,956.27","153,338.69",0.00,"153,338.69","2,396,933.79","2,396,933.79","2,021,324.76","373,890.58","143,888.17",0.00,0.00,0.00,0.00,0.00,0.00,0.00,0.00,0.00,0.00,0.00,0.00,0.00,0.00,0.00,0.00,0.00,0.00,0.00,0.00,0.00,0.00,0.00,0.00,0.00,0.00,0.00,0.00,0.00,0.00,0.00,0.00,0.00,0.00,0.00,0.00,0.00,0.00,0.00,0.00,0.00,0.00,0.00,0.00,0.00,0.00,0.00,0.00,0.00,0.00,0.00,0.00,"151,461.27",GRADO  IV            ,0.00,0.00,0.00,0.00,0.00,0.00,"71,742.00",0.00,0.00,30.00,19.00,0.00,0.00,0.00,0.00,0.00,0.00,0.00,0.00,0.00,0.00,0.00,"189,326.59",0.00,0.00,0.00,0.00,0.00,"16,023.88",0.00,"8,298.63",0.00,0.00,0.00,0.00,0.00,0.00,0.00,0.00,0.00,0.00,0.00,0.00,0.00,0.00,0.00,"75,730.64",0.00,0.00,0.00,0.00,0.00,0.00,0.00,0.00,"6,000.00",0.00,0.00,900.00,0.00,0.00,"85,097.96","34,812.80",0.00,0.00,0.00,0.00,0.00,0.00,0.00,0.00,"54,200.00",0.00,0.00,0.00,0.00,0.00,0.00,0.00,0.00,0.00,0.00,0.00,0.00,"83,187.13",0.00,"34,812.80","65,956.34",0.00,"10,642.00",0.00,0.00,0.00,0.00,"10,169.29",0.00,0.00,0.00,0.00,0.00,0.00,0.00,0.00,0.00,"189,326.60",0.00,"100,950.46","NIVEL a1,            ",0.00,0.00,0.00,0.00,0.00,0.00,0.00,0.00,1,Permanente Titular,SESOP                                                                                                                                                 ,PSICOLOGO ASISTENTE-Niv A1,Asistenciales                                               ,01/05/2026,01/05/2026,1,03/06/1976,01/11/2023,DANYU 1/1 23,NULL,NULL,NULL,NULL,25405941,30,PERSONAL PLANTA SESOP,F     ,01/11/2023,13/11/2023,PSICOLOGO,SOCIAL                        ,Universitario 5 años          ,1307791,DE    ,A26,0.00,0.00,0.00,0.00,0.00,0.00,0.00,0.00,0.00,0.00,0.00,0.00,0.00,0.00,0.00,0.00,0.00,0.00,0.00,0.00,0.00,0.00,0.00,0.00,0.00,0.00,0.00,0.00,0.00,0.00,0.00,0.00,0.00,0.00,0.00,0.00,0.00,0.00,0.00,0.00,0.00,0.00,0.00,0.00,"11,359.60",0.00,"4,762.61","378,653.19",0.00,"43,388.98",0.00,0.00,0.00,0.00,0.00,SinDatos,0.00,RECIBO OK,0.00,0.00,0.00,0.00,0.00,0.00,0.00,0.00,0.00,0.00,0.00,0.00,0.00,0.00,0.00,0.00,0.00,0.00,0.00,0.00,0.00,0.00,0.00,0.00,0.00,0.00,0.00,0.00,0.00,0.00,0.00,0.00,0.00,0.00,0.00,0.00,0.00,0.00,0.00,0.00,0.00,0.00,0.00,0.00,0.00,0.00,0.00,0.00,0.00,0.00,"169,488.23",0.00,0.00,0.00,0.00,0.00,0.00,0.00,0.00,0.00,0.00,0.00,0.00,0.00,0.00,0.00,0.00,0.00,0.00,0.00,0.00,0.00,0.00,0.00,0.00,0.00,0.00,0.00,0.00,0.00,0.00,0.00,0.00,0.00,0.00,0.00,0.00
NIVEL a3.                                          ,CORTEZ ROMERO JOSE DARIO,23217998069,21799806,"2,844,423.95","362,147.23","5,600.00","3,212,171.18","-496,723.96","-38,662.00","2,676,785.22","514,510.38",0.00,0.00,0.00,"3,726,681.56","3,726,681.56","2,676,785.22","395,255.76","168,007.77",0.00,0.00,0.00,0.00,0.00,0.00,0.00,0.00,0.00,0.00,0.00,0.00,0.00,0.00,0.00,0.00,0.00,0.00,0.00,0.00,0.00,0.00,0.00,0.00,0.00,0.00,0.00,0.00,0.00,0.00,"363,594.43",0.00,0.00,0.00,0.00,0.00,0.00,0.00,0.00,0.00,0.00,0.00,0.00,0.00,0.00,0.00,0.00,0.00,0.00,0.00,0.00,0.00,"200,009.18",GRADO  V              ,0.00,0.00,0.00,0.00,0.00,0.00,"89,742.00",0.00,0.00,30.00,21.00,0.00,0.00,0.00,0.00,0.00,0.00,0.00,0.00,0.00,0.00,0.00,"200,009.19",0.00,0.00,0.00,0.00,0.00,"16,023.88",0.00,0.00,"10,472.12",0.00,0.00,0.00,0.00,0.00,0.00,0.00,0.00,"21,120.00",0.00,0.00,0.00,0.00,"8,112.06","80,003.67",0.00,0.00,0.00,0.00,0.00,0.00,0.00,0.00,"6,000.00",0.00,0.00,900.00,0.00,0.00,"312,886.63","111,637.33",0.00,0.00,0.00,0.00,0.00,0.00,0.00,0.00,"72,200.00",0.00,0.00,0.00,0.00,0.00,0.00,0.00,0.00,0.00,0.00,0.00,0.00,"305,860.90",0.00,"111,637.33","97,012.15",0.00,"10,642.00",0.00,0.00,0.00,"48,002.20","10,169.29",0.00,0.00,0.00,0.00,0.00,0.00,0.00,0.00,0.00,0.00,0.00,0.00,0.00,"138,873.64","NIVEL a3,            ","250,529.27",0.00,0.00,0.00,0.00,0.00,1,Permanente Titular,SESOP                                                                                                                                                 ,MEDICO - Niv A3                              ,Asistenciales                                               ,01/05/2026,01/05/2026,7,03/02/1971,01/11/2023,DANYU 1/1 23,NULL,NULL,NULL,NULL,21799806,2,PERSONAL PLANTA SESOP,M     ,01/11/2023,05/02/2015,MEDICO,MEDICINA                      ,Universitario 5 años          ,1307791,DE    ,A26,0.00,0.00,0.00,0.00,0.00,0.00,0.00,0.00,0.00,0.00,0.00,0.00,0.00,0.00,0.00,0.00,0.00,0.00,0.00,0.00,0.00,0.00,0.00,0.00,0.00,0.00,0.00,0.00,0.00,0.00,0.00,0.00,0.00,0.00,0.00,0.00,0.00,0.00,0.00,0.00,0.00,0.00,0.00,0.00,"16,000.73",0.00,"4,762.61",0.00,"400,018.37",0.00,"47,456.70",0.00,0.00,0.00,0.00,SinDatos,0.00,RECIBO OK,0.00,0.00,0.00,0.00,0.00,0.00,0.00,0.00,0.00,0.00,0.00,0.00,0.00,0.00,0.00,0.00,0.00,0.00,0.00,0.00,0.00,0.00,0.00,0.00,0.00,0.00,0.00,0.00,0.00,0.00,0.00,0.00,0.00,0.00,0.00,0.00,0.00,0.00,0.00,0.00,0.00,0.00,0.00,0.00,0.00,0.00,0.00,0.00,0.00,0.00,0.00,"169,488.23",0.00,0.00,0.00,0.00,0.00,0.00,0.00,0.00,0.00,0.00,0.00,0.00,0.00,0.00,0.00,0.00,0.00,0.00,0.00,0.00,"402,437.02","200,009.18",0.00,0.00,0.00,0.00,0.00,0.00,0.00,0.00,0.00,0.00,0.00,0.00,0.00
NIVEL a3.                                          ,CHIARELLO NORA MARIELA,27176963684,17696368,"3,680,963.63","335,763.18",0.00,"4,016,726.81","-604,490.08","-160,648.16","3,251,588.57","652,080.03",0.00,0.00,0.00,"4,668,806.84","4,668,806.84","3,251,588.57","395,255.76","208,009.62","180,008.26",45.00,0.00,0.00,0.00,0.00,"682,092.50",0.00,0.00,0.00,0.00,0.00,0.00,0.00,0.00,0.00,0.00,0.00,0.00,0.00,0.00,0.00,0.00,0.00,0.00,0.00,0.00,0.00,0.00,0.00,0.00,0.00,0.00,0.00,0.00,0.00,0.00,0.00,0.00,0.00,0.00,0.00,0.00,0.00,0.00,0.00,0.00,0.00,0.00,0.00,0.00,0.00,"240,011.02",GRADO  VI            ,0.00,0.00,0.00,0.00,0.00,"143,106.16","89,742.00",0.00,0.00,30.00,26.00,0.00,0.00,0.00,0.00,0.00,0.00,0.00,0.00,0.00,0.00,0.00,"200,009.19",0.00,0.00,0.00,0.00,0.00,"16,023.88",0.00,0.00,"10,472.12",0.00,0.00,0.00,0.00,0.00,0.00,0.00,0.00,0.00,0.00,0.00,0.00,0.00,0.00,"80,003.67",0.00,0.00,0.00,0.00,0.00,0.00,0.00,0.00,"6,000.00",0.00,0.00,900.00,0.00,0.00,"404,906.00","127,384.08",0.00,0.00,0.00,0.00,0.00,0.00,0.00,0.00,"72,200.00",0.00,0.00,0.00,0.00,0.00,0.00,0.00,0.00,0.00,0.00,0.00,0.00,"395,814.02",0.00,"134,949.20","121,316.81",0.00,"10,642.00",0.00,0.00,0.00,"48,002.20","10,169.29",0.00,0.00,0.00,0.00,0.00,0.00,0.00,0.00,0.00,0.00,0.00,0.00,0.00,"138,873.64","NIVEL a3,            ","305,592.97",0.00,0.00,0.00,0.00,0.00,1,Permanente Titular,SESOP                                                                                                                                                 ,JEFE SUPERVISOR MEDICO CAPITAL-Niv A3,Asistenciales                                               ,01/05/2026,01/05/2026,2,12/02/1966,01/08/2024,855/SPS/2024,NULL,NULL,NULL,NULL,17696368,23,PERSONAL PLANTA SESOP,F     ,01/08/2024,13/11/2023,MEDICO,MEDICINA                      ,Universitario 5 años          ,1307791,DE    ,A26,0.00,0.00,0.00,0.00,0.00,0.00,0.00,0.00,0.00,0.00,0.00,0.00,0.00,0.00,0.00,0.00,0.00,0.00,0.00,0.00,0.00,0.00,0.00,0.00,0.00,0.00,0.00,0.00,0.00,0.00,0.00,0.00,0.00,0.00,0.00,0.00,0.00,0.00,0.00,0.00,0.00,0.00,0.00,0.00,"20,000.92",0.00,"4,762.61",0.00,"400,018.37",0.00,"47,456.70",0.00,0.00,0.00,0.00,SinDatos,0.00,RECIBO OK,0.00,0.00,0.00,0.00,0.00,0.00,0.00,0.00,0.00,0.00,0.00,0.00,0.00,0.00,0.00,0.00,0.00,0.00,0.00,0.00,0.00,0.00,0.00,0.00,0.00,0.00,0.00,0.00,0.00,0.00,0.00,0.00,0.00,0.00,0.00,0.00,0.00,0.00,0.00,0.00,0.00,0.00,0.00,0.00,"80,003.67",0.00,0.00,0.00,0.00,0.00,0.00,"169,488.23",0.00,0.00,0.00,0.00,0.00,"168,113.75",0.00,0.00,0.00,0.00,0.00,0.00,0.00,0.00,0.00,0.00,0.00,0.00,0.00,0.00,"412,349.26","200,009.18",0.00,0.00,0.00,0.00,0.00,0.00,0.00,0.00,0.00,0.00,0.00,0.00,0.00
NIVEL a3.                                          ,DIAZ KURAN CARLOS FABIAN,20213398890,21339889,"2,517,266.76","232,826.52",0.00,"2,750,093.28","-462,376.34","-38,662.00","2,249,054.94","467,276.51",0.00,0.00,0.00,"3,217,369.79","3,217,369.79","2,249,054.94","395,255.76","152,007.03",0.00,0.00,0.00,0.00,0.00,0.00,0.00,0.00,0.00,0.00,0.00,0.00,0.00,0.00,0.00,0.00,0.00,0.00,0.00,0.00,0.00,0.00,0.00,0.00,0.00,0.00,0.00,0.00,0.00,0.00,0.00,0.00,0.00,0.00,0.00,0.00,0.00,0.00,0.00,0.00,0.00,0.00,0.00,0.00,0.00,0.00,0.00,0.00,0.00,0.00,0.00,0.00,"160,007.35",GRADO  IV            ,0.00,0.00,0.00,0.00,0.00,0.00,"89,742.00",0.00,0.00,30.00,19.00,0.00,0.00,0.00,0.00,0.00,0.00,0.00,0.00,0.00,0.00,0.00,"200,009.19",0.00,0.00,0.00,0.00,0.00,0.00,0.00,0.00,"10,472.12",0.00,0.00,0.00,0.00,0.00,0.00,0.00,0.00,"21,120.00",0.00,0.00,0.00,0.00,"8,112.06","80,003.67",0.00,0.00,0.00,0.00,0.00,0.00,0.00,0.00,"6,000.00",0.00,0.00,900.00,0.00,0.00,"276,899.34","113,277.00",0.00,0.00,0.00,0.00,0.00,0.00,0.00,0.00,"72,200.00",0.00,0.00,0.00,0.00,0.00,0.00,0.00,0.00,0.00,0.00,0.00,0.00,"270,681.70",0.00,"113,277.00","83,317.81",0.00,"10,642.00",0.00,0.00,0.00,"48,002.20","10,169.29",0.00,0.00,0.00,0.00,0.00,0.00,0.00,0.00,0.00,0.00,0.00,0.00,0.00,"138,873.64","NIVEL a3,            ","202,544.62",0.00,0.00,0.00,0.00,0.00,1,Permanente Titular,SESOP                                                                                                                                                 ,MEDICO - Niv A3                              ,Asistenciales                                               ,01/05/2026,01/05/2026,5,26/07/1970,01/11/2023,DANYU 1/1 23,NULL,NULL,NULL,NULL,21339889,27,PERSONAL PLANTA SESOP,M     ,01/11/2023,01/03/2008,SIN DATOS                                                                                           ,SIN DATOS                     ,Ninguno                       ,1307791,DE    ,A26,0.00,0.00,0.00,0.00,0.00,0.00,0.00,0.00,0.00,0.00,0.00,0.00,0.00,0.00,0.00,0.00,0.00,0.00,0.00,0.00,0.00,0.00,0.00,0.00,0.00,0.00,0.00,0.00,0.00,0.00,0.00,0.00,0.00,0.00,0.00,0.00,0.00,0.00,0.00,0.00,0.00,0.00,0.00,0.00,"12,000.55",0.00,"4,762.61",0.00,"400,018.37",0.00,"47,456.70",0.00,0.00,0.00,0.00,SinDatos,0.00,RECIBO OK,0.00,0.00,0.00,0.00,0.00,0.00,0.00,0.00,0.00,0.00,0.00,0.00,0.00,0.00,0.00,0.00,0.00,0.00,0.00,0.00,0.00,0.00,0.00,0.00,0.00,0.00,0.00,0.00,0.00,0.00,0.00,0.00,0.00,0.00,0.00,0.00,0.00,0.00,0.00,0.00,0.00,0.00,0.00,0.00,0.00,"160,007.35",0.00,0.00,0.00,0.00,0.00,"169,488.23",0.00,0.00,0.00,0.00,0.00,0.00,0.00,0.00,0.00,0.00,0.00,0.00,0.00,0.00,0.00,0.00,0.00,0.00,0.00,0.00,"350,893.36","200,009.18",0.00,0.00,0.00,0.00,0.00,0.00,0.00,0.00,0.00,0.00,0.00,0.00,0.00
NIVEL c                                                     ,DIAZ LORENA NATALIA  ,27248033253,24803325,"1,719,795.36","177,418.78","83,200.00","1,980,414.14","-320,768.28","-17,542.00","1,642,103.86","320,051.81",0.00,0.00,0.00,"2,300,465.95","2,300,465.95","1,642,103.86","267,064.70","112,167.09",0.00,0.00,0.00,0.00,0.00,0.00,0.00,0.00,0.00,0.00,0.00,0.00,0.00,0.00,0.00,0.00,0.00,0.00,0.00,0.00,0.00,0.00,0.00,0.00,0.00,0.00,0.00,0.00,0.00,0.00,0.00,0.00,0.00,0.00,0.00,0.00,0.00,0.00,0.00,0.00,0.00,0.00,0.00,0.00,0.00,0.00,0.00,0.00,0.00,0.00,0.00,0.00,"106,825.88",GRADO  IV            ,0.00,0.00,0.00,0.00,0.00,0.00,"71,742.00",0.00,0.00,30.00,21.00,0.00,0.00,0.00,0.00,0.00,0.00,0.00,0.00,0.00,"80,119.41",0.00,0.00,0.00,0.00,0.00,0.00,0.00,"16,023.88",0.00,0.00,"8,464.12",0.00,0.00,0.00,0.00,0.00,0.00,0.00,0.00,0.00,0.00,0.00,0.00,0.00,0.00,"53,412.94",0.00,0.00,0.00,0.00,0.00,0.00,0.00,0.00,"6,000.00",0.00,0.00,900.00,0.00,0.00,"189,177.49","77,390.79",0.00,0.00,0.00,0.00,0.00,0.00,0.00,0.00,"54,200.00",0.00,0.00,0.00,0.00,0.00,0.00,0.00,0.00,0.00,0.00,0.00,0.00,"184,929.59",0.00,"77,390.79","57,731.43",0.00,"10,642.00",0.00,0.00,0.00,0.00,0.00,0.00,0.00,0.00,0.00,0.00,0.00,0.00,0.00,0.00,0.00,0.00,0.00,0.00,"96,677.42",NIVEL c                ,"166,736.19",0.00,0.00,0.00,0.00,0.00,1,Permanente Titular,SESOP                                                                                                                                                 ,ADMINISTRATIVO - NIVEL c,No Asistenciales,01/05/2026,01/05/2026,1,05/08/1975,01/11/2023,DANYU 1/1 23,NULL,NULL,NULL,NULL,24803325,40,PERSONAL PLANTA SESOP,F     ,01/11/2023,01/11/2023,FONOAUDIOLOGO TERCIARIO                                     ,MEDICINA                      ,Terciario                     ,1307791,DE    ,A26,0.00,0.00,0.00,0.00,0.00,0.00,0.00,0.00,0.00,0.00,0.00,0.00,0.00,0.00,0.00,0.00,0.00,0.00,0.00,0.00,0.00,0.00,0.00,0.00,0.00,0.00,0.00,0.00,0.00,0.00,0.00,0.00,0.00,0.00,0.00,0.00,0.00,0.00,0.00,0.00,0.00,0.00,0.00,0.00,"10,682.59",0.00,0.00,0.00,"267,064.70",0.00,"28,304.53",0.00,0.00,0.00,0.00,SinDatos,0.00,RECIBO OK,0.00,0.00,0.00,0.00,"76,196.01",0.00,0.00,0.00,0.00,0.00,0.00,0.00,0.00,0.00,0.00,0.00,0.00,0.00,0.00,0.00,0.00,0.00,0.00,0.00,0.00,0.00,0.00,0.00,0.00,0.00,0.00,0.00,0.00,0.00,0.00,0.00,0.00,0.00,0.00,0.00,0.00,0.00,0.00,0.00,0.00,0.00,0.00,0.00,0.00,0.00,0.00,"169,488.23",0.00,0.00,0.00,0.00,0.00,0.00,0.00,0.00,0.00,0.00,0.00,0.00,0.00,0.00,0.00,0.00,0.00,0.00,0.00,0.00,"304,454.10","133,532.35",0.00,0.00,0.00,0.00,0.00,0.00,0.00,0.00,0.00,0.00,0.00,0.00,0.00
NIVEL a3.                                          ,ESPER CRISTINA VICTORIA,27257981776,25798177,"667,631.05","1,065,379.91","81,600.00","1,814,610.96","-156,448.78","-30,894.62","1,627,267.56","157,358.84","132,053.19",0.00,"132,053.19","2,104,022.99","2,104,022.99","1,759,320.75","324,750.68","59,312.44",0.00,0.00,0.00,0.00,0.00,0.00,0.00,0.00,0.00,0.00,0.00,0.00,0.00,0.00,0.00,0.00,0.00,0.00,0.00,0.00,0.00,0.00,0.00,0.00,0.00,0.00,0.00,0.00,0.00,0.00,0.00,0.00,0.00,0.00,0.00,0.00,0.00,0.00,0.00,0.00,0.00,0.00,0.00,0.00,0.00,0.00,0.00,0.00,0.00,0.00,0.00,0.00,"49,426.99",GRADO  II            ,"207,395.15",0.00,0.00,0.00,0.00,0.00,"71,742.00",0.00,0.00,30.00,9.00,0.00,0.00,0.00,0.00,0.00,0.00,0.00,0.00,0.00,0.00,0.00,"164,756.64",0.00,0.00,0.00,0.00,0.00,"16,023.88",0.00,"8,298.63",0.00,0.00,0.00,0.00,0.00,0.00,0.00,0.00,0.00,"13,352.62",0.00,0.00,0.00,0.00,0.00,"65,902.65",0.00,0.00,0.00,0.00,0.00,0.00,0.00,0.00,"6,000.00",0.00,0.00,900.00,0.00,0.00,"73,439.42","28,809.36",0.00,0.00,0.00,0.00,0.00,0.00,0.00,0.00,"54,200.00",0.00,0.00,0.00,0.00,0.00,0.00,0.00,0.00,0.00,0.00,0.00,0.00,"71,790.37",0.00,"28,809.36","56,759.11",0.00,"10,642.00",0.00,0.00,0.00,"39,541.59","10,169.29",0.00,0.00,0.00,0.00,0.00,0.00,0.00,0.00,0.00,"164,756.64",0.00,"100,950.46","NIVEL a3,            ",0.00,0.00,0.00,0.00,0.00,0.00,0.00,0.00,2,Permanente Interino,SESOP                                                                                                                                                 ,MEDICO - Niv A3                              ,Asistenciales                                               ,01/05/2026,01/05/2026,2,19/04/1977,01/01/2026,1503/SPS/2025,PASE A PLANTA INTERINA.-                                                                                                                                                                                ,NULL,NULL,NULL,25798177,12,PERSONAL PLANTA SESOP,F     ,01/01/2026,13/11/2023,MEDICO,MEDICINA                      ,Universitario 5 años          ,1307791,DE    ,A26,0.00,0.00,0.00,0.00,0.00,0.00,0.00,0.00,0.00,0.00,0.00,0.00,0.00,0.00,0.00,0.00,0.00,0.00,0.00,0.00,0.00,0.00,0.00,"33,218.27",0.00,0.00,0.00,0.00,0.00,0.00,0.00,0.00,0.00,0.00,0.00,0.00,0.00,0.00,0.00,0.00,0.00,0.00,0.00,0.00,"3,295.13",0.00,"4,762.61","329,513.29",0.00,"47,456.70",0.00,0.00,0.00,0.00,0.00,SinDatos,0.00,RECIBO OK,0.00,0.00,0.00,0.00,0.00,0.00,0.00,0.00,0.00,0.00,0.00,0.00,0.00,0.00,0.00,0.00,0.00,0.00,0.00,0.00,0.00,0.00,0.00,0.00,0.00,0.00,0.00,0.00,0.00,0.00,0.00,0.00,0.00,0.00,0.00,0.00,0.00,0.00,0.00,0.00,0.00,0.00,0.00,0.00,"65,902.65",0.00,0.00,0.00,0.00,0.00,"169,488.23",0.00,0.00,0.00,0.00,0.00,0.00,0.00,0.00,0.00,0.00,0.00,0.00,0.00,0.00,0.00,0.00,0.00,0.00,0.00,0.00,0.00,0.00,0.00,0.00,0.00,0.00,0.00,0.00,0.00,0.00,0.00,0.00,0.00,0.00,0.00,0.00
NIVEL d                                                     ,FERNANDEZ ALEJANDRO PLACIDO,20207177068,20717706,"1,405,425.93","149,968.96","5,600.00","1,560,994.89","-353,341.02","-521,615.27","686,038.60","261,846.48",0.00,0.00,0.00,"1,822,841.37","1,822,841.37","686,038.60","213,651.76","85,460.80",0.00,0.00,0.00,0.00,0.00,0.00,0.00,0.00,0.00,0.00,0.00,0.00,0.00,0.00,0.00,0.00,0.00,0.00,0.00,0.00,0.00,0.00,0.00,0.00,0.00,0.00,0.00,0.00,0.00,0.00,0.00,0.00,0.00,0.00,0.00,0.00,0.00,0.00,0.00,0.00,0.00,0.00,0.00,0.00,0.00,0.00,0.00,0.00,0.00,0.00,0.00,0.00,"85,460.70",GRADO  IV            ,0.00,0.00,0.00,0.00,0.00,0.00,"156,642.00",0.00,0.00,30.00,20.00,0.00,0.00,0.00,0.00,0.00,0.00,0.00,0.00,"42,730.35",0.00,0.00,0.00,0.00,0.00,0.00,0.00,0.00,"16,023.88",0.00,0.00,"6,962.34",0.00,"28,108.52",0.00,0.00,0.00,0.00,0.00,0.00,0.00,0.00,0.00,0.00,0.00,0.00,"42,730.35",0.00,0.00,0.00,0.00,0.00,0.00,0.00,0.00,"6,000.00","3,600.00",0.00,900.00,0.00,0.00,"154,596.85","63,244.17","54,200.00",0.00,0.00,0.00,0.00,0.00,0.00,0.00,"54,200.00","27,100.00",0.00,0.00,0.00,0.00,0.00,0.00,0.00,0.00,0.00,0.00,0.00,"151,125.45",0.00,"63,244.17","47,476.86",0.00,"10,642.00",0.00,0.00,0.00,0.00,0.00,0.00,0.00,0.00,0.00,0.00,0.00,0.00,0.00,0.00,0.00,0.00,0.00,0.00,"96,677.42",NIVEL d                ,"141,422.89",0.00,0.00,0.00,0.00,0.00,1,Permanente Titular,SESOP                                                                                                                                                 ,ADMINISTRATIVO - NIVEL d,No Asistenciales,01/05/2026,01/05/2026,1,24/02/1969,01/11/2023,DANYU 1/1-23,NULL,NULL,NULL,NULL,20717706,42,PERSONAL PLANTA SESOP,M     ,01/11/2023,14/11/2023,BACHILLER,SECUNDARIO                    ,Secundario                    ,1307791,DE    ,A26,0.00,0.00,0.00,0.00,0.00,0.00,0.00,0.00,0.00,0.00,0.00,0.00,0.00,0.00,0.00,0.00,0.00,0.00,0.00,0.00,0.00,0.00,0.00,0.00,0.00,0.00,0.00,0.00,0.00,0.00,0.00,0.00,0.00,0.00,0.00,0.00,0.00,0.00,0.00,0.00,0.00,0.00,0.00,0.00,"8,546.07",0.00,0.00,0.00,"213,651.76",0.00,"22,202.96",0.00,0.00,0.00,0.00,SinDatos,0.00,RECIBO OK,0.00,0.00,0.00,0.00,"111,272.70",0.00,0.00,0.00,0.00,0.00,0.00,0.00,0.00,0.00,0.00,0.00,0.00,0.00,0.00,0.00,0.00,0.00,0.00,0.00,0.00,0.00,0.00,0.00,0.00,0.00,0.00,0.00,0.00,0.00,0.00,0.00,0.00,0.00,0.00,0.00,0.00,0.00,0.00,0.00,0.00,0.00,0.00,0.00,0.00,0.00,0.00,"169,488.23",0.00,0.00,0.00,0.00,0.00,0.00,0.00,0.00,0.00,0.00,0.00,0.00,0.00,0.00,0.00,0.00,0.00,0.00,0.00,0.00,"192,286.80","106,825.88",0.00,0.00,0.00,0.00,0.00,0.00,0.00,0.00,0.00,0.00,0.00,0.00,0.00
NIVEL d                                                     ,GONZALEZ VICTOR EXEQUIEL,20324599712,32459971,"239,266.40","827,700.38","209,920.00","1,276,886.78","-73,186.29","-882,314.60","321,385.89","70,742.07","47,424.97","28,454.98","18,969.99","1,395,053.82","1,395,053.82","340,355.88","183,793.93","58,814.02",0.00,0.00,0.00,0.00,0.00,0.00,0.00,0.00,0.00,0.00,0.00,0.00,0.00,0.00,0.00,0.00,0.00,0.00,0.00,0.00,0.00,0.00,0.00,0.00,0.00,0.00,0.00,0.00,0.00,0.00,0.00,0.00,0.00,0.00,0.00,0.00,0.00,0.00,0.00,0.00,0.00,0.00,0.00,0.00,0.00,0.00,0.00,0.00,0.00,0.00,0.00,0.00,0.00,0.00,"141,521.48",0.00,0.00,0.00,0.00,0.00,"53,642.00",0.00,0.00,30.00,16.00,0.00,0.00,0.00,0.00,0.00,0.00,0.00,0.00,0.00,0.00,0.00,0.00,0.00,0.00,0.00,0.00,0.00,"16,023.88",0.00,"5,332.88",0.00,0.00,"4,785.33",0.00,0.00,0.00,0.00,0.00,"5,263.86",0.00,0.00,0.00,0.00,0.00,0.00,"36,758.79",0.00,0.00,0.00,0.00,0.00,0.00,0.00,0.00,"6,000.00",0.00,0.00,900.00,0.00,0.00,"26,319.30","10,766.99",0.00,0.00,0.00,0.00,0.00,0.00,0.00,0.00,"36,100.00",0.00,0.00,0.00,0.00,0.00,0.00,0.00,0.00,0.00,0.00,0.00,0.00,"25,728.32",0.00,"10,766.99","34,246.76",0.00,"10,642.00",0.00,0.00,0.00,0.00,0.00,0.00,0.00,0.00,0.00,0.00,0.00,0.00,0.00,0.00,"91,896.96",0.00,"96,677.42",NIVEL d                ,0.00,0.00,0.00,0.00,0.00,0.00,0.00,0.00,1,Permanente Titular,SESOP                                                                                                                                                 ,ADMINISTRATIVO - NIVEL d,No Asistenciales,01/05/2026,01/05/2026,2,29/11/1986,01/04/2025,RESUMEN MENSUAL,NOTA N°845 DEL 09/01/22025 DE SALUD OCUPACIONAL.-                                                                                                                                                       ,NULL,NULL,NULL,32459971,13,PERSONAL PLANTA SESOP,M     ,01/04/2025,01/03/2008,SIN DATOS                                                                                           ,SIN DATOS                     ,Ninguno                       ,1307791,DE    ,A26,0.00,0.00,0.00,0.00,0.00,0.00,0.00,0.00,0.00,0.00,0.00,0.00,0.00,0.00,0.00,0.00,0.00,0.00,0.00,0.00,0.00,0.00,0.00,0.00,0.00,0.00,0.00,0.00,0.00,0.00,0.00,0.00,0.00,0.00,0.00,0.00,0.00,0.00,0.00,0.00,0.00,0.00,0.00,0.00,"5,513.82",0.00,0.00,"183,793.93",0.00,"22,202.96",0.00,0.00,0.00,0.00,"111,272.70",SinDatos,0.00,RECIBO OK,0.00,0.00,0.00,0.00,0.00,0.00,0.00,0.00,0.00,0.00,0.00,0.00,0.00,0.00,0.00,0.00,0.00,0.00,0.00,0.00,0.00,0.00,0.00,0.00,0.00,0.00,0.00,0.00,0.00,0.00,0.00,0.00,0.00,0.00,0.00,0.00,0.00,0.00,0.00,0.00,0.00,0.00,0.00,0.00,0.00,0.00,0.00,0.00,0.00,0.00,"169,488.23",0.00,0.00,0.00,0.00,0.00,0.00,0.00,0.00,0.00,0.00,0.00,0.00,0.00,0.00,0.00,0.00,0.00,0.00,0.00,0.00,0.00,0.00,0.00,0.00,0.00,0.00,0.00,0.00,0.00,0.00,0.00,0.00,0.00,0.00,0.00,0.00
NIVEL d                                                     ,GRECCO MARCELO FEDERICO,20275943860,27594386,"286,905.78","853,431.56","159,680.00","1,300,017.34","-80,570.40","-756,183.84","463,263.10","80,492.90","56,867.56","31,277.16","25,590.40","1,437,377.80","1,437,377.80","488,853.50","183,793.93","80,869.28",0.00,0.00,0.00,0.00,0.00,0.00,0.00,0.00,0.00,0.00,0.00,0.00,0.00,0.00,0.00,0.00,0.00,0.00,0.00,0.00,0.00,0.00,0.00,0.00,0.00,0.00,0.00,0.00,0.00,0.00,0.00,0.00,0.00,0.00,0.00,0.00,0.00,0.00,0.00,0.00,0.00,0.00,0.00,0.00,0.00,0.00,0.00,0.00,0.00,0.00,0.00,0.00,0.00,0.00,"165,414.72",0.00,0.00,0.00,0.00,0.00,"53,642.00",0.00,0.00,30.00,22.00,0.00,0.00,0.00,0.00,0.00,0.00,0.00,0.00,"36,758.79",0.00,0.00,0.00,0.00,0.00,0.00,0.00,0.00,"16,023.88",0.00,"5,332.88",0.00,0.00,"5,738.12",0.00,0.00,0.00,0.00,0.00,0.00,0.00,0.00,0.00,0.00,0.00,0.00,"36,758.79",0.00,0.00,0.00,0.00,0.00,0.00,0.00,0.00,"6,000.00",0.00,0.00,900.00,0.00,0.00,"31,559.64","12,910.76",0.00,0.00,0.00,0.00,0.00,0.00,0.00,0.00,"36,100.00",0.00,0.00,0.00,0.00,0.00,0.00,0.00,0.00,0.00,0.00,0.00,0.00,"30,850.98",0.00,"12,910.76","36,731.16",0.00,"10,642.00",0.00,0.00,0.00,0.00,0.00,0.00,0.00,0.00,0.00,0.00,0.00,0.00,0.00,0.00,"91,896.96",0.00,"96,677.42",NIVEL d                ,0.00,0.00,0.00,0.00,0.00,0.00,0.00,0.00,1,Permanente Titular,SESOP                                                                                                                                                 ,ADMINISTRATIVO - NIVEL d,No Asistenciales,01/05/2026,01/05/2026,1,10/09/1979,01/11/2023,DANYU 1/1-23,NULL,NULL,NULL,NULL,227594386,16,PERSONAL PLANTA SESOP,M     ,01/11/2023,14/11/2023,BACHILLER,SECUNDARIO                    ,Secundario                    ,1307791,DE    ,A26,0.00,0.00,0.00,0.00,0.00,0.00,0.00,0.00,0.00,0.00,0.00,0.00,0.00,0.00,0.00,0.00,0.00,0.00,0.00,0.00,0.00,0.00,0.00,0.00,0.00,0.00,0.00,0.00,0.00,0.00,0.00,0.00,0.00,0.00,0.00,0.00,0.00,0.00,0.00,0.00,0.00,0.00,0.00,0.00,"7,351.76",0.00,0.00,"183,793.93",0.00,"22,202.96",0.00,0.00,0.00,0.00,"111,272.70",SinDatos,0.00,RECIBO OK,0.00,0.00,0.00,0.00,0.00,0.00,0.00,0.00,0.00,0.00,0.00,0.00,0.00,0.00,0.00,0.00,0.00,0.00,0.00,0.00,0.00,0.00,0.00,0.00,0.00,0.00,0.00,0.00,0.00,0.00,0.00,0.00,0.00,0.00,0.00,0.00,0.00,0.00,0.00,0.00,0.00,0.00,0.00,0.00,0.00,0.00,0.00,0.00,0.00,0.00,"169,488.23",0.00,0.00,0.00,0.00,0.00,0.00,0.00,0.00,0.00,0.00,0.00,0.00,0.00,0.00,0.00,0.00,0.00,0.00,0.00,0.00,0.00,0.00,0.00,0.00,0.00,0.00,0.00,0.00,0.00,0.00,0.00,0.00,0.00,0.00,0.00,0.00
NIVEL a3.                                          ,GUTIERREZ MIRTA ESTELA,27288848365,28884836,"661,926.34","1,101,721.71","325,440.00","2,089,088.05","-156,798.59","-31,680.53","1,900,608.93","158,624.09","131,200.34",0.00,"131,200.34","2,378,912.48","2,378,912.48","2,031,809.27","324,750.68","85,673.53",0.00,0.00,0.00,0.00,0.00,0.00,0.00,0.00,0.00,0.00,0.00,0.00,0.00,0.00,0.00,0.00,0.00,0.00,0.00,0.00,0.00,0.00,0.00,0.00,0.00,0.00,0.00,0.00,0.00,0.00,0.00,0.00,0.00,0.00,0.00,0.00,0.00,0.00,0.00,0.00,0.00,0.00,0.00,0.00,0.00,0.00,0.00,0.00,0.00,0.00,0.00,0.00,0.00,0.00,"256,386.14",0.00,0.00,0.00,0.00,0.00,"72,642.00",0.00,0.00,30.00,13.00,0.00,0.00,0.00,0.00,0.00,0.00,0.00,0.00,0.00,0.00,0.00,"164,756.64",0.00,0.00,0.00,0.00,0.00,0.00,0.00,"8,298.63",0.00,0.00,0.00,0.00,0.00,0.00,0.00,0.00,0.00,"13,238.53",0.00,0.00,0.00,0.00,"8,112.06","65,902.65",0.00,0.00,0.00,0.00,0.00,0.00,0.00,0.00,"6,000.00",0.00,0.00,900.00,900.00,0.00,"72,811.90","29,786.69",0.00,0.00,0.00,0.00,0.00,0.00,0.00,0.00,"54,200.00",0.00,0.00,0.00,0.00,0.00,0.00,0.00,0.00,0.00,0.00,0.00,0.00,"71,176.94",0.00,"29,786.69","57,660.46",0.00,"10,642.00",0.00,0.00,0.00,"39,541.59","10,169.29",0.00,0.00,0.00,0.00,0.00,0.00,0.00,0.00,0.00,"164,756.64",0.00,"100,950.46","NIVEL a3,            ",0.00,0.00,0.00,0.00,0.00,0.00,0.00,0.00,1,Permanente Titular,SESOP                                                                                                                                                 ,MEDICO - Niv A3                              ,Asistenciales                                               ,01/05/2026,01/05/2026,18,02/09/1981,01/11/2023,DANYU 1/1-23,NULL,NULL,NULL,NULL,28884836,10,PERSONAL PLANTA SESOP,F     ,01/11/2023,20/03/2009,MEDICO,MEDICINA                      ,Universitario 5 años          ,1307791,DE    ,A26,0.00,0.00,0.00,0.00,0.00,0.00,0.00,0.00,0.00,0.00,0.00,0.00,0.00,0.00,0.00,0.00,0.00,0.00,0.00,0.00,0.00,0.00,0.00,0.00,0.00,0.00,0.00,0.00,0.00,0.00,0.00,0.00,0.00,0.00,0.00,0.00,0.00,0.00,0.00,0.00,0.00,0.00,0.00,0.00,"6,590.27",0.00,"4,762.61","329,513.29",0.00,"47,456.70",0.00,0.00,0.00,0.00,0.00,SinDatos,0.00,RECIBO OK,0.00,0.00,0.00,0.00,0.00,0.00,0.00,0.00,0.00,0.00,0.00,0.00,0.00,0.00,0.00,0.00,0.00,0.00,0.00,0.00,0.00,0.00,0.00,0.00,0.00,0.00,0.00,0.00,0.00,0.00,0.00,0.00,0.00,0.00,0.00,0.00,0.00,0.00,0.00,0.00,0.00,0.00,0.00,0.00,"131,805.31",0.00,0.00,0.00,0.00,0.00,"169,488.23",0.00,0.00,0.00,0.00,0.00,0.00,0.00,0.00,0.00,0.00,0.00,0.00,0.00,0.00,0.00,0.00,0.00,0.00,0.00,0.00,0.00,0.00,0.00,0.00,0.00,0.00,0.00,0.00,0.00,0.00,0.00,0.00,0.00,0.00,0.00,0.00
NIVEL a1.                                          ,HONORATO DESCALS PILAR,27414259702,41425970,"440,535.46","1,039,772.03",0.00,"1,480,307.49","-117,033.00","-18,442.00","1,344,832.49","112,470.35","87,318.49",0.00,"87,318.49","1,680,096.33","1,680,096.33","1,432,150.98","305,735.67",0.00,0.00,0.00,0.00,0.00,0.00,0.00,0.00,0.00,0.00,0.00,0.00,0.00,0.00,0.00,0.00,0.00,0.00,0.00,0.00,0.00,0.00,0.00,0.00,0.00,0.00,0.00,0.00,0.00,0.00,0.00,0.00,0.00,0.00,0.00,0.00,0.00,0.00,0.00,0.00,0.00,0.00,0.00,0.00,0.00,0.00,0.00,0.00,0.00,0.00,0.00,0.00,0.00,0.00,0.00,"236,522.34",0.00,0.00,0.00,0.00,0.00,"67,192.00",0.00,0.00,30.00,0.00,0.00,0.00,0.00,0.00,0.00,0.00,0.00,0.00,0.00,0.00,0.00,"155,249.14",0.00,0.00,0.00,0.00,0.00,"16,023.88",0.00,"8,298.63",0.00,0.00,0.00,0.00,0.00,0.00,0.00,0.00,0.00,0.00,0.00,0.00,0.00,0.00,0.00,"62,099.65",0.00,0.00,0.00,0.00,0.00,0.00,0.00,0.00,"6,000.00",0.00,0.00,900.00,900.00,0.00,"48,458.90","19,824.10",0.00,0.00,0.00,0.00,0.00,0.00,0.00,0.00,"48,750.00",0.00,0.00,0.00,0.00,0.00,0.00,0.00,0.00,0.00,0.00,0.00,0.00,"44,802.46",0.00,"19,824.10","47,843.79",0.00,"10,642.00",0.00,0.00,0.00,0.00,"10,169.29",0.00,0.00,0.00,0.00,0.00,0.00,0.00,0.00,0.00,"155,249.14",0.00,"100,950.46","NIVEL a1,            ",0.00,0.00,0.00,0.00,0.00,0.00,0.00,0.00,6,Reemplazante no permanente,SESOP                                                                                                                                                 ,PSICOLOGO-Niv A1,Asistenciales                                               ,01/04/2026,01/05/2026,12,09/09/1998,01/04/2026,CARGA MANUAL,COB.-                                                                                                                                                                                                   ,30/04/2026,CP,NULL,41425970,8,PERSONAL PLANTA SESOP,F     ,01/04/2026,09/09/2008,EGB II - 4to GRADO,PRIMARIO                      ,Primario                      ,1307791,DE    ,A26,0.00,0.00,0.00,0.00,0.00,0.00,0.00,0.00,0.00,0.00,0.00,0.00,0.00,0.00,0.00,0.00,0.00,0.00,0.00,0.00,0.00,0.00,0.00,0.00,0.00,0.00,0.00,0.00,0.00,0.00,0.00,0.00,0.00,0.00,0.00,0.00,0.00,0.00,0.00,0.00,0.00,0.00,0.00,0.00,0.00,0.00,"4,762.61","310,498.28",0.00,"48,595.66",0.00,0.00,0.00,0.00,0.00,SinDatos,0.00,RECIBO OK,0.00,0.00,0.00,0.00,0.00,0.00,0.00,0.00,0.00,0.00,0.00,0.00,0.00,0.00,0.00,0.00,0.00,0.00,0.00,0.00,0.00,0.00,0.00,0.00,0.00,0.00,0.00,0.00,0.00,0.00,0.00,0.00,0.00,0.00,0.00,0.00,0.00,0.00,0.00,0.00,0.00,0.00,0.00,0.00,0.00,0.00,0.00,0.00,0.00,0.00,"169,488.23",0.00,0.00,0.00,0.00,0.00,0.00,0.00,0.00,0.00,0.00,0.00,0.00,0.00,0.00,0.00,0.00,0.00,0.00,0.00,0.00,0.00,0.00,0.00,0.00,0.00,0.00,0.00,0.00,0.00,0.00,0.00,0.00,0.00,0.00,0.00,0.00
NIVEL d                                                     ,INOCHEA DANIEL ALBERTO,20137844061,13784406,"1,423,586.35","-255,900.86","5,600.00","1,173,285.49","-274,855.89","-17,542.00","880,887.60","217,139.63",0.00,0.00,0.00,"1,390,425.12","1,390,425.12","880,887.60","213,651.76","98,279.92",0.00,0.00,0.00,0.00,0.00,0.00,0.00,0.00,0.00,0.00,0.00,0.00,0.00,0.00,0.00,0.00,0.00,0.00,0.00,0.00,0.00,0.00,0.00,0.00,0.00,0.00,0.00,0.00,0.00,0.00,0.00,0.00,0.00,0.00,0.00,0.00,0.00,0.00,0.00,0.00,0.00,0.00,0.00,0.00,0.00,0.00,0.00,0.00,0.00,0.00,0.00,0.00,"106,825.88",GRADO  V              ,0.00,0.00,0.00,0.00,0.00,0.00,"71,742.00",0.00,0.00,30.00,23.00,0.00,0.00,0.00,0.00,0.00,0.00,0.00,0.00,"42,730.35",0.00,0.00,0.00,0.00,0.00,0.00,0.00,0.00,0.00,0.00,0.00,"6,962.34",0.00,0.00,0.00,0.00,0.00,0.00,0.00,0.00,0.00,0.00,0.00,0.00,0.00,0.00,"42,730.35",0.00,0.00,0.00,0.00,0.00,"-472,066.59",0.00,0.00,"6,000.00",0.00,0.00,900.00,0.00,0.00,"156,594.50","64,061.39",0.00,0.00,0.00,0.00,0.00,0.00,0.00,0.00,"54,200.00",0.00,0.00,0.00,0.00,0.00,0.00,0.00,0.00,0.00,0.00,0.00,0.00,"153,078.24",0.00,"64,061.39",0.00,0.00,"10,642.00",0.00,0.00,0.00,0.00,0.00,0.00,0.00,0.00,0.00,0.00,0.00,0.00,0.00,0.00,0.00,0.00,0.00,0.00,"96,677.42",NIVEL d                ,"141,422.89",0.00,0.00,0.00,0.00,0.00,20,RetVol2024-Permanente Titular,SESOP                                                                                                                                                 ,ADMINISTRATIVO - NIVEL d,No Asistenciales,01/05/2026,01/05/2026,2,28/12/1959,01/12/2024,2164/SEAC-2024,2164/SEAC-20/11/2024                                                                                                                                                                                    ,NULL,NULL,NULL,13784406,14,PERSONAL PLANTA SESOP,M     ,01/12/2024,14/11/2023,BACHILLER,SECUNDARIO                    ,Secundario                    ,1307791,DE    ,A26,0.00,0.00,0.00,0.00,0.00,0.00,0.00,0.00,0.00,0.00,0.00,0.00,0.00,0.00,0.00,0.00,0.00,0.00,0.00,0.00,0.00,0.00,0.00,0.00,0.00,0.00,0.00,0.00,0.00,0.00,0.00,0.00,0.00,0.00,0.00,0.00,0.00,0.00,0.00,0.00,0.00,0.00,0.00,0.00,"8,546.07",0.00,0.00,0.00,"213,651.76",0.00,"22,202.96",0.00,0.00,0.00,0.00,SinDatos,0.00,RECIBO OK,0.00,0.00,0.00,0.00,"111,272.70",0.00,0.00,0.00,0.00,0.00,0.00,0.00,0.00,0.00,0.00,0.00,0.00,0.00,0.00,0.00,0.00,0.00,0.00,0.00,0.00,0.00,0.00,0.00,0.00,0.00,0.00,0.00,0.00,0.00,0.00,0.00,0.00,0.00,0.00,0.00,0.00,0.00,0.00,0.00,0.00,0.00,0.00,0.00,0.00,0.00,0.00,"169,488.23",0.00,0.00,0.00,0.00,0.00,0.00,0.00,0.00,0.00,0.00,0.00,0.00,0.00,0.00,0.00,0.00,0.00,0.00,0.00,0.00,"192,286.80","106,825.88",0.00,0.00,0.00,0.00,0.00,0.00,0.00,0.00,0.00,0.00,0.00,0.00,0.00
NIVEL a3.                                          ,JORRAT JUAN JOSE        ,20202182314,20218231,"2,314,710.55","250,352.55",0.00,"2,565,063.10","-430,980.13","-440,850.19","1,693,232.78","430,829.69",0.00,0.00,0.00,"2,995,892.79","2,995,892.79","1,693,232.78","395,255.76","208,009.62",0.00,0.00,0.00,0.00,0.00,0.00,0.00,0.00,0.00,0.00,0.00,0.00,0.00,0.00,0.00,0.00,0.00,0.00,0.00,0.00,0.00,0.00,0.00,0.00,0.00,0.00,0.00,0.00,0.00,0.00,0.00,0.00,0.00,0.00,0.00,0.00,0.00,0.00,0.00,0.00,0.00,0.00,0.00,0.00,0.00,0.00,0.00,0.00,0.00,0.00,0.00,0.00,0.00,0.00,0.00,0.00,0.00,0.00,0.00,0.00,"89,742.00",0.00,0.00,30.00,26.00,0.00,0.00,0.00,0.00,0.00,0.00,0.00,0.00,0.00,0.00,0.00,"200,009.19",0.00,0.00,0.00,0.00,0.00,0.00,0.00,0.00,"10,472.12",0.00,0.00,0.00,0.00,0.00,0.00,0.00,0.00,0.00,0.00,0.00,0.00,0.00,"8,112.06","80,003.67",0.00,0.00,0.00,0.00,0.00,0.00,0.00,0.00,"6,000.00",0.00,0.00,900.00,0.00,0.00,"254,618.16","104,161.97",0.00,0.00,0.00,0.00,0.00,0.00,0.00,0.00,"72,200.00",0.00,0.00,0.00,0.00,0.00,0.00,0.00,0.00,0.00,0.00,0.00,0.00,"248,900.82",0.00,"104,161.97","77,766.90",0.00,"10,642.00",0.00,0.00,0.00,"48,002.20","10,169.29",0.00,0.00,0.00,0.00,0.00,0.00,0.00,0.00,0.00,0.00,0.00,0.00,0.00,"138,873.64","NIVEL a3,            ","212,070.28",0.00,0.00,0.00,0.00,0.00,1,Permanente Titular,SESOP                                                                                                                                                 ,MEDICO - Niv A3                              ,Asistenciales                                               ,01/05/2026,01/05/2026,1,01/06/1968,01/11/2023,DANYU 1/1-23,NULL,NULL,NULL,NULL,20218231,5,PERSONAL PLANTA SESOP,M     ,01/11/2023,14/11/2023,MEDICO,MEDICINA                      ,Universitario 5 años          ,1307791,DE    ,A26,0.00,0.00,0.00,0.00,0.00,0.00,0.00,0.00,0.00,0.00,0.00,0.00,0.00,0.00,0.00,0.00,0.00,0.00,0.00,0.00,0.00,0.00,0.00,0.00,0.00,0.00,0.00,0.00,0.00,0.00,0.00,0.00,0.00,0.00,0.00,0.00,0.00,0.00,0.00,0.00,0.00,0.00,0.00,0.00,"20,000.92",0.00,"4,762.61",0.00,"400,018.37",0.00,"47,456.70",0.00,0.00,0.00,0.00,SinDatos,0.00,RECIBO OK,0.00,0.00,0.00,0.00,0.00,0.00,0.00,0.00,0.00,0.00,0.00,0.00,0.00,0.00,0.00,0.00,0.00,0.00,0.00,0.00,0.00,0.00,0.00,0.00,0.00,0.00,0.00,0.00,0.00,0.00,0.00,0.00,0.00,0.00,0.00,0.00,0.00,0.00,0.00,0.00,0.00,0.00,0.00,0.00,0.00,0.00,0.00,0.00,0.00,0.00,0.00,"169,488.23",0.00,0.00,0.00,0.00,0.00,0.00,0.00,0.00,0.00,0.00,0.00,0.00,0.00,0.00,0.00,0.00,0.00,0.00,0.00,0.00,"412,349.26","200,009.18",0.00,0.00,0.00,0.00,0.00,0.00,0.00,0.00,0.00,0.00,0.00,0.00,0.00
NIVEL d                                                     ,MARTINEZ MIGUEL ANGEL,20277328217,27732821,"337,522.63","1,411,179.58","47,200.00","1,795,902.21","-106,516.01","-17,542.00","1,671,844.20","106,765.42","66,900.32",0.00,"66,900.32","1,969,567.95","1,969,567.95","1,738,744.52","183,793.93","69,841.65",0.00,0.00,0.00,0.00,0.00,0.00,0.00,0.00,0.00,0.00,0.00,0.00,0.00,0.00,0.00,0.00,0.00,0.00,0.00,0.00,0.00,0.00,0.00,0.00,0.00,0.00,0.00,0.00,0.00,0.00,0.00,0.00,0.00,0.00,0.00,0.00,0.00,0.00,0.00,0.00,0.00,0.00,0.00,0.00,0.00,0.00,0.00,0.00,0.00,0.00,0.00,0.00,"73,517.57",GRADO  IV            ,"141,521.48",0.00,0.00,0.00,0.00,0.00,"71,742.00",0.00,0.00,30.00,19.00,0.00,0.00,0.00,0.00,0.00,0.00,0.00,0.00,"36,758.79",0.00,0.00,0.00,0.00,0.00,0.00,0.00,0.00,"16,023.88",0.00,"5,332.88",0.00,0.00,0.00,0.00,0.00,0.00,0.00,0.00,0.00,0.00,0.00,0.00,0.00,0.00,0.00,"36,758.79",0.00,0.00,0.00,0.00,0.00,0.00,0.00,0.00,"6,000.00",0.00,0.00,900.00,0.00,0.00,"37,127.49","15,188.52",0.00,0.00,0.00,0.00,0.00,0.00,0.00,0.00,"54,200.00",0.00,0.00,0.00,0.00,0.00,0.00,0.00,0.00,0.00,0.00,0.00,0.00,"36,293.81",0.00,"15,188.52","55,283.09",0.00,"10,642.00",0.00,0.00,0.00,0.00,0.00,0.00,0.00,0.00,0.00,0.00,0.00,0.00,0.00,0.00,"91,896.96",0.00,"96,677.42",NIVEL d                ,0.00,0.00,0.00,0.00,0.00,0.00,0.00,0.00,1,Permanente Titular,SESOP                                                                                                                                                 ,ADMINISTRATIVO - NIVEL d,No Asistenciales,01/05/2026,01/05/2026,1,05/02/1980,01/11/2023,DANYU 1/1-23,NULL,NULL,NULL,NULL,27732821,1,PERSONAL PLANTA SESOP,M     ,01/11/2023,14/11/2023,BACHILLER,SECUNDARIO                    ,Secundario                    ,1307791,DE    ,A26,0.00,0.00,0.00,0.00,0.00,0.00,0.00,0.00,0.00,0.00,0.00,0.00,0.00,0.00,0.00,0.00,0.00,0.00,0.00,0.00,0.00,0.00,0.00,0.00,0.00,0.00,0.00,0.00,0.00,0.00,0.00,0.00,0.00,0.00,0.00,0.00,0.00,0.00,0.00,0.00,0.00,0.00,0.00,0.00,"5,513.82",0.00,0.00,"183,793.93",0.00,"22,202.96",0.00,0.00,0.00,0.00,"111,272.70",SinDatos,0.00,RECIBO OK,0.00,0.00,0.00,0.00,0.00,0.00,0.00,0.00,0.00,0.00,0.00,0.00,0.00,0.00,0.00,0.00,0.00,"476,924.20",0.00,0.00,0.00,0.00,0.00,0.00,0.00,0.00,0.00,0.00,0.00,0.00,0.00,0.00,0.00,0.00,0.00,0.00,0.00,0.00,0.00,0.00,0.00,0.00,0.00,0.00,0.00,0.00,0.00,0.00,0.00,0.00,"169,488.23",0.00,0.00,0.00,0.00,0.00,0.00,0.00,0.00,0.00,0.00,0.00,0.00,0.00,0.00,0.00,0.00,0.00,0.00,0.00,0.00,0.00,0.00,0.00,0.00,0.00,0.00,0.00,0.00,0.00,0.00,0.00,0.00,0.00,0.00,0.00,0.00
NIVEL a3.                                          ,MENA MARIA LAURA        ,27248027830,24802783,"2,453,286.96","232,826.52",0.00,"2,686,113.48","-452,459.48","-42,262.00","2,191,392.00","455,598.27",0.00,0.00,0.00,"3,141,711.75","3,141,711.75","2,191,392.00","395,255.76","152,007.03",0.00,0.00,0.00,0.00,0.00,0.00,0.00,0.00,0.00,0.00,0.00,0.00,0.00,0.00,0.00,0.00,0.00,0.00,0.00,0.00,0.00,0.00,0.00,0.00,0.00,0.00,0.00,0.00,0.00,0.00,0.00,0.00,0.00,0.00,0.00,0.00,0.00,0.00,0.00,0.00,0.00,0.00,0.00,0.00,0.00,0.00,0.00,0.00,0.00,0.00,0.00,0.00,"160,007.35",GRADO  IV            ,0.00,0.00,0.00,0.00,0.00,0.00,"93,342.00",0.00,0.00,30.00,19.00,0.00,0.00,0.00,0.00,0.00,0.00,0.00,0.00,0.00,0.00,0.00,"200,009.19",0.00,0.00,0.00,0.00,0.00,"16,023.88",0.00,0.00,"10,472.12",0.00,0.00,0.00,0.00,0.00,0.00,0.00,0.00,"21,120.00",0.00,0.00,0.00,0.00,"8,112.06","80,003.67",0.00,0.00,0.00,0.00,0.00,0.00,0.00,0.00,"6,000.00","3,600.00",0.00,900.00,0.00,0.00,"269,861.57","110,397.91",0.00,0.00,0.00,0.00,0.00,0.00,0.00,0.00,"72,200.00",0.00,0.00,0.00,0.00,0.00,0.00,0.00,0.00,0.00,0.00,0.00,0.00,"263,801.95",0.00,"110,397.91","81,398.41",0.00,"10,642.00",0.00,0.00,0.00,"48,002.20","10,169.29",0.00,0.00,0.00,0.00,0.00,0.00,0.00,0.00,0.00,0.00,0.00,0.00,0.00,"138,873.64","NIVEL a3,            ","202,544.62",0.00,0.00,0.00,0.00,0.00,1,Permanente Titular,SESOP                                                                                                                                                 ,MEDICO - Niv A3                              ,Asistenciales                                               ,01/05/2026,01/05/2026,16,19/09/1975,01/11/2023,DANYU 1/1-23,NULL,NULL,NULL,NULL,24802783,6,PERSONAL PLANTA SESOP,F     ,01/11/2023,01/03/2008,SIN DATOS                                                                                           ,SIN DATOS                     ,Ninguno                       ,1307791,DE    ,A26,0.00,0.00,0.00,0.00,0.00,0.00,0.00,0.00,0.00,0.00,0.00,0.00,0.00,0.00,0.00,0.00,0.00,0.00,0.00,0.00,0.00,0.00,0.00,0.00,0.00,0.00,0.00,0.00,0.00,0.00,0.00,0.00,0.00,0.00,0.00,0.00,0.00,0.00,0.00,0.00,0.00,0.00,0.00,0.00,"12,000.55",0.00,"4,762.61",0.00,"400,018.37",0.00,"47,456.70",0.00,0.00,0.00,0.00,SinDatos,0.00,RECIBO OK,0.00,0.00,0.00,0.00,0.00,0.00,0.00,0.00,0.00,0.00,0.00,0.00,0.00,0.00,0.00,0.00,0.00,0.00,0.00,0.00,0.00,0.00,0.00,0.00,0.00,0.00,0.00,0.00,0.00,0.00,0.00,0.00,0.00,0.00,0.00,0.00,0.00,0.00,0.00,0.00,0.00,0.00,0.00,0.00,"80,003.67",0.00,0.00,0.00,0.00,0.00,0.00,"169,488.23",0.00,0.00,0.00,0.00,0.00,0.00,0.00,0.00,0.00,0.00,0.00,0.00,0.00,0.00,0.00,0.00,0.00,0.00,0.00,0.00,"350,893.36","200,009.18",0.00,0.00,0.00,0.00,0.00,0.00,0.00,0.00,0.00,0.00,0.00,0.00,0.00
NIVEL d                                                     ,MORENO ALBERTO DANIEL,20149848984,14984898,"1,379,129.84","151,853.95","165,280.00","1,696,263.79","-267,965.12","-17,542.00","1,410,756.67","257,103.19",0.00,0.00,0.00,"1,953,366.98","1,953,366.98","1,410,756.67","213,651.76","89,733.84",0.00,0.00,0.00,0.00,0.00,0.00,0.00,0.00,0.00,0.00,0.00,0.00,0.00,0.00,0.00,0.00,0.00,0.00,0.00,0.00,0.00,0.00,0.00,0.00,0.00,0.00,0.00,0.00,0.00,0.00,0.00,0.00,0.00,0.00,0.00,0.00,0.00,0.00,0.00,0.00,0.00,0.00,0.00,0.00,0.00,0.00,0.00,0.00,0.00,0.00,0.00,0.00,"85,460.70",GRADO  IV            ,0.00,0.00,0.00,0.00,0.00,0.00,"71,742.00",0.00,0.00,30.00,21.00,0.00,0.00,0.00,0.00,0.00,0.00,0.00,0.00,0.00,0.00,0.00,0.00,0.00,0.00,0.00,0.00,0.00,"16,023.88",0.00,0.00,"6,962.34",0.00,0.00,0.00,0.00,0.00,0.00,0.00,0.00,0.00,0.00,0.00,0.00,0.00,0.00,"42,730.35",0.00,0.00,0.00,0.00,0.00,0.00,0.00,0.00,"6,000.00",0.00,0.00,900.00,0.00,0.00,"151,704.28","62,060.84",0.00,0.00,0.00,0.00,0.00,0.00,0.00,0.00,"54,200.00",0.00,0.00,0.00,0.00,0.00,0.00,0.00,0.00,0.00,0.00,0.00,0.00,"148,297.83",0.00,"62,060.84","46,744.52",0.00,"10,642.00",0.00,0.00,0.00,0.00,0.00,0.00,0.00,0.00,0.00,0.00,0.00,0.00,0.00,0.00,0.00,0.00,0.00,0.00,"96,677.42",NIVEL d                ,"143,307.88",0.00,0.00,0.00,0.00,0.00,1,Permanente Titular,SESOP                                                                                                                                                 ,ADMINISTRATIVO - NIVEL d,No Asistenciales,01/05/2026,01/05/2026,1,27/11/1962,01/11/2023,DANYU 1/1-23,NULL,NULL,NULL,NULL,14984898,17,PERSONAL PLANTA SESOP,M     ,01/11/2023,NULL,NULL,NULL,NULL,1307791,DE    ,A26,0.00,0.00,0.00,0.00,0.00,0.00,0.00,0.00,0.00,0.00,0.00,0.00,0.00,0.00,0.00,0.00,0.00,0.00,0.00,0.00,0.00,0.00,0.00,0.00,0.00,0.00,0.00,0.00,0.00,0.00,0.00,0.00,0.00,0.00,0.00,0.00,0.00,0.00,0.00,0.00,0.00,0.00,0.00,0.00,"8,546.07",0.00,0.00,0.00,"213,651.76",0.00,"22,202.96",0.00,0.00,0.00,0.00,SinDatos,0.00,RECIBO OK,0.00,0.00,0.00,0.00,"111,272.70",0.00,0.00,0.00,0.00,0.00,0.00,0.00,0.00,0.00,0.00,0.00,0.00,0.00,0.00,0.00,0.00,0.00,0.00,0.00,0.00,0.00,0.00,0.00,0.00,0.00,0.00,0.00,0.00,0.00,0.00,0.00,0.00,0.00,0.00,0.00,0.00,0.00,0.00,0.00,0.00,0.00,0.00,0.00,0.00,0.00,0.00,"169,488.23",0.00,0.00,0.00,0.00,0.00,0.00,0.00,0.00,0.00,0.00,0.00,0.00,0.00,0.00,0.00,0.00,0.00,0.00,0.00,0.00,"192,286.80","106,825.88",0.00,0.00,0.00,0.00,0.00,0.00,0.00,0.00,0.00,0.00,0.00,0.00,0.00
NIVEL a1.                                          ,MORERO PABLO                ,20270170596,27017059,"695,328.69","1,109,161.98","47,200.00","1,851,690.67","-76,486.16","-17,542.00","1,757,662.51","133,853.05","137,821.03",0.00,"137,821.03","2,123,364.75","2,123,364.75","1,895,483.54","311,931.57","114,010.00",0.00,0.00,0.00,0.00,0.00,0.00,0.00,0.00,0.00,0.00,0.00,0.00,0.00,0.00,0.00,0.00,0.00,0.00,0.00,0.00,0.00,0.00,0.00,0.00,0.00,0.00,0.00,0.00,0.00,0.00,0.00,0.00,0.00,0.00,0.00,0.00,0.00,0.00,0.00,0.00,0.00,0.00,0.00,0.00,0.00,0.00,0.00,0.00,0.00,0.00,0.00,0.00,"126,677.67",GRADO  IV            ,"277,818.82",0.00,0.00,0.00,0.00,0.00,"17,542.00",0.00,0.00,30.00,18.00,0.00,0.00,0.00,0.00,0.00,0.00,0.00,0.00,0.00,0.00,0.00,"158,347.09",0.00,0.00,0.00,0.00,0.00,"16,023.88",0.00,"8,298.63",0.00,0.00,0.00,0.00,0.00,0.00,0.00,0.00,0.00,0.00,0.00,0.00,0.00,0.00,0.00,"63,338.84",0.00,0.00,0.00,0.00,0.00,0.00,0.00,0.00,"6,000.00",0.00,0.00,900.00,0.00,0.00,"76,486.16",0.00,0.00,0.00,0.00,0.00,0.00,0.00,0.00,0.00,0.00,0.00,0.00,0.00,0.00,0.00,0.00,0.00,0.00,0.00,0.00,0.00,0.00,"74,768.69",0.00,0.00,"59,084.36",0.00,"10,642.00",0.00,0.00,0.00,0.00,"10,169.29",0.00,0.00,0.00,0.00,0.00,0.00,0.00,0.00,0.00,"158,347.09",0.00,"100,950.46","NIVEL a1,            ",0.00,0.00,0.00,0.00,0.00,0.00,0.00,0.00,1,Permanente Titular,SESOP                                                                                                                                                 ,PSICOLOGO-Niv A1,Asistenciales                                               ,01/05/2026,01/05/2026,1,31/12/1978,01/11/2023,DANYU 1/1-23,NULL,NULL,NULL,NULL,27017059,41,PERSONAL PLANTA SESOP,M     ,01/11/2023,14/11/2023,PSICOLOGO,SOCIAL                        ,Universitario 5 años          ,1307791,DE    ,A26,0.00,0.00,0.00,0.00,0.00,0.00,0.00,0.00,0.00,0.00,0.00,0.00,0.00,0.00,0.00,0.00,0.00,0.00,0.00,0.00,0.00,0.00,0.00,0.00,0.00,0.00,0.00,0.00,0.00,0.00,0.00,0.00,0.00,0.00,0.00,0.00,0.00,0.00,0.00,0.00,0.00,0.00,0.00,0.00,"9,500.83",0.00,"4,762.61","316,694.18",0.00,"43,388.98",0.00,0.00,0.00,0.00,0.00,SinDatos,0.00,RECIBO OK,0.00,0.00,0.00,0.00,0.00,0.00,0.00,0.00,0.00,0.00,0.00,0.00,0.00,0.00,0.00,0.00,0.00,0.00,0.00,0.00,0.00,0.00,0.00,0.00,0.00,0.00,0.00,0.00,0.00,0.00,0.00,0.00,0.00,0.00,0.00,0.00,0.00,0.00,0.00,0.00,0.00,0.00,0.00,0.00,"63,338.84",0.00,0.00,0.00,0.00,0.00,"169,488.23",0.00,0.00,0.00,0.00,0.00,0.00,0.00,0.00,0.00,0.00,0.00,0.00,0.00,0.00,0.00,0.00,0.00,0.00,0.00,0.00,0.00,0.00,0.00,0.00,0.00,0.00,0.00,0.00,0.00,0.00,0.00,0.00,0.00,0.00,0.00,0.00
NIVEL a3.                                          ,NARESE SUSANA GABRIELA,27127336100,12733610,"1,858,895.56","197,260.75","159,680.00","2,215,836.31","-423,628.81","-58,319.91","1,733,887.59","346,037.04",0.00,0.00,0.00,"2,561,873.35","2,561,873.35","1,733,887.59","324,750.68","105,444.32",0.00,0.00,0.00,0.00,0.00,0.00,0.00,0.00,0.00,0.00,0.00,0.00,0.00,0.00,0.00,0.00,0.00,0.00,0.00,0.00,0.00,0.00,0.00,0.00,0.00,0.00,0.00,0.00,0.00,0.00,0.00,0.00,0.00,0.00,0.00,0.00,0.00,0.00,0.00,0.00,0.00,0.00,0.00,0.00,0.00,0.00,0.00,0.00,0.00,0.00,0.00,0.00,0.00,0.00,0.00,"289,046.79",0.00,0.00,0.00,0.00,"156,642.00",0.00,0.00,30.00,16.00,0.00,0.00,0.00,0.00,0.00,0.00,0.00,0.00,0.00,0.00,0.00,"164,756.65",0.00,0.00,0.00,0.00,0.00,0.00,0.00,0.00,"10,472.12",0.00,"37,177.91",0.00,0.00,0.00,0.00,0.00,0.00,0.00,0.00,0.00,0.00,0.00,0.00,"65,902.66",0.00,0.00,0.00,0.00,0.00,0.00,0.00,0.00,"6,000.00","3,600.00",0.00,900.00,0.00,0.00,"204,478.51","83,650.30","54,200.00",0.00,0.00,0.00,0.00,0.00,0.00,0.00,"54,200.00","27,100.00",0.00,0.00,0.00,0.00,0.00,0.00,0.00,0.00,0.00,0.00,0.00,"199,887.04",0.00,"83,650.30","62,499.70",0.00,"10,642.00",0.00,0.00,0.00,"39,541.59","10,169.29",0.00,0.00,0.00,0.00,0.00,0.00,0.00,0.00,0.00,0.00,0.00,0.00,0.00,"138,873.64","NIVEL a3,            ","177,206.06",0.00,0.00,0.00,0.00,0.00,1,Permanente Titular,SESOP                                                                                                                                                 ,MEDICO - Niv A3                              ,Asistenciales                                               ,01/05/2026,01/05/2026,1,09/11/1958,01/11/2023,DANYU 1/1-23,NULL,NULL,NULL,NULL,12733610,36,PERSONAL PLANTA SESOP,F     ,01/11/2023,14/11/2023,MEDICO,MEDICINA                      ,Universitario 5 años          ,1307791,DE    ,A26,0.00,0.00,0.00,0.00,0.00,0.00,0.00,0.00,0.00,0.00,0.00,0.00,0.00,0.00,0.00,0.00,0.00,0.00,0.00,0.00,0.00,0.00,0.00,0.00,0.00,0.00,0.00,0.00,0.00,0.00,0.00,0.00,0.00,0.00,0.00,0.00,0.00,0.00,0.00,0.00,0.00,0.00,0.00,0.00,"9,885.40",0.00,"4,762.61",0.00,"329,513.29",0.00,"47,456.70",0.00,0.00,0.00,0.00,SinDatos,0.00,RECIBO OK,0.00,0.00,0.00,0.00,0.00,0.00,0.00,0.00,0.00,0.00,0.00,0.00,0.00,0.00,0.00,0.00,0.00,0.00,0.00,0.00,0.00,0.00,0.00,0.00,0.00,0.00,0.00,0.00,0.00,0.00,0.00,0.00,0.00,0.00,0.00,0.00,0.00,0.00,0.00,0.00,0.00,0.00,0.00,0.00,0.00,0.00,0.00,0.00,0.00,0.00,0.00,"169,488.23",0.00,0.00,0.00,0.00,0.00,0.00,0.00,0.00,0.00,0.00,0.00,0.00,0.00,0.00,0.00,0.00,0.00,0.00,0.00,0.00,0.00,"164,756.64",0.00,0.00,0.00,0.00,0.00,0.00,0.00,0.00,0.00,0.00,0.00,0.00,0.00
NIVEL a3.                                          ,NAVARRO RITA PAOLA    ,27221956937,22195693,"2,397,791.18","247,853.31",0.00,"2,645,644.49","-535,795.88","-21,142.00","2,088,706.61","429,557.67",0.00,0.00,0.00,"3,075,202.16","3,075,202.16","2,088,706.61","324,750.68","92,263.78",0.00,0.00,0.00,0.00,0.00,0.00,0.00,0.00,0.00,0.00,0.00,0.00,0.00,0.00,0.00,0.00,0.00,0.00,0.00,0.00,0.00,0.00,0.00,0.00,0.00,0.00,0.00,0.00,0.00,0.00,"363,594.43",0.00,0.00,0.00,0.00,0.00,0.00,0.00,0.00,0.00,0.00,0.00,0.00,0.00,0.00,0.00,0.00,0.00,0.00,0.00,0.00,0.00,"98,853.99",GRADO  III          ,0.00,"256,386.14",0.00,0.00,0.00,0.00,"201,642.00",0.00,0.00,30.00,14.00,0.00,0.00,0.00,0.00,0.00,0.00,0.00,0.00,0.00,0.00,0.00,"164,756.65",0.00,0.00,0.00,0.00,0.00,0.00,0.00,0.00,"10,472.12",0.00,0.00,0.00,0.00,0.00,0.00,0.00,0.00,0.00,0.00,0.00,0.00,0.00,0.00,"65,902.66",0.00,0.00,0.00,0.00,0.00,0.00,0.00,0.00,"6,000.00","3,600.00",0.00,900.00,0.00,0.00,"263,757.03","91,538.85","72,200.00",0.00,0.00,0.00,0.00,0.00,0.00,0.00,"72,200.00","36,100.00",0.00,0.00,0.00,0.00,0.00,0.00,0.00,0.00,0.00,0.00,0.00,"257,834.48",0.00,"91,538.85","80,184.34",0.00,"10,642.00",0.00,0.00,0.00,"39,541.59","10,169.29",0.00,0.00,0.00,0.00,0.00,0.00,0.00,0.00,0.00,0.00,0.00,0.00,0.00,"138,873.64","NIVEL a3,            ","231,093.75",0.00,0.00,0.00,0.00,0.00,1,Permanente Titular,SESOP                                                                                                                                                 ,MEDICO - Niv A3                              ,Asistenciales                                               ,01/05/2026,01/05/2026,11,21/05/1971,01/11/2023,DANYU 1/1-23,NULL,NULL,NULL,NULL,22195693,33,PERSONAL PLANTA SESOP,F     ,01/11/2023,10/06/2010,MEDICO,MEDICINA                      ,Universitario 5 años          ,1307791,DE    ,A26,0.00,0.00,0.00,0.00,0.00,0.00,0.00,0.00,0.00,0.00,0.00,0.00,0.00,0.00,0.00,0.00,0.00,0.00,0.00,0.00,0.00,0.00,0.00,0.00,0.00,0.00,0.00,0.00,0.00,0.00,0.00,0.00,0.00,0.00,0.00,0.00,0.00,0.00,0.00,0.00,0.00,0.00,0.00,0.00,"6,590.27",0.00,"4,762.61",0.00,"329,513.29",0.00,"47,456.70",0.00,0.00,0.00,0.00,SinDatos,0.00,RECIBO OK,0.00,0.00,0.00,0.00,0.00,0.00,0.00,0.00,0.00,0.00,0.00,0.00,0.00,0.00,0.00,0.00,0.00,0.00,0.00,0.00,0.00,0.00,0.00,0.00,0.00,0.00,0.00,0.00,0.00,0.00,0.00,0.00,0.00,0.00,0.00,0.00,0.00,0.00,0.00,0.00,0.00,0.00,0.00,0.00,0.00,0.00,0.00,0.00,0.00,0.00,0.00,"169,488.23",0.00,0.00,0.00,0.00,0.00,0.00,0.00,0.00,0.00,0.00,0.00,0.00,0.00,0.00,0.00,0.00,0.00,0.00,0.00,0.00,0.00,"164,756.64",0.00,0.00,0.00,0.00,0.00,0.00,0.00,0.00,0.00,0.00,0.00,0.00,0.00
NIVEL a3.                                          ,NEME ISAM                      ,20187149143,18714914,"3,600,959.96","335,763.18",0.00,"3,936,723.14","-592,089.52","-79,295.27","3,265,338.35","637,476.97",0.00,0.00,0.00,"4,574,200.11","4,574,200.11","3,265,338.35","395,255.76","208,009.62","180,008.26",45.00,0.00,0.00,0.00,0.00,"682,092.50",0.00,0.00,0.00,0.00,0.00,0.00,0.00,0.00,0.00,0.00,0.00,0.00,0.00,0.00,0.00,0.00,0.00,0.00,0.00,0.00,0.00,0.00,0.00,0.00,0.00,0.00,0.00,0.00,0.00,0.00,0.00,0.00,0.00,0.00,0.00,0.00,0.00,0.00,0.00,0.00,0.00,0.00,0.00,0.00,0.00,"240,011.02",GRADO  VI            ,0.00,0.00,0.00,0.00,0.00,"61,753.27","89,742.00",0.00,0.00,30.00,26.00,0.00,0.00,0.00,0.00,0.00,0.00,0.00,0.00,0.00,0.00,0.00,"200,009.19",0.00,0.00,0.00,0.00,0.00,"16,023.88",0.00,0.00,"10,472.12",0.00,0.00,0.00,0.00,0.00,0.00,0.00,0.00,0.00,0.00,0.00,0.00,0.00,0.00,"80,003.67",0.00,0.00,0.00,0.00,0.00,0.00,0.00,0.00,"6,000.00",0.00,0.00,900.00,0.00,0.00,"396,105.60","123,783.92",0.00,0.00,0.00,0.00,0.00,0.00,0.00,0.00,"72,200.00",0.00,0.00,0.00,0.00,0.00,0.00,0.00,0.00,0.00,0.00,0.00,0.00,"387,211.23",0.00,"131,349.04","118,916.70",0.00,"10,642.00",0.00,0.00,0.00,"48,002.20","10,169.29",0.00,0.00,0.00,0.00,0.00,0.00,0.00,0.00,0.00,0.00,0.00,0.00,0.00,"138,873.64","NIVEL a3,            ","305,592.97",0.00,0.00,0.00,0.00,0.00,1,Permanente Titular,SESOP                                                                                                                                                 ,JEFE SUPERVISOR MEDICO INTERIOR-Niv A3,Asistenciales                                               ,01/05/2026,01/05/2026,5,10/02/1964,01/08/2024,910/SPS/2024,NULL,NULL,NULL,NULL,194738,11,PERSONAL PLANTA SESOP,M     ,01/08/2024,15/08/2006,MEDICO,MEDICINA                      ,Universitario 5 años          ,1307791,DE    ,A26,0.00,0.00,0.00,0.00,0.00,0.00,0.00,0.00,0.00,0.00,0.00,0.00,0.00,0.00,0.00,0.00,0.00,0.00,0.00,0.00,0.00,0.00,0.00,0.00,0.00,0.00,0.00,0.00,0.00,0.00,0.00,0.00,0.00,0.00,0.00,0.00,0.00,0.00,0.00,0.00,0.00,0.00,0.00,0.00,"20,000.92",0.00,"4,762.61",0.00,"400,018.37",0.00,"47,456.70",0.00,0.00,0.00,0.00,SinDatos,0.00,RECIBO OK,0.00,0.00,0.00,0.00,0.00,0.00,0.00,0.00,0.00,0.00,0.00,0.00,0.00,0.00,0.00,0.00,0.00,0.00,0.00,0.00,0.00,0.00,0.00,0.00,0.00,0.00,0.00,0.00,0.00,0.00,0.00,0.00,0.00,0.00,0.00,0.00,0.00,0.00,0.00,0.00,0.00,0.00,0.00,0.00,0.00,0.00,0.00,0.00,0.00,0.00,0.00,"169,488.23",0.00,0.00,0.00,0.00,0.00,"168,113.75",0.00,0.00,0.00,0.00,0.00,0.00,0.00,0.00,0.00,0.00,0.00,0.00,0.00,0.00,"412,349.26","200,009.18",0.00,0.00,0.00,0.00,0.00,0.00,0.00,0.00,0.00,0.00,0.00,0.00,0.00
NIVEL a1.                                          ,NUÑEZ LUIS ANTONIO    ,20126589418,12658941,"3,075,429.83","294,324.42",0.00,"3,369,754.25","-727,232.34","-24,742.00","2,617,779.91","540,308.79",0.00,0.00,0.00,"3,910,063.04","3,910,063.04","2,617,779.91","373,890.58","106,022.84","170,393.94",45.00,0.00,0.00,0.00,0.00,"682,092.50",0.00,0.00,0.00,0.00,0.00,0.00,0.00,0.00,0.00,0.00,0.00,0.00,0.00,0.00,0.00,0.00,0.00,0.00,0.00,0.00,0.00,0.00,0.00,0.00,0.00,0.00,0.00,0.00,0.00,0.00,0.00,0.00,0.00,0.00,0.00,0.00,0.00,0.00,0.00,0.00,0.00,0.00,0.00,0.00,0.00,"113,595.96",GRADO  III          ,0.00,0.00,0.00,0.00,0.00,0.00,"313,542.00",0.00,0.00,30.00,14.00,0.00,0.00,0.00,0.00,0.00,0.00,0.00,0.00,0.00,0.00,0.00,"189,326.60",0.00,0.00,0.00,0.00,0.00,0.00,0.00,0.00,"10,472.12",0.00,0.00,0.00,0.00,0.00,0.00,0.00,0.00,0.00,0.00,0.00,0.00,0.00,0.00,"75,730.64",0.00,0.00,0.00,0.00,0.00,0.00,0.00,0.00,"6,000.00","7,200.00",0.00,900.00,0.00,0.00,"338,297.28","100,135.06","144,400.00",0.00,0.00,0.00,0.00,0.00,0.00,0.00,"72,200.00","72,200.00",0.00,0.00,0.00,0.00,0.00,0.00,0.00,0.00,0.00,0.00,0.00,"330,700.97",0.00,"107,700.18","101,907.64",0.00,"10,642.00",0.00,0.00,0.00,0.00,"10,169.29",0.00,0.00,0.00,0.00,0.00,0.00,0.00,0.00,0.00,0.00,0.00,0.00,0.00,"100,950.46","NIVEL a1,            ","276,582.07",0.00,0.00,0.00,0.00,0.00,2,Permanente Interino,SESOP                                                                                                                                                 ,SUPERVISOR-Niv A1,No Asistenciales,01/05/2026,01/05/2026,12,15/06/1959,01/07/2024,1157/SEAC-2024,1157/SEAC-2024: ASIG. FUNCIONES DE SUPERVISOR ADMINISTRATIVO.                                                                                                                                           ,NULL,NULL,NULL,12658941,31,PERSONAL PLANTA SESOP,M     ,01/07/2024,02/06/2011,CONTADOR PUBLICO NACIONAL,CONTABLE                      ,Universitario 5 años          ,1307791,DE    ,A26,0.00,0.00,0.00,0.00,0.00,0.00,0.00,0.00,0.00,0.00,0.00,0.00,0.00,0.00,0.00,0.00,0.00,0.00,0.00,0.00,0.00,0.00,0.00,0.00,0.00,0.00,0.00,0.00,0.00,0.00,0.00,0.00,0.00,0.00,0.00,0.00,0.00,0.00,0.00,0.00,0.00,0.00,0.00,0.00,"7,573.06",0.00,"4,762.61",0.00,"378,653.19",0.00,"47,971.25",0.00,0.00,0.00,0.00,SinDatos,0.00,RECIBO OK,0.00,0.00,0.00,0.00,0.00,0.00,0.00,0.00,0.00,0.00,0.00,0.00,0.00,0.00,0.00,0.00,0.00,0.00,0.00,0.00,0.00,0.00,0.00,0.00,0.00,0.00,0.00,0.00,0.00,0.00,0.00,0.00,0.00,0.00,0.00,0.00,0.00,0.00,0.00,0.00,0.00,0.00,0.00,0.00,0.00,0.00,0.00,0.00,0.00,0.00,0.00,"169,488.23",0.00,0.00,0.00,0.00,0.00,"168,113.75",0.00,0.00,0.00,0.00,0.00,0.00,0.00,0.00,0.00,0.00,0.00,0.00,0.00,0.00,"294,638.56","189,326.60",0.00,0.00,0.00,0.00,0.00,0.00,0.00,0.00,0.00,0.00,0.00,0.00,0.00
NIVEL d                                                     ,PAEZ PABLO ANTONIO    ,20247669192,24766919,"337,522.63","827,700.38",0.00,"1,165,223.01","-106,516.01","-24,292.45","1,034,414.55","89,261.04","66,900.32",0.00,"66,900.32","1,321,384.37","1,321,384.37","1,101,314.87","183,793.93","69,841.65",0.00,0.00,0.00,0.00,0.00,0.00,0.00,0.00,0.00,0.00,0.00,0.00,0.00,0.00,0.00,0.00,0.00,0.00,0.00,0.00,0.00,0.00,0.00,0.00,0.00,0.00,0.00,0.00,0.00,0.00,0.00,0.00,0.00,0.00,0.00,0.00,0.00,0.00,0.00,0.00,0.00,0.00,0.00,0.00,0.00,0.00,0.00,0.00,0.00,0.00,0.00,0.00,"73,517.57",GRADO  IV            ,"141,521.48",0.00,0.00,0.00,0.00,0.00,"71,742.00",0.00,0.00,30.00,19.00,0.00,0.00,0.00,0.00,0.00,0.00,0.00,0.00,"36,758.79",0.00,0.00,0.00,0.00,0.00,0.00,0.00,0.00,"16,023.88",0.00,"5,332.88",0.00,0.00,"6,750.45",0.00,0.00,0.00,0.00,0.00,0.00,0.00,0.00,0.00,0.00,0.00,0.00,"36,758.79",0.00,0.00,0.00,0.00,0.00,0.00,0.00,0.00,"6,000.00",0.00,0.00,900.00,0.00,0.00,"37,127.49","15,188.52",0.00,0.00,0.00,0.00,0.00,0.00,0.00,0.00,"54,200.00",0.00,0.00,0.00,0.00,0.00,0.00,0.00,0.00,0.00,0.00,0.00,0.00,"36,293.81",0.00,"15,188.52","37,778.71",0.00,"10,642.00",0.00,0.00,0.00,0.00,0.00,0.00,0.00,0.00,0.00,0.00,0.00,0.00,0.00,0.00,"91,896.96",0.00,"96,677.42",NIVEL d                ,0.00,0.00,0.00,0.00,0.00,0.00,0.00,0.00,1,Permanente Titular,SESOP                                                                                                                                                 ,ADMINISTRATIVO - NIVEL d,No Asistenciales,01/05/2026,01/05/2026,1,17/03/1976,01/11/2023,DANYU 1/1-23,NULL,NULL,NULL,NULL,24766919,7,PERSONAL PLANTA SESOP,M     ,01/11/2023,14/11/2023,BACHILLER,SECUNDARIO                    ,Secundario                    ,1307791,DE    ,A26,0.00,0.00,0.00,0.00,0.00,0.00,0.00,0.00,0.00,0.00,0.00,0.00,0.00,0.00,0.00,0.00,0.00,0.00,0.00,0.00,0.00,0.00,0.00,0.00,0.00,0.00,0.00,0.00,0.00,0.00,0.00,0.00,0.00,0.00,0.00,0.00,0.00,0.00,0.00,0.00,0.00,0.00,0.00,0.00,"5,513.82",0.00,0.00,"183,793.93",0.00,"22,202.96",0.00,0.00,0.00,0.00,"111,272.70",SinDatos,0.00,RECIBO OK,0.00,0.00,0.00,0.00,0.00,0.00,0.00,0.00,0.00,0.00,0.00,0.00,0.00,0.00,0.00,0.00,0.00,0.00,0.00,0.00,0.00,0.00,0.00,0.00,0.00,0.00,0.00,0.00,0.00,0.00,0.00,0.00,0.00,0.00,0.00,0.00,0.00,0.00,0.00,0.00,0.00,0.00,0.00,0.00,0.00,0.00,0.00,0.00,0.00,0.00,"169,488.23",0.00,0.00,0.00,0.00,0.00,0.00,0.00,0.00,0.00,0.00,0.00,0.00,0.00,0.00,0.00,0.00,0.00,0.00,0.00,0.00,0.00,0.00,0.00,0.00,0.00,0.00,0.00,0.00,0.00,0.00,0.00,0.00,0.00,0.00,0.00,0.00
NIVEL a3.                                          ,PALACIOS DORA ANDREA,27208891117,20889111,"2,526,296.41","258,042.23",0.00,"2,784,338.64","-447,959.59","-17,542.00","2,318,837.05","453,864.80",0.00,0.00,0.00,"3,238,203.44","3,238,203.44","2,318,837.05","324,750.68","79,083.24",0.00,0.00,0.00,0.00,0.00,0.00,0.00,0.00,0.00,0.00,0.00,0.00,0.00,0.00,0.00,0.00,0.00,0.00,0.00,0.00,0.00,0.00,0.00,0.00,0.00,0.00,0.00,0.00,0.00,0.00,"351,474.62",0.00,0.00,0.00,0.00,0.00,0.00,0.00,0.00,0.00,0.00,0.00,0.00,0.00,0.00,0.00,0.00,0.00,0.00,0.00,0.00,0.00,"98,853.99",GRADO  III          ,0.00,"256,386.14",0.00,0.00,0.00,0.00,"89,742.00",0.00,0.00,30.00,12.00,0.00,0.00,0.00,0.00,0.00,0.00,0.00,0.00,0.00,0.00,0.00,"164,756.65",0.00,0.00,0.00,0.00,0.00,0.00,0.00,0.00,"10,472.12",0.00,0.00,0.00,0.00,0.00,0.00,0.00,0.00,0.00,0.00,0.00,0.00,0.00,"8,112.06","65,902.66",0.00,0.00,0.00,0.00,0.00,0.00,0.00,0.00,"6,000.00",0.00,0.00,900.00,0.00,0.00,"277,892.61","97,866.98",0.00,0.00,0.00,0.00,0.00,0.00,0.00,0.00,"72,200.00",0.00,0.00,0.00,0.00,0.00,0.00,0.00,0.00,0.00,0.00,0.00,0.00,"271,652.65",0.00,"97,866.98","84,345.17",0.00,"10,642.00",0.00,0.00,0.00,"39,541.59","10,169.29",0.00,0.00,0.00,0.00,0.00,0.00,0.00,0.00,0.00,0.00,0.00,0.00,0.00,"138,873.64","NIVEL a3,            ","233,170.61",0.00,0.00,0.00,0.00,0.00,1,Permanente Titular,SESOP                                                                                                                                                 ,MEDICO - Niv A3                              ,Asistenciales                                               ,01/05/2026,01/05/2026,1,28/07/1969,01/11/2023,DCTO 1/1 2023,DCTO 1/1  ARTICULO 10 # DEL 30/10/2023 #CMR                                                                                                                                                            ,NULL,NULL,NULL,20889111,26,PERSONAL PLANTA SESOP,F     ,01/11/2023,13/11/2023,MEDICO,MEDICINA                      ,Universitario 5 años          ,1307791,DE    ,A26,0.00,0.00,0.00,0.00,0.00,0.00,0.00,0.00,0.00,0.00,0.00,0.00,0.00,0.00,0.00,0.00,0.00,0.00,0.00,0.00,0.00,0.00,0.00,0.00,0.00,0.00,0.00,0.00,0.00,0.00,0.00,0.00,0.00,0.00,0.00,0.00,0.00,0.00,0.00,0.00,0.00,0.00,0.00,0.00,"6,590.27",0.00,"4,762.61",0.00,"329,513.29",0.00,"47,456.70",0.00,0.00,0.00,0.00,SinDatos,0.00,RECIBO OK,0.00,0.00,0.00,0.00,0.00,0.00,0.00,0.00,0.00,0.00,0.00,0.00,0.00,0.00,0.00,0.00,0.00,0.00,0.00,0.00,0.00,0.00,0.00,0.00,0.00,0.00,0.00,0.00,0.00,0.00,0.00,0.00,0.00,0.00,0.00,0.00,0.00,0.00,0.00,0.00,0.00,0.00,0.00,0.00,0.00,"131,805.31",0.00,0.00,0.00,0.00,0.00,"169,488.23",0.00,0.00,0.00,0.00,0.00,0.00,0.00,0.00,0.00,0.00,0.00,0.00,0.00,0.00,0.00,0.00,0.00,0.00,0.00,0.00,0.00,"164,756.64",0.00,0.00,0.00,0.00,0.00,0.00,0.00,0.00,0.00,0.00,0.00,0.00,0.00
NIVEL d                                                     ,PAPA MARIA BELEN        ,27387445574,38744557,"230,334.04","822,782.34",0.00,"1,053,116.38","-71,801.77","-18,442.00","962,872.61","68,910.99","45,654.49",0.00,"45,654.49","1,167,681.86","1,167,681.86","1,008,527.10","183,793.93","11,027.63",0.00,0.00,0.00,0.00,0.00,0.00,0.00,0.00,0.00,0.00,0.00,0.00,0.00,0.00,0.00,0.00,0.00,0.00,0.00,0.00,0.00,0.00,0.00,0.00,0.00,0.00,0.00,0.00,0.00,0.00,0.00,0.00,0.00,0.00,0.00,0.00,0.00,0.00,0.00,0.00,0.00,0.00,0.00,0.00,0.00,0.00,0.00,0.00,0.00,0.00,0.00,0.00,0.00,0.00,"133,890.37",0.00,0.00,0.00,0.00,0.00,"54,542.00",0.00,0.00,30.00,3.00,0.00,0.00,0.00,0.00,0.00,0.00,0.00,0.00,"36,758.79",0.00,0.00,0.00,0.00,0.00,0.00,0.00,0.00,"16,023.88",0.00,"5,332.88",0.00,0.00,0.00,0.00,0.00,0.00,0.00,0.00,0.00,0.00,0.00,0.00,0.00,0.00,0.00,"36,758.79",0.00,0.00,0.00,0.00,0.00,0.00,0.00,0.00,"6,000.00",0.00,0.00,900.00,900.00,0.00,"25,336.74","10,365.03",0.00,0.00,0.00,0.00,0.00,0.00,0.00,0.00,"36,100.00",0.00,0.00,0.00,0.00,0.00,0.00,0.00,0.00,0.00,0.00,0.00,0.00,"24,767.82",0.00,"10,365.03","33,778.14",0.00,"10,642.00",0.00,0.00,0.00,0.00,0.00,0.00,0.00,0.00,0.00,0.00,0.00,0.00,0.00,0.00,"91,896.96",0.00,"96,677.42",NIVEL d                ,0.00,0.00,0.00,0.00,0.00,0.00,0.00,0.00,2,Permanente Interino,SESOP                                                                                                                                                 ,ADMINISTRATIVO - NIVEL d,No Asistenciales,01/05/2026,01/05/2026,2,23/03/1995,01/01/2026,1503/SPS/2025,PASE A PLANTA INTERINA.-                                                                                                                                                                                ,NULL,NULL,NULL,38744557,18,PERSONAL PLANTA SESOP,F     ,01/01/2026,17/11/2023,BACHILLER,SECUNDARIO                    ,Secundario                    ,1307791,DE    ,A26,0.00,0.00,0.00,0.00,0.00,0.00,0.00,0.00,0.00,0.00,0.00,0.00,0.00,0.00,0.00,0.00,0.00,0.00,0.00,0.00,0.00,0.00,0.00,0.00,0.00,0.00,0.00,0.00,0.00,0.00,0.00,0.00,0.00,0.00,0.00,0.00,0.00,0.00,0.00,0.00,0.00,0.00,0.00,0.00,0.00,0.00,0.00,"183,793.93",0.00,"22,202.96",0.00,0.00,0.00,0.00,"111,272.70",SinDatos,0.00,RECIBO OK,0.00,0.00,0.00,0.00,0.00,0.00,0.00,0.00,0.00,0.00,0.00,0.00,0.00,0.00,0.00,0.00,0.00,0.00,0.00,0.00,0.00,0.00,0.00,0.00,0.00,0.00,0.00,0.00,0.00,0.00,0.00,0.00,0.00,0.00,0.00,0.00,0.00,0.00,0.00,0.00,0.00,0.00,0.00,0.00,0.00,0.00,0.00,0.00,0.00,0.00,"169,488.23",0.00,0.00,0.00,0.00,0.00,0.00,0.00,0.00,0.00,0.00,0.00,0.00,0.00,0.00,0.00,0.00,0.00,0.00,0.00,0.00,0.00,0.00,0.00,0.00,0.00,0.00,0.00,0.00,0.00,0.00,0.00,0.00,0.00,0.00,0.00,0.00
NIVEL a3.                                          ,PETRONI ELENA BEATRIZ,27124148796,12414879,"2,554,721.57","242,240.49",0.00,"2,796,962.06","-468,181.84","-17,542.00","2,311,238.22","474,395.55",0.00,0.00,0.00,"3,271,357.61","3,271,357.61","2,311,238.22","395,255.76","208,009.62",0.00,0.00,0.00,0.00,0.00,0.00,0.00,0.00,0.00,0.00,0.00,0.00,0.00,0.00,0.00,0.00,0.00,0.00,0.00,0.00,0.00,0.00,0.00,0.00,0.00,0.00,0.00,0.00,0.00,0.00,0.00,0.00,0.00,0.00,0.00,0.00,0.00,0.00,0.00,0.00,0.00,0.00,0.00,0.00,0.00,0.00,0.00,0.00,0.00,0.00,0.00,0.00,"240,011.02",GRADO  VI            ,0.00,0.00,0.00,0.00,0.00,0.00,"89,742.00",0.00,0.00,30.00,26.00,0.00,0.00,0.00,0.00,0.00,0.00,0.00,0.00,0.00,0.00,0.00,"200,009.19",0.00,0.00,0.00,0.00,0.00,0.00,0.00,0.00,"10,472.12",0.00,0.00,0.00,0.00,0.00,0.00,0.00,0.00,0.00,0.00,0.00,0.00,0.00,0.00,"80,003.67",0.00,0.00,0.00,0.00,0.00,0.00,0.00,0.00,"6,000.00",0.00,0.00,900.00,0.00,0.00,"281,019.37","114,962.47",0.00,0.00,0.00,0.00,0.00,0.00,0.00,0.00,"72,200.00",0.00,0.00,0.00,0.00,0.00,0.00,0.00,0.00,0.00,0.00,0.00,0.00,"274,709.21",0.00,"114,962.47","84,723.87",0.00,"10,642.00",0.00,0.00,0.00,"48,002.20","10,169.29",0.00,0.00,0.00,0.00,0.00,0.00,0.00,0.00,0.00,0.00,0.00,0.00,0.00,"138,873.64","NIVEL a3,            ","212,070.28",0.00,0.00,0.00,0.00,0.00,1,Permanente Titular,SESOP                                                                                                                                                 ,MEDICO-Niv A3,Asistenciales                                               ,01/05/2026,01/05/2026,1,17/08/1956,01/11/2023,DCTO A. 1/1- 23,DECRETO ACUERDO Nª 1/1# ART 10 DEL 30/10/2023 # CMR                                                                                                                                                     ,NULL,NULL,NULL,12414879,15,PERSONAL PLANTA SESOP,F     ,01/11/2023,17/11/2023,MEDICINA DEL TRABAJO                                                                                ,MEDICINA                      ,Universitario 5 años          ,1307791,DE    ,A26,0.00,0.00,0.00,0.00,0.00,0.00,0.00,0.00,0.00,0.00,0.00,0.00,0.00,0.00,0.00,0.00,0.00,0.00,0.00,0.00,0.00,0.00,0.00,0.00,0.00,0.00,0.00,0.00,0.00,0.00,0.00,0.00,0.00,0.00,0.00,0.00,0.00,0.00,0.00,0.00,0.00,0.00,0.00,0.00,"20,000.92",0.00,"4,762.61",0.00,"400,018.37",0.00,"47,456.70",0.00,0.00,0.00,0.00,SinDatos,0.00,RECIBO OK,0.00,0.00,0.00,0.00,0.00,0.00,0.00,0.00,0.00,0.00,0.00,0.00,0.00,0.00,0.00,0.00,0.00,0.00,0.00,0.00,0.00,0.00,0.00,0.00,0.00,0.00,0.00,0.00,0.00,0.00,0.00,0.00,0.00,0.00,0.00,0.00,0.00,0.00,0.00,0.00,0.00,0.00,0.00,0.00,0.00,0.00,0.00,0.00,0.00,0.00,0.00,"169,488.23",0.00,0.00,0.00,0.00,0.00,0.00,0.00,0.00,0.00,0.00,0.00,0.00,0.00,0.00,0.00,0.00,0.00,0.00,0.00,0.00,"412,349.26","200,009.18",0.00,0.00,0.00,0.00,0.00,0.00,0.00,0.00,0.00,0.00,0.00,0.00,0.00
NIVEL d                                                     ,PONCE VERONICA ELIZABETH,27230159136,23015913,"1,233,158.94","132,126.14","162,720.00","1,528,005.08","-191,139.63","-17,542.00","1,319,323.45","229,867.29",0.00,0.00,0.00,"1,757,872.37","1,757,872.37","1,319,323.45","183,793.93","62,489.96",0.00,0.00,0.00,0.00,0.00,0.00,0.00,0.00,0.00,0.00,0.00,0.00,0.00,0.00,0.00,0.00,0.00,0.00,0.00,0.00,0.00,0.00,0.00,0.00,0.00,0.00,0.00,0.00,0.00,0.00,0.00,0.00,0.00,0.00,0.00,0.00,0.00,0.00,0.00,0.00,0.00,0.00,0.00,0.00,0.00,0.00,0.00,0.00,0.00,0.00,0.00,0.00,"73,517.57",GRADO  IV            ,0.00,"141,521.48",0.00,0.00,0.00,0.00,"17,542.00",0.00,0.00,30.00,17.00,0.00,0.00,0.00,0.00,0.00,0.00,0.00,0.00,"36,758.79",0.00,0.00,0.00,0.00,0.00,0.00,0.00,0.00,"16,023.88",0.00,0.00,"6,962.34",0.00,0.00,0.00,0.00,0.00,0.00,0.00,0.00,0.00,0.00,0.00,0.00,0.00,0.00,"36,758.79",0.00,0.00,0.00,0.00,0.00,0.00,0.00,0.00,"6,000.00",0.00,0.00,900.00,0.00,0.00,"135,647.48","55,492.15",0.00,0.00,0.00,0.00,0.00,0.00,0.00,0.00,0.00,0.00,0.00,0.00,0.00,0.00,0.00,0.00,0.00,0.00,0.00,0.00,0.00,"132,601.58",0.00,"55,492.15","41,773.56",0.00,"10,642.00",0.00,0.00,0.00,0.00,0.00,0.00,0.00,0.00,0.00,0.00,0.00,0.00,0.00,0.00,0.00,0.00,0.00,0.00,"96,677.42",NIVEL d                ,"126,612.32",0.00,0.00,0.00,0.00,0.00,1,Permanente Titular,SESOP                                                                                                                                                 ,ADMINISTRATIVO - NIVEL d,No Asistenciales,01/05/2026,01/05/2026,1,12/10/1972,01/11/2023,DCTO 1/1 2023,X DECRETO 1/1 ART 10 DEL 30/10/2023# CMR                                                                                                                                                                ,NULL,NULL,NULL,23015913,21,PERSONAL PLANTA SESOP,F     ,01/11/2023,14/11/2023,SECUNDARIO                                                  ,SECUNDARIO                    ,Secundario                    ,1307791,DE    ,A26,0.00,0.00,0.00,0.00,0.00,0.00,0.00,0.00,0.00,0.00,0.00,0.00,0.00,0.00,0.00,0.00,0.00,0.00,0.00,0.00,0.00,0.00,0.00,0.00,0.00,0.00,0.00,0.00,0.00,0.00,0.00,0.00,0.00,0.00,0.00,0.00,0.00,0.00,0.00,0.00,0.00,0.00,0.00,0.00,"5,513.82",0.00,0.00,0.00,"183,793.93",0.00,"22,202.96",0.00,0.00,0.00,0.00,SinDatos,0.00,RECIBO OK,0.00,0.00,0.00,0.00,"111,272.70",0.00,0.00,0.00,0.00,0.00,0.00,0.00,0.00,0.00,0.00,0.00,0.00,0.00,0.00,0.00,0.00,0.00,0.00,0.00,0.00,0.00,0.00,0.00,0.00,0.00,0.00,0.00,0.00,0.00,0.00,0.00,0.00,0.00,0.00,0.00,0.00,0.00,0.00,0.00,0.00,0.00,0.00,0.00,0.00,0.00,0.00,"169,488.23",0.00,0.00,0.00,0.00,0.00,0.00,0.00,0.00,0.00,0.00,0.00,0.00,0.00,0.00,0.00,0.00,0.00,0.00,0.00,0.00,0.00,"91,896.96",0.00,0.00,0.00,0.00,0.00,0.00,0.00,0.00,0.00,0.00,0.00,0.00,0.00
NIVEL a3.                                          ,SALDAÑO ADOLFO JOSE  ,20182033104,18203310,"2,650,749.12","242,240.49",0.00,"2,892,989.61","-699,666.11","-28,342.00","2,164,981.50","491,923.46",0.00,0.00,0.00,"3,384,913.07","3,384,913.07","2,164,981.50","395,255.76","208,009.62",0.00,0.00,0.00,0.00,0.00,0.00,0.00,0.00,0.00,0.00,0.00,0.00,0.00,0.00,0.00,0.00,0.00,0.00,0.00,0.00,0.00,0.00,0.00,0.00,0.00,0.00,0.00,0.00,0.00,0.00,0.00,0.00,0.00,0.00,0.00,0.00,0.00,0.00,0.00,0.00,0.00,0.00,0.00,0.00,0.00,0.00,0.00,0.00,0.00,0.00,0.00,0.00,"240,011.02",GRADO  VI            ,0.00,0.00,0.00,0.00,0.00,0.00,"317,142.00",0.00,0.00,30.00,26.00,0.00,0.00,0.00,0.00,0.00,0.00,0.00,0.00,0.00,0.00,0.00,"200,009.19",0.00,0.00,0.00,0.00,0.00,"16,023.88",0.00,0.00,"10,472.12",0.00,0.00,0.00,0.00,0.00,0.00,0.00,0.00,0.00,0.00,0.00,0.00,0.00,0.00,"80,003.67",0.00,0.00,0.00,0.00,0.00,0.00,0.00,0.00,"6,000.00","10,800.00",0.00,900.00,0.00,0.00,"291,582.40","119,283.71","144,400.00",0.00,0.00,0.00,0.00,0.00,0.00,0.00,"72,200.00","72,200.00",0.00,0.00,0.00,0.00,0.00,0.00,0.00,0.00,0.00,0.00,0.00,"285,035.05",0.00,"119,283.71","87,604.70",0.00,"10,642.00",0.00,0.00,0.00,"48,002.20","10,169.29",0.00,0.00,0.00,0.00,0.00,0.00,0.00,0.00,0.00,0.00,0.00,0.00,0.00,"138,873.64","NIVEL a3,            ","212,070.28",0.00,0.00,0.00,0.00,0.00,1,Permanente Titular,SESOP                                                                                                                                                 ,MEDICO-Niv A3,Asistenciales                                               ,01/05/2026,01/05/2026,1,21/04/1967,01/11/2023,DCTO 1/1 2023,DCTO 1/1  ARTICULO 10 # DEL 30/10/2023# CMR.                                                                                                                                                           ,NULL,NULL,NULL,18203310,3,PERSONAL PLANTA SESOP,M     ,01/11/2023,14/11/2023,MEDICO,MEDICINA                      ,Universitario 5 años          ,1307791,DE    ,A26,0.00,0.00,0.00,0.00,0.00,0.00,0.00,0.00,0.00,0.00,0.00,0.00,0.00,0.00,0.00,0.00,0.00,0.00,0.00,0.00,0.00,0.00,0.00,0.00,0.00,0.00,0.00,0.00,0.00,0.00,0.00,0.00,0.00,0.00,0.00,0.00,0.00,0.00,0.00,0.00,0.00,0.00,0.00,0.00,"20,000.92",0.00,"4,762.61",0.00,"400,018.37",0.00,"47,456.70",0.00,0.00,0.00,0.00,SinDatos,0.00,RECIBO OK,0.00,0.00,0.00,0.00,0.00,0.00,0.00,0.00,0.00,0.00,0.00,0.00,0.00,0.00,0.00,0.00,0.00,0.00,0.00,0.00,0.00,0.00,0.00,0.00,0.00,0.00,0.00,0.00,0.00,0.00,0.00,0.00,0.00,0.00,0.00,0.00,0.00,0.00,0.00,0.00,0.00,0.00,0.00,0.00,"80,003.67",0.00,0.00,0.00,0.00,0.00,0.00,"169,488.23",0.00,0.00,0.00,0.00,0.00,0.00,0.00,0.00,0.00,0.00,0.00,0.00,0.00,0.00,0.00,0.00,0.00,0.00,0.00,0.00,"412,349.26","200,009.18",0.00,0.00,0.00,0.00,0.00,0.00,0.00,0.00,0.00,0.00,0.00,0.00,0.00
NIVEL d                                                     ,SANCHEZ ADRIANA MONICA,27209075496,20907549,"1,382,144.27","152,983.51","41,600.00","1,576,727.78","-349,732.36","-55,984.89","1,171,010.53","257,687.30",0.00,0.00,0.00,"1,834,415.08","1,834,415.08","1,171,010.53","213,651.76","85,460.80",0.00,0.00,0.00,0.00,0.00,0.00,0.00,0.00,0.00,0.00,0.00,0.00,0.00,0.00,0.00,0.00,0.00,0.00,0.00,0.00,0.00,0.00,0.00,0.00,0.00,0.00,0.00,0.00,0.00,0.00,0.00,0.00,0.00,0.00,0.00,0.00,0.00,0.00,0.00,0.00,0.00,0.00,0.00,0.00,0.00,0.00,0.00,0.00,0.00,0.00,0.00,0.00,"85,460.70",GRADO  IV            ,0.00,0.00,0.00,0.00,0.00,0.00,"163,842.00",0.00,0.00,30.00,20.00,0.00,0.00,0.00,0.00,0.00,0.00,0.00,0.00,0.00,0.00,0.00,0.00,0.00,0.00,0.00,0.00,0.00,"16,023.88",0.00,0.00,"6,962.34",0.00,"27,642.89",0.00,0.00,0.00,0.00,0.00,0.00,0.00,0.00,0.00,0.00,0.00,0.00,"42,730.35",0.00,0.00,0.00,0.00,0.00,0.00,0.00,0.00,"6,000.00","10,800.00",0.00,900.00,0.00,0.00,"152,035.87","62,196.49","54,200.00",0.00,0.00,0.00,0.00,0.00,0.00,0.00,"54,200.00","27,100.00",0.00,0.00,0.00,0.00,0.00,0.00,0.00,0.00,0.00,0.00,0.00,"148,621.97",0.00,"62,196.49","46,868.84",0.00,"10,642.00",0.00,0.00,0.00,0.00,0.00,0.00,0.00,0.00,0.00,0.00,0.00,0.00,0.00,0.00,0.00,0.00,0.00,0.00,"96,677.42",NIVEL d                ,"144,437.44",0.00,0.00,0.00,0.00,0.00,1,Permanente Titular,SESOP                                                                                                                                                 ,ADMINISTRATIVO - NIVEL d,No Asistenciales,01/05/2026,01/05/2026,1,06/05/1969,01/11/2023,20907549,DCTO 1/1  ARTICULO 10 # DEL 30/10/2023# CMR.                                                                                                                                                           ,NULL,NULL,NULL,20907549,32,PERSONAL PLANTA SESOP,F     ,01/11/2023,NULL,NULL,NULL,NULL,1307791,DE    ,A26,0.00,0.00,0.00,0.00,0.00,0.00,0.00,0.00,0.00,0.00,0.00,0.00,0.00,0.00,0.00,0.00,0.00,0.00,0.00,0.00,0.00,0.00,0.00,0.00,0.00,0.00,0.00,0.00,0.00,0.00,0.00,0.00,0.00,0.00,0.00,0.00,0.00,0.00,0.00,0.00,0.00,0.00,0.00,0.00,"8,546.07",0.00,0.00,0.00,"213,651.76",0.00,"22,202.96",0.00,0.00,0.00,0.00,SinDatos,0.00,RECIBO OK,0.00,0.00,0.00,0.00,"111,272.70",0.00,0.00,0.00,0.00,0.00,0.00,0.00,0.00,0.00,0.00,0.00,0.00,0.00,0.00,0.00,0.00,0.00,0.00,0.00,0.00,0.00,0.00,0.00,0.00,0.00,0.00,0.00,0.00,0.00,0.00,0.00,0.00,0.00,0.00,0.00,0.00,0.00,0.00,0.00,0.00,0.00,0.00,0.00,0.00,0.00,0.00,"169,488.23",0.00,0.00,0.00,0.00,0.00,0.00,0.00,0.00,0.00,0.00,0.00,0.00,0.00,0.00,0.00,0.00,0.00,0.00,0.00,0.00,"192,286.80","106,825.88",0.00,0.00,0.00,0.00,0.00,0.00,0.00,0.00,0.00,0.00,0.00,0.00,0.00
NIVEL a3.                                          ,SENDIN MONICA MARIELA,27213387281,21338728,"2,048,875.86","199,708.21",0.00,"2,248,584.07","-371,775.75","-38,662.00","1,838,146.32","380,787.56",0.00,0.00,0.00,"2,629,371.63","2,629,371.63","1,838,146.32","324,750.68","98,854.05",0.00,0.00,0.00,0.00,0.00,0.00,0.00,0.00,0.00,0.00,0.00,0.00,0.00,0.00,0.00,0.00,0.00,0.00,0.00,0.00,0.00,0.00,0.00,0.00,0.00,0.00,0.00,0.00,0.00,0.00,0.00,0.00,0.00,0.00,0.00,0.00,0.00,0.00,0.00,0.00,0.00,0.00,0.00,0.00,0.00,0.00,0.00,0.00,0.00,0.00,0.00,0.00,"98,853.99",GRADO  III          ,0.00,"289,046.79",0.00,0.00,0.00,0.00,"71,742.00",0.00,0.00,30.00,15.00,0.00,0.00,0.00,0.00,0.00,0.00,0.00,0.00,0.00,0.00,0.00,"164,756.65",0.00,0.00,0.00,0.00,0.00,"16,023.88",0.00,0.00,"10,472.12",0.00,0.00,0.00,0.00,0.00,0.00,0.00,0.00,"21,120.00",0.00,0.00,0.00,0.00,0.00,"65,902.66",0.00,0.00,0.00,0.00,0.00,0.00,0.00,0.00,"6,000.00",0.00,0.00,900.00,0.00,0.00,"225,376.34","92,199.41",0.00,0.00,0.00,0.00,0.00,0.00,0.00,0.00,"54,200.00",0.00,0.00,0.00,0.00,0.00,0.00,0.00,0.00,0.00,0.00,0.00,0.00,"220,315.62",0.00,"92,199.41","68,272.53",0.00,"10,642.00",0.00,0.00,0.00,"39,541.59","10,169.29",0.00,0.00,0.00,0.00,0.00,0.00,0.00,0.00,0.00,0.00,0.00,0.00,0.00,"138,873.64","NIVEL a3,            ","179,653.52",0.00,0.00,0.00,0.00,0.00,1,Permanente Titular,SESOP                                                                                                                                                 ,MEDICO-Niv A3,Asistenciales                                               ,01/05/2026,01/05/2026,1,09/06/1970,01/11/2023,DCTO 1/1 2023,DCTO 1/1  ARTICULO 10 # DEL 30/10/2023# CMR.                                                                                                                                                           ,NULL,NULL,NULL,21338728,20,PERSONAL PLANTA SESOP,F     ,01/11/2023,14/11/2023,MEDICO,MEDICINA                      ,Universitario 5 años          ,1307791,DE    ,A26,0.00,0.00,0.00,0.00,0.00,0.00,0.00,0.00,0.00,0.00,0.00,0.00,0.00,0.00,0.00,0.00,0.00,0.00,0.00,0.00,0.00,0.00,0.00,0.00,0.00,0.00,0.00,0.00,0.00,0.00,0.00,0.00,0.00,0.00,0.00,0.00,0.00,0.00,0.00,0.00,0.00,0.00,0.00,0.00,"9,885.40",0.00,"4,762.61",0.00,"329,513.29",0.00,"47,456.70",0.00,0.00,0.00,0.00,SinDatos,0.00,RECIBO OK,0.00,0.00,0.00,0.00,0.00,0.00,0.00,0.00,0.00,0.00,0.00,0.00,0.00,0.00,0.00,0.00,0.00,0.00,0.00,0.00,0.00,0.00,0.00,0.00,0.00,0.00,0.00,0.00,0.00,0.00,0.00,0.00,0.00,0.00,0.00,0.00,0.00,0.00,0.00,0.00,0.00,0.00,0.00,0.00,"65,902.66",0.00,0.00,0.00,0.00,0.00,0.00,"169,488.23",0.00,0.00,0.00,0.00,0.00,0.00,0.00,0.00,0.00,0.00,0.00,0.00,0.00,0.00,0.00,0.00,0.00,0.00,0.00,0.00,0.00,"164,756.64",0.00,0.00,0.00,0.00,0.00,0.00,0.00,0.00,0.00,0.00,0.00,0.00,0.00
NIVEL a1.                                          ,SOTELO CLAUDIO ALEJANDRO,20282239206,28223920,"602,980.66","1,413,688.94",0.00,"2,016,669.60","-228,962.00","-33,201.61","1,754,505.99","156,873.24","119,516.73",0.00,"119,516.73","2,293,059.57","2,293,059.57","1,874,022.72","311,931.57","95,008.33",0.00,0.00,0.00,0.00,0.00,0.00,0.00,0.00,0.00,0.00,0.00,0.00,0.00,0.00,0.00,0.00,0.00,0.00,0.00,0.00,0.00,0.00,0.00,0.00,0.00,0.00,0.00,0.00,0.00,0.00,0.00,0.00,0.00,0.00,0.00,0.00,0.00,0.00,0.00,0.00,0.00,0.00,0.00,0.00,0.00,0.00,0.00,0.00,0.00,0.00,0.00,0.00,"95,008.26",GRADO  III          ,"277,818.82",0.00,0.00,0.00,0.00,0.00,"156,642.00",0.00,0.00,30.00,15.00,0.00,0.00,0.00,0.00,0.00,0.00,0.00,0.00,0.00,0.00,0.00,"158,347.09",0.00,0.00,0.00,0.00,0.00,"16,023.88",0.00,"8,298.63",0.00,0.00,"12,059.61",0.00,0.00,0.00,0.00,0.00,0.00,0.00,0.00,0.00,0.00,0.00,0.00,"63,338.84",0.00,0.00,0.00,0.00,0.00,0.00,0.00,0.00,"6,000.00","3,600.00",0.00,900.00,0.00,0.00,"66,327.87","27,134.13","54,200.00",0.00,0.00,0.00,0.00,0.00,0.00,0.00,"54,200.00","27,100.00",0.00,0.00,0.00,0.00,0.00,0.00,0.00,0.00,0.00,0.00,0.00,"64,838.51",0.00,"27,134.13","64,900.60",0.00,"10,642.00",0.00,0.00,0.00,0.00,"10,169.29",0.00,0.00,0.00,0.00,0.00,0.00,0.00,0.00,0.00,"158,347.09",0.00,"100,950.46","NIVEL a1,            ",0.00,0.00,0.00,0.00,0.00,0.00,0.00,0.00,1,Permanente Titular,SESOP                                                                                                                                                 ,ADMINISTRATIVO-Niv A1,No Asistenciales,01/05/2026,01/05/2026,23,08/10/1980,01/12/2023,777/SPS 11/23,NULL,NULL,NULL,NULL,28223920,38,PERSONAL PLANTA SESOP,M     ,01/12/2023,16/02/2022,INGENIERO EN SISTEMAS,INGENIERO                     ,Universitario 5 años          ,1307791,DE    ,A26,0.00,0.00,0.00,0.00,0.00,0.00,0.00,0.00,0.00,0.00,0.00,0.00,0.00,0.00,0.00,0.00,0.00,0.00,0.00,0.00,0.00,0.00,0.00,0.00,0.00,0.00,0.00,0.00,0.00,0.00,0.00,0.00,0.00,0.00,0.00,0.00,0.00,0.00,0.00,0.00,0.00,0.00,0.00,0.00,"9,500.83",0.00,"4,762.61","316,694.18",0.00,"43,388.98",0.00,0.00,0.00,0.00,0.00,SinDatos,0.00,RECIBO OK,0.00,0.00,0.00,0.00,0.00,0.00,0.00,0.00,0.00,0.00,0.00,0.00,0.00,"319,032.43",0.00,0.00,0.00,0.00,0.00,0.00,0.00,0.00,0.00,0.00,0.00,0.00,0.00,0.00,0.00,0.00,0.00,0.00,0.00,0.00,0.00,0.00,0.00,0.00,0.00,0.00,0.00,0.00,0.00,0.00,0.00,0.00,0.00,0.00,0.00,0.00,"169,488.23",0.00,0.00,0.00,0.00,0.00,0.00,0.00,0.00,0.00,0.00,0.00,0.00,0.00,0.00,0.00,0.00,0.00,0.00,0.00,0.00,0.00,0.00,0.00,0.00,0.00,0.00,0.00,0.00,0.00,0.00,0.00,0.00,0.00,0.00,0.00,0.00
NIVEL a3.                                          ,SULAIMAN CLAUDIA INES,27220306513,22030651,"2,570,056.69","234,136.96",0.00,"2,804,193.65","-398,358.79","-62,043.13","2,343,791.73","476,951.56",0.00,0.00,0.00,"3,281,145.21","3,281,145.21","2,343,791.73","395,255.76","144,006.66",0.00,0.00,0.00,0.00,0.00,0.00,0.00,0.00,0.00,0.00,0.00,0.00,0.00,0.00,0.00,0.00,0.00,0.00,0.00,0.00,0.00,0.00,0.00,0.00,0.00,0.00,0.00,0.00,0.00,0.00,0.00,0.00,0.00,0.00,0.00,0.00,0.00,0.00,0.00,0.00,0.00,0.00,0.00,0.00,0.00,0.00,0.00,0.00,0.00,0.00,0.00,0.00,"160,007.35",GRADO  IV            ,0.00,0.00,0.00,0.00,0.00,0.00,"10,642.00",0.00,0.00,30.00,18.00,0.00,0.00,0.00,0.00,0.00,0.00,0.00,0.00,0.00,0.00,0.00,"200,009.19",0.00,0.00,0.00,0.00,0.00,0.00,0.00,0.00,"10,472.12",0.00,"51,401.13",0.00,0.00,0.00,0.00,0.00,0.00,0.00,0.00,0.00,0.00,0.00,0.00,"80,003.67",0.00,0.00,0.00,0.00,0.00,0.00,0.00,0.00,0.00,0.00,0.00,0.00,0.00,0.00,"282,706.24","115,652.55",0.00,0.00,0.00,0.00,0.00,0.00,0.00,0.00,0.00,0.00,0.00,0.00,0.00,0.00,0.00,0.00,0.00,0.00,0.00,0.00,0.00,"276,358.19",0.00,"115,652.55","84,940.82",0.00,"10,642.00",0.00,0.00,0.00,"48,002.20","10,169.29",0.00,0.00,0.00,0.00,0.00,0.00,0.00,0.00,0.00,0.00,0.00,0.00,0.00,"138,873.64","NIVEL a3,            ","211,967.12",0.00,0.00,0.00,0.00,0.00,1,Permanente Titular,SESOP                                                                                                                                                 ,MEDICO-Niv A3,Asistenciales                                               ,01/05/2026,01/05/2026,4,03/02/1971,01/11/2023,DCTO 1/1 2023,DCTO 1/1  ARTICULO 10 # DEL 30/10/2023# CMR.                                                                                                                                                           ,NULL,NULL,NULL,22030651,22,PERSONAL PLANTA SESOP,F     ,01/11/2023,01/03/2008,SIN DATOS                                                                                           ,SIN DATOS                     ,Ninguno                       ,1307791,DE    ,A26,0.00,0.00,0.00,0.00,0.00,0.00,0.00,0.00,0.00,0.00,0.00,0.00,0.00,0.00,0.00,0.00,0.00,0.00,0.00,0.00,0.00,0.00,0.00,0.00,0.00,0.00,0.00,0.00,0.00,0.00,0.00,0.00,0.00,0.00,0.00,0.00,0.00,0.00,0.00,0.00,0.00,0.00,0.00,0.00,"12,000.55",0.00,"4,762.61",0.00,"400,018.37",0.00,"53,151.51",0.00,0.00,0.00,0.00,SinDatos,0.00,RECIBO OK,0.00,0.00,0.00,0.00,0.00,0.00,0.00,0.00,0.00,0.00,0.00,0.00,0.00,0.00,0.00,0.00,0.00,0.00,0.00,0.00,0.00,0.00,0.00,0.00,0.00,0.00,0.00,0.00,0.00,0.00,0.00,0.00,0.00,0.00,0.00,0.00,0.00,0.00,0.00,0.00,0.00,0.00,0.00,0.00,"160,007.35",0.00,0.00,0.00,0.00,0.00,0.00,"169,488.23",0.00,0.00,0.00,0.00,0.00,0.00,0.00,0.00,0.00,0.00,0.00,0.00,0.00,0.00,0.00,0.00,0.00,0.00,0.00,0.00,"350,893.36","200,009.18",0.00,0.00,0.00,0.00,0.00,0.00,0.00,0.00,0.00,0.00,0.00,0.00,0.00
NIVEL a3.                                          ,VERA SANDRA ALICIA    ,23170743784,17074378,"2,484,092.80","237,213.30","83,200.00","2,804,506.10","-565,534.39","-21,142.00","2,217,829.71","461,352.87",0.00,0.00,0.00,"3,265,858.97","3,265,858.97","2,217,829.71","395,255.76","184,008.51",0.00,0.00,0.00,0.00,0.00,0.00,0.00,0.00,0.00,0.00,0.00,0.00,0.00,0.00,0.00,0.00,0.00,0.00,0.00,0.00,0.00,0.00,0.00,0.00,0.00,0.00,0.00,0.00,0.00,0.00,0.00,0.00,0.00,0.00,0.00,0.00,0.00,0.00,0.00,0.00,0.00,0.00,0.00,0.00,0.00,0.00,0.00,0.00,0.00,0.00,0.00,0.00,"200,009.18",GRADO  V              ,0.00,0.00,0.00,0.00,0.00,0.00,"201,642.00",0.00,0.00,30.00,23.00,0.00,0.00,0.00,0.00,0.00,0.00,0.00,0.00,0.00,0.00,0.00,"200,009.19",0.00,0.00,0.00,0.00,0.00,0.00,0.00,0.00,"10,472.12",0.00,0.00,0.00,0.00,0.00,0.00,0.00,0.00,0.00,0.00,0.00,0.00,0.00,0.00,"80,003.67",0.00,0.00,0.00,0.00,0.00,0.00,0.00,0.00,"6,000.00","3,600.00",0.00,900.00,0.00,0.00,"273,250.21","111,784.18","72,200.00",0.00,0.00,0.00,0.00,0.00,0.00,0.00,"72,200.00","36,100.00",0.00,0.00,0.00,0.00,0.00,0.00,0.00,0.00,0.00,0.00,0.00,"267,114.50",0.00,"111,784.18","82,454.19",0.00,"10,642.00",0.00,0.00,0.00,"48,002.20","10,169.29",0.00,0.00,0.00,0.00,0.00,0.00,0.00,0.00,0.00,0.00,0.00,0.00,0.00,"138,873.64","NIVEL a3,            ","211,043.28",0.00,0.00,0.00,0.00,0.00,1,Permanente Titular,SESOP                                                                                                                                                 ,MEDICO-Niv A3,Asistenciales                                               ,01/05/2026,01/05/2026,1,17/09/1964,01/11/2023,Dcto 1/1 2023,DCTO 1/1  ARTICULO 10 # DEL 30/10/2023# CMR.                                                                                                                                                           ,NULL,NULL,NULL,17074378,28,PERSONAL PLANTA SESOP,F     ,01/11/2023,14/11/2023,MEDICO,MEDICINA                      ,Universitario 5 años          ,1307791,DE    ,A26,0.00,0.00,0.00,0.00,0.00,0.00,0.00,0.00,0.00,0.00,0.00,0.00,0.00,0.00,0.00,0.00,0.00,0.00,0.00,0.00,0.00,0.00,0.00,0.00,0.00,0.00,0.00,0.00,0.00,0.00,0.00,0.00,0.00,0.00,0.00,0.00,0.00,0.00,0.00,0.00,0.00,0.00,0.00,0.00,"16,000.73",0.00,"4,762.61",0.00,"400,018.37",0.00,"47,456.70",0.00,0.00,0.00,0.00,SinDatos,0.00,RECIBO OK,0.00,0.00,0.00,0.00,0.00,0.00,0.00,0.00,0.00,0.00,0.00,0.00,0.00,0.00,0.00,0.00,0.00,0.00,0.00,0.00,0.00,0.00,0.00,0.00,0.00,0.00,0.00,0.00,0.00,0.00,0.00,0.00,0.00,0.00,0.00,0.00,0.00,0.00,0.00,0.00,0.00,0.00,0.00,0.00,0.00,0.00,0.00,0.00,0.00,0.00,0.00,"169,488.23",0.00,0.00,0.00,0.00,0.00,0.00,0.00,0.00,0.00,0.00,0.00,0.00,0.00,0.00,0.00,0.00,0.00,0.00,0.00,0.00,"402,437.02","200,009.18",0.00,0.00,0.00,0.00,0.00,0.00,0.00,0.00,0.00,0.00,0.00,0.00,0.00
NIVEL a3.                                          ,VERGARA HECTOR MARTIN,23209912619,20991261,"2,849,061.24","272,177.84",0.00,"3,121,239.08","-497,442.75","-38,662.00","2,585,134.33","512,657.74",0.00,0.00,0.00,"3,633,896.82","3,633,896.82","2,585,134.33","395,255.76","136,006.29",0.00,0.00,0.00,0.00,0.00,0.00,0.00,0.00,0.00,0.00,0.00,0.00,0.00,0.00,0.00,0.00,0.00,0.00,0.00,0.00,0.00,0.00,0.00,0.00,0.00,0.00,0.00,0.00,0.00,0.00,"363,594.43",0.00,0.00,0.00,0.00,0.00,0.00,0.00,0.00,0.00,0.00,0.00,0.00,0.00,0.00,0.00,0.00,0.00,0.00,0.00,0.00,0.00,"160,007.35",GRADO  IV            ,0.00,0.00,0.00,0.00,0.00,0.00,"89,742.00",0.00,0.00,30.00,17.00,0.00,0.00,0.00,0.00,0.00,0.00,0.00,0.00,0.00,0.00,0.00,"200,009.19",0.00,0.00,0.00,0.00,0.00,"16,023.88",0.00,0.00,"10,472.12",0.00,0.00,0.00,0.00,0.00,0.00,0.00,0.00,"21,120.00",0.00,0.00,0.00,0.00,0.00,"80,003.67",0.00,0.00,0.00,0.00,0.00,0.00,0.00,0.00,"6,000.00",0.00,0.00,900.00,0.00,0.00,"313,396.74","111,846.01",0.00,0.00,0.00,0.00,0.00,0.00,0.00,0.00,"72,200.00",0.00,0.00,0.00,0.00,0.00,0.00,0.00,0.00,0.00,0.00,0.00,0.00,"306,359.55",0.00,"111,846.01","94,452.18",0.00,"10,642.00",0.00,0.00,0.00,"48,002.20","10,169.29",0.00,0.00,0.00,0.00,0.00,0.00,0.00,0.00,0.00,0.00,0.00,0.00,0.00,"138,873.64","NIVEL a3,            ","250,008.00",0.00,0.00,0.00,0.00,0.00,1,Permanente Titular,SESOP                                                                                                                                                 ,MEDICO-Niv A3,Asistenciales                                               ,01/05/2026,01/05/2026,1,17/08/1969,01/11/2023,Dcto 1/1  2023,DCTO 1/1  ARTICULO 10 # DEL 30/10/2023# CMR.                                                                                                                                                           ,NULL,NULL,NULL,20991261,25,PERSONAL PLANTA SESOP,M     ,01/11/2023,14/11/2023,MEDICO,MEDICINA                      ,Universitario 5 años          ,1307791,DE    ,A26,0.00,0.00,0.00,0.00,0.00,0.00,0.00,0.00,0.00,0.00,0.00,0.00,0.00,0.00,0.00,0.00,0.00,0.00,0.00,0.00,0.00,0.00,0.00,0.00,0.00,0.00,0.00,0.00,0.00,0.00,0.00,0.00,0.00,0.00,0.00,0.00,0.00,0.00,0.00,0.00,0.00,0.00,0.00,0.00,"12,000.55",0.00,"4,762.61",0.00,"400,018.37",0.00,"47,456.70",0.00,0.00,0.00,0.00,SinDatos,0.00,RECIBO OK,0.00,0.00,0.00,0.00,0.00,0.00,0.00,0.00,0.00,0.00,0.00,0.00,0.00,0.00,0.00,0.00,0.00,0.00,0.00,0.00,0.00,0.00,0.00,0.00,0.00,0.00,0.00,0.00,0.00,0.00,0.00,0.00,0.00,0.00,0.00,0.00,0.00,0.00,0.00,0.00,0.00,0.00,0.00,0.00,"80,003.67",0.00,0.00,0.00,0.00,0.00,0.00,"169,488.23",0.00,0.00,0.00,0.00,0.00,0.00,0.00,0.00,0.00,0.00,0.00,0.00,0.00,0.00,0.00,0.00,0.00,0.00,0.00,0.00,"350,893.36","200,009.18",0.00,0.00,0.00,0.00,0.00,0.00,0.00,0.00,0.00,0.00,0.00,0.00,0.00
NIVEL a3.                                          ,YAZBEK DE NOFAL ETHEL INES DEL CARMEN,27127901851,12790185,"1,920,835.14","210,836.16",0.00,"2,131,671.30","-297,729.45","-10,642.00","1,823,299.85","357,750.14",0.00,0.00,0.00,"2,489,421.44","2,489,421.44","1,823,299.85","324,750.68",0.00,0.00,0.00,0.00,0.00,0.00,0.00,0.00,0.00,0.00,0.00,0.00,0.00,0.00,0.00,0.00,0.00,0.00,0.00,0.00,0.00,0.00,0.00,0.00,0.00,0.00,0.00,0.00,0.00,0.00,0.00,0.00,0.00,0.00,0.00,0.00,0.00,0.00,0.00,0.00,0.00,0.00,0.00,0.00,0.00,0.00,0.00,0.00,0.00,0.00,0.00,0.00,0.00,0.00,0.00,0.00,"346,202.93",0.00,0.00,0.00,0.00,"10,642.00",0.00,0.00,30.00,0.00,0.00,0.00,0.00,0.00,0.00,0.00,0.00,0.00,0.00,0.00,0.00,"164,756.65",0.00,0.00,0.00,0.00,0.00,"16,023.88",0.00,0.00,"10,472.12",0.00,0.00,0.00,0.00,0.00,0.00,0.00,0.00,0.00,0.00,0.00,0.00,0.00,0.00,"65,902.66",0.00,0.00,0.00,0.00,0.00,0.00,0.00,0.00,0.00,0.00,0.00,0.00,0.00,0.00,"211,291.87","86,437.58",0.00,0.00,0.00,0.00,0.00,0.00,0.00,0.00,0.00,0.00,0.00,0.00,0.00,0.00,0.00,0.00,0.00,0.00,0.00,0.00,0.00,"206,547.41",0.00,"86,437.58","64,765.15",0.00,"10,642.00",0.00,0.00,0.00,"39,541.59","10,169.29",0.00,0.00,0.00,0.00,0.00,0.00,0.00,0.00,0.00,0.00,0.00,0.00,0.00,"138,873.64","NIVEL a3,            ","200,666.87",0.00,0.00,0.00,0.00,0.00,6,Reemplazante no permanente,SESOP                                                                                                                                                 ,MEDICO - Niv A3                              ,Asistenciales                                               ,01/05/2026,01/05/2026,2,06/12/1958,01/06/2025,RESUMEN MENSUAL,NULL,NULL,NULL,NULL,12790185,4,PERSONAL PLANTA SESOP,F     ,01/06/2025,13/11/2023,MEDICO,MEDICINA                      ,Universitario 5 años          ,1307791,DE    ,A26,0.00,0.00,0.00,0.00,0.00,0.00,0.00,0.00,0.00,0.00,0.00,0.00,0.00,0.00,0.00,0.00,0.00,0.00,0.00,0.00,0.00,0.00,0.00,0.00,0.00,0.00,0.00,0.00,0.00,0.00,0.00,0.00,0.00,0.00,0.00,0.00,0.00,0.00,0.00,0.00,0.00,0.00,0.00,0.00,0.00,0.00,"4,762.61",0.00,"329,513.29",0.00,"53,151.51",0.00,0.00,0.00,0.00,SinDatos,0.00,RECIBO OK,0.00,0.00,0.00,0.00,0.00,0.00,0.00,0.00,0.00,0.00,0.00,0.00,0.00,0.00,0.00,0.00,0.00,0.00,0.00,0.00,0.00,0.00,0.00,0.00,0.00,0.00,0.00,0.00,0.00,0.00,0.00,0.00,0.00,0.00,0.00,0.00,0.00,0.00,0.00,0.00,0.00,0.00,0.00,0.00,0.00,0.00,0.00,0.00,0.00,0.00,0.00,"169,488.23",0.00,0.00,0.00,0.00,0.00,0.00,0.00,0.00,0.00,0.00,0.00,0.00,0.00,0.00,0.00,0.00,0.00,0.00,0.00,0.00,0.00,"164,756.64",0.00,0.00,0.00,0.00,0.00,0.00,0.00,0.00,0.00,0.00,0.00,0.00,0.00
NIVEL d                                                     ,ZEBALLOS ROBERTI ALVARO JULIAN,27438483697,43848369,"218,009.71","928,436.58",0.00,"1,146,446.29","-66,291.51","-18,442.00","1,061,712.78","68,486.78","43,211.69",0.00,"43,211.69","1,258,144.76","1,258,144.76","1,104,924.47","180,802.80",0.00,0.00,0.00,0.00,0.00,0.00,0.00,0.00,0.00,0.00,0.00,0.00,0.00,0.00,0.00,0.00,0.00,0.00,0.00,0.00,0.00,0.00,0.00,0.00,0.00,0.00,0.00,0.00,0.00,0.00,0.00,0.00,0.00,0.00,0.00,0.00,0.00,0.00,0.00,0.00,0.00,0.00,0.00,0.00,0.00,0.00,0.00,0.00,0.00,0.00,0.00,0.00,0.00,0.00,0.00,"131,711.39",0.00,0.00,0.00,0.00,0.00,"50,942.00",0.00,0.00,30.00,0.00,0.00,0.00,0.00,0.00,0.00,0.00,0.00,0.00,"36,160.56",0.00,0.00,0.00,0.00,0.00,0.00,0.00,0.00,"16,023.88",0.00,"5,332.88",0.00,0.00,0.00,0.00,0.00,0.00,0.00,0.00,0.00,0.00,0.00,0.00,0.00,0.00,0.00,"36,160.56",0.00,0.00,0.00,0.00,0.00,0.00,0.00,0.00,"6,000.00",0.00,0.00,900.00,900.00,0.00,"23,981.07","9,810.44",0.00,0.00,0.00,0.00,0.00,0.00,0.00,0.00,"32,500.00",0.00,0.00,0.00,0.00,0.00,0.00,0.00,0.00,0.00,0.00,0.00,0.00,"22,171.59",0.00,"9,810.44","36,504.75",0.00,"10,642.00",0.00,0.00,0.00,0.00,0.00,0.00,0.00,0.00,0.00,0.00,0.00,0.00,0.00,0.00,"90,401.40",0.00,"96,677.42",NIVEL d                ,0.00,0.00,0.00,0.00,0.00,0.00,0.00,0.00,6,Reemplazante no permanente,SESOP                                                                                                                                                 ,ADMINISTRATIVO - NIVEL d,No Asistenciales,01/04/2026,01/05/2026,7,06/02/2002,01/04/2026,CARGA MANUAL,COB.-                                                                                                                                                                                                   ,30/04/2026,CP,NULL,27438483697,19,PERSONAL PLANTA SESOP,F     ,01/04/2026,08/10/2025,SECUNDARIO                                                  ,SECUNDARIO                    ,Secundario                    ,1307791,DE    ,A26,0.00,0.00,0.00,0.00,0.00,0.00,0.00,0.00,0.00,0.00,0.00,0.00,0.00,0.00,0.00,0.00,0.00,0.00,0.00,0.00,0.00,0.00,0.00,0.00,0.00,0.00,0.00,0.00,0.00,0.00,0.00,0.00,0.00,0.00,0.00,0.00,0.00,0.00,0.00,0.00,0.00,0.00,0.00,0.00,0.00,0.00,0.00,"180,802.80",0.00,"24,867.31",0.00,0.00,0.00,"117,882.45","111,272.70",SinDatos,0.00,RECIBO OK,0.00,0.00,0.00,0.00,0.00,0.00,0.00,0.00,0.00,0.00,0.00,0.00,0.00,0.00,0.00,0.00,0.00,0.00,0.00,0.00,0.00,0.00,0.00,0.00,0.00,0.00,0.00,0.00,0.00,0.00,0.00,0.00,0.00,0.00,0.00,0.00,0.00,0.00,0.00,0.00,0.00,0.00,0.00,0.00,0.00,0.00,0.00,0.00,0.00,0.00,"169,488.23",0.00,0.00,0.00,0.00,0.00,0.00,0.00,0.00,0.00,0.00,0.00,0.00,0.00,0.00,0.00,0.00,0.00,0.00,0.00,0.00,0.00,0.00,0.00,0.00,0.00,0.00,0.00,0.00,0.00,0.00,0.00,0.00,0.00,0.00,0.00,0.00